CASE_ID,ACCIDENT_YEAR,PROC_DATE,JURIS,COLLISION_DATE,COLLISION_TIME,OFFICER_ID,REPORTING_DISTRICT,DAY_OF_WEEK,CHP_SHIFT,POPULATION,CNTY_CITY_LOC,SPECIAL_COND,BEAT_TYPE,CHP_BEAT_TYPE,CITY_DIVISION_LAPD,CHP_BEAT_CLASS,BEAT_NUMBER,PRIMARY_RD,SECONDARY_RD,DISTANCE,DIRECTION,INTERSECTION,WEATHER_1,WEATHER_2,STATE_HWY_IND,CALTRANS_COUNTY,CALTRANS_DISTRICT,STATE_ROUTE,ROUTE_SUFFIX,POSTMILE_PREFIX,POSTMILE,LOCATION_TYPE,RAMP_INTERSECTION,SIDE_OF_HWY,TOW_AWAY,COLLISION_SEVERITY,NUMBER_KILLED,NUMBER_INJURED,PARTY_COUNT,PRIMARY_COLL_FACTOR,PCF_CODE_OF_VIOL,PCF_VIOL_CATEGORY,PCF_VIOLATION,PCF_VIOL_SUBSECTION,HIT_AND_RUN,TYPE_OF_COLLISION,MVIW,PED_ACTION,ROAD_SURFACE,ROAD_COND_1,ROAD_COND_2,LIGHTING,CONTROL_DEVICE,CHP_ROAD_TYPE,PEDESTRIAN_ACCIDENT,BICYCLE_ACCIDENT,MOTORCYCLE_ACCIDENT,TRUCK_ACCIDENT,NOT_PRIVATE_PROPERTY,ALCOHOL_INVOLVED,STWD_VEHTYPE_AT_FAULT,CHP_VEHTYPE_AT_FAULT,COUNT_SEVERE_INJ,COUNT_VISIBLE_INJ,COUNT_COMPLAINT_PAIN,COUNT_PED_KILLED,COUNT_PED_INJURED,COUNT_BICYCLIST_KILLED,COUNT_BICYCLIST_INJURED,COUNT_MC_KILLED,COUNT_MC_INJURED,PRIMARY_RAMP,SECONDARY_RAMP,LATITUDE,LONGITUDE,COUNTY,CITY,POINT_X,POINT_Y
91825172,2022,2022-07-26,9840,2022-07-05,0045,021943,,2,3,7,3313,0,1,1,,2,023,"INTERSTATE 215 SOUTHBOUND","MARTIN LUTHER KING BOULEVARD",2800.00,S,N,A,-,Y,RIV,,215,,,40.335,H,,L,Y,2,0,2,2,A,-,01,23152,A,N,C,C,A,A,H,-,C,D,0,,,,Y,Y,Y,A,01,1,1,0,0,0,0,0,0,0,"- ","- ",33.962581634521484,-117.32303619384766,RIVERSIDE,RIVERSIDE,-117.32298278808594,33.962669372558594
91825915,2022,2022-07-27,9685,2022-07-12,1800,017903,,2,2,9,3300,0,1,3,,1,039,SR-79,"WHITE MOUNTAIN ROAD",83.00,S,N,A,-,Y,,,,,,,,,,Y,2,0,2,2,A,-,17,21655,B,N,A,C,A,A,H,-,A,D,0,,,,,Y,,A,01,1,0,1,0,0,0,0,0,0,"- ","- ",33.2647705078125,-116.53202819824219,RIVERSIDE,UNINCORPORATED,-116.88886260986328,33.446548461914062
91838708,2021,2022-08-12,9840,2021-10-10,0141,022457,,7,3,4,3312,0,1,1,,2,041,"I-215 S/B","NUEVO RD",4258.00,S,N,A,-,Y,,,215,,,,,,S,Y,1,1,1,1,A,-,01,23152,A,N,E,I,A,A,H,-,C,D,0,,,,,Y,Y,A,01,1,0,0,0,0,0,0,0,0,"- ","- ",33.7918701171875,-117.2288818359375,RIVERSIDE,PERRIS,-117.22866821289062,33.792148590087891
91840389,2022,2022-08-15,9840,2022-07-27,2316,020102,,3,3,7,3313,0,1,1,,2,023,"I-215 N/B","LINDEN AVE",600.00,S,N,A,-,Y,RIV,,215,,,41.700,H,,R,Y,2,0,2,3,A,-,03,22350,,N,C,2,A,A,H,-,D,A,0,,,,,Y,,D,22,1,1,0,0,0,0,0,0,0,"- ","- ",33.977989196777344,-117.33756256103516,RIVERSIDE,RIVERSIDE,-117.33753967285156,33.978004455566406
91844189,2022,2022-08-19,9840,2022-08-05,2155,018949,,5,2,9,3300,0,2,4,,2,039,"MAGNOIA AVE (12000 BLOCK)","MCKINLEY ST",1680.00,E,N,A,-,N,,,,,,,,,,Y,2,0,1,2,A,-,01,23152,A,N,C,C,A,A,H,-,D,D,0,,,,,Y,Y,A,01,1,0,0,0,0,0,0,0,0,"- ","- ",33.884681701660156,-117.50949859619141,RIVERSIDE,UNINCORPORATED,-117.50973510742188,33.884559631347656
91851845,2022,2022-10-07,9840,2022-08-20,1806,020220,,6,2,9,3300,0,2,4,,2,045,"EL SOBRANTE ROAD","MCALLISTER STRETT",9662.00,E,N,A,-,N,,,,,,,,,,Y,1,1,1,3,A,-,05,21460,A,N,A,C,A,A,H,-,A,D,0,,,,,Y,,A,07,0,1,0,0,0,0,0,0,0,"- ","- ",33.857818603515625,-117.40664672851562,RIVERSIDE,UNINCORPORATED,-117.40684509277344,33.857841491699219
91867887,2022,2022-09-19,9685,2022-03-27,1059,015906,,7,1,9,3300,0,1,3,,2,011,"STATE ROUTE 74 (ORTEGA HIGHWAY)","SOUTH MAIN DIVIDE",5808.00,E,N,B,-,Y,RIV,,74,,,7.969,H,,R,Y,1,1,1,2,A,-,03,22350,,N,C,C,A,A,H,-,A,D,0,,,Y,,Y,,C,02,0,0,1,0,0,0,0,1,0,"- ","- ",33.654148101806641,-117.395751953125,RIVERSIDE,UNINCORPORATED,-117.395751953125,33.654148101806641
91867890,2022,2022-11-17,9685,2022-04-07,0054,015906,,4,3,9,3300,0,1,1,,2,030,"STATE ROUTE 74 EASTBOUND","CORTRITE AVENUE",924.00,W,N,A,-,Y,RIV,,74,,,33.521,H,,R,N,1,1,0,2,A,-,11,21956,A,F,G,B,E,A,H,-,D,D,0,Y,,,,Y,,N,60,0,0,0,1,0,0,0,0,0,"- ","- ",33.738739013671875,-117.09049224853516,RIVERSIDE,UNINCORPORATED,-117.09049224853516,33.738719940185547
91883047,2022,2022-10-05,9655,2022-10-01,1230,019321,,6,1,9,3300,0,3,5,,2,002,"SAN TIMOTEO CANYON RD.","LAKE SHORE DR.",630.00,E,N,A,-,N,,,,,,,,,,N,2,0,2,2,A,-,05,21460,A,N,D,C,A,A,H,-,A,D,0,,,Y,,Y,,C,02,1,1,0,0,0,0,0,0,1,"- ","- ",33.976779937744141,-117.10446166992188,RIVERSIDE,UNINCORPORATED,-117.11020660400391,33.977439880371094
91934910,2022,2023-03-23,9840,2022-11-17,1808,017504,,4,2,9,3300,0,2,4,,2,042,"VAN BUREN BLVD.","SALLY LANE",35.00,W,N,A,-,N,,,,,,,,,,Y,2,0,6,2,A,-,01,23152,A,F,A,C,A,A,H,-,C,D,0,,,,,Y,Y,D,22,3,2,1,0,0,0,0,0,0,"- ","- ",33.884731292724609,-117.40589141845703,RIVERSIDE,UNINCORPORATED,-117.39602661132812,33.881103515625
91954792,2022,2022-12-28,9840,2022-05-25,1710,021080,,3,2,9,3300,0,3,5,,2,004,"JUNIPER FLATS ROAD (25000 BLOCK)","STATE ROUTE 74",3192.00,N,N,A,-,N,,,,,,,,,,Y,1,1,0,2,A,-,01,23152,A,M,B,C,A,A,H,-,A,D,0,,,Y,,Y,Y,C,02,0,0,0,0,0,0,0,1,0,"- ","- ",33.751598358154297,-117.11489105224609,RIVERSIDE,UNINCORPORATED,-117.11486053466797,33.751991271972656
91991118,2023,2023-02-09,9630,2023-01-31,1440,019228,,2,2,9,3300,0,3,5,,2,503,"JACKSON ST","65TH AVE",528.00,N,N,A,-,N,,,,,,,,,,Y,2,0,1,1,A,-,01,23152,A,N,F,0,A,A,H,-,A,D,0,,,,,Y,Y,A,01,1,0,0,0,0,0,0,0,0,"- ","- ",33.577850341796875,-116.21602630615234,RIVERSIDE,UNINCORPORATED,-116.21604919433594,33.577953338623047
92022658,2023,2023-03-20,9840,2023-03-09,1818,017546,,4,2,6,3315,0,1,1,,2,011,"I-15 N/B",SR-91,280.00,N,N,A,-,Y,RIV,,15," "," ",41.565,H,,R,Y,2,0,1,5,A,-,08,22107,,N,C,C,A,A,D,-,D,D,0,,,,,Y,,A,01,1,0,0,0,0,0,0,0,0,"- ","- ",33.88275146484375,-117.54766082763672,RIVERSIDE,CORONA,-117.547607421875,33.882770538330078
92047366,2023,2023-04-18,9630,2023-04-09,1815,021652,,7,2,9,3300,0,1,1,,2,302,"I-10 W/B","SUMMIT RD",7392.00,W,N,B,-,Y,RIV,,10," ",R,84.676,H,,L,Y,2,0,1,2,A,-,08,22107,,N,C,C,A,A,H,-,A,D,0,,,,,Y,,D,22,1,0,0,0,0,0,0,0,0,"- ","- ",33.660221099853516,-115.74787902832031,RIVERSIDE,UNINCORPORATED,-115.74787902832031,33.660259246826172
92049531,2023,2023-04-20,9655,2023-01-10,2350,020664,,2,3,9,3300,0,1,3,,2,315,"STATE-ROUTE 79 NORTHBOUND (WINCHESTER ROAD)","HOLLAND ROAD",42.00,N,N,B,E,Y,RIV,,79," ",R,14.150,H,,R,Y,1,1,0,1,A,-,08,22107,,N,E,I,A,A,H,-,C,A,0,,,,,Y,,A,01,0,0,0,0,0,0,0,0,0,"- ","- ",33.67108154296875,-117.08473205566406,RIVERSIDE,UNINCORPORATED,-117.08483123779297,33.67108154296875
92058077,2023,2023-05-01,9840,2023-04-19,"31  ",021096,,3,3,7,3313,0,1,1,,2,023,"I-215 S/B","EASTRIDGE AVE",3090.00,N,N,A,-,Y,RIV,,215," ",R,38.053,H,,L,N,2,0,1,2,A,-,01,23152,A,N,C,C,A,A,H,-,A,D,0,,,,,Y,Y,A,01,1,0,0,0,0,0,0,0,0,"- ","- ",33.940101623535156,-117.29151916503906,RIVERSIDE,RIVERSIDE,-117.29144287109375,33.940113067626953
92075274,2023,2023-05-23,9840,2023-05-10,1416,021261,,3,2,9,3300,0,1,1,,2,041,"I-215 S/B","RAMONA EXPWY",1690.00,S,N,B,-,Y,RIV,,215," ",R,30.606,H,,L,Y,2,0,1,2,A,-,07,21658,A,N,B,C,A,A,H,-,A,D,0,,,Y,,Y,,D,22,1,0,0,0,0,0,0,0,1,"- ","- ",33.839199066162109,-117.24958801269531,RIVERSIDE,UNINCORPORATED,-117.24961090087891,33.839195251464844
92084618,2023,2023-06-02,9630,2023-03-30,"930 ",017467,,4,1,9,3300,0,1,1,,2,020,"INTERSTATE 10 EASTBOUND","MONTEREY AVENUE",74.00,W,N,A,-,Y,RIV,,10," "," ",44.461,H,,R,Y,1,1,3,3,A,-,08,22107,,N,F,A,A,A,H,-,A,D,0,,,Y,,Y,,C,02,2,1,0,0,0,0,0,1,3,"- ","- ",33.806591033935547,-116.38881683349609,RIVERSIDE,UNINCORPORATED,-116.38883972167969,33.806556701660156
92094674,2023,2023-06-15,9840,2023-06-03,2031,020220,,6,2,9,3300,0,3,5,,2,004,"ALEXANDER STREET","BAILLY STREET",0.00,,Y,A,-,N,,,,,,,,,,Y,2,0,2,2,A,-,09,21801,B,N,D,C,A,A,H,-,D,D,0,,,Y,,Y,,C,02,2,0,0,0,0,0,0,0,1,"- ","- ",33.853919982910156,-117.30513000488281,RIVERSIDE,UNINCORPORATED,-117.30508422851562,33.853870391845703
92104597,2022,2023-06-28,9840,2022-07-27,0040,018849,,3,3,7,3313,0,1,3,,2,020,"SR-91 EASTBOUND","MONROE STREET",1151.00,W,N,A,-,Y,RIV,,91,,,14.887,H,,R,Y,1,1,0,1,A,-,01,23152,A,N,E,I,A,A,H,-,D,D,0,,,,,Y,Y,A,01,0,0,0,0,0,0,0,0,0,"- ","- ",33.921398162841797,-117.43038177490234,RIVERSIDE,RIVERSIDE,-117.43030548095703,33.921306610107422
92121261,2023,2023-07-19,9840,2023-07-18,1939,020258,,2,2,6,3345,0,1,1,,2,011,"I-15 S/B","68TH ST",528.00,S,N,B,-,Y,RIV,,15," "," ",47.421,H,,L,N,2,0,2,1,A,-,08,22107,,N,F,A,A,A,H,-,A,D,0,,,,,Y,,A,07,1,1,0,0,0,0,0,0,0,"- ","- ",33.963050842285156,-117.54910278320312,RIVERSIDE,"JURUPA VALLEY",-117.54902648925781,33.963050842285156
92134056,2023,2023-08-02,9685,2023-07-23,"250 ",016986,,7,3,4,3342,0,1,1,,2,034,"I-215 S/B","MURRIETA HOT SPRINGS RD.",863.00,N,N,A,-,Y,RIV,,215," ",R,9.693,H,,L,Y,2,0,3,2,A,-,01,23152,A,F,C,2,A,A,H,-,D,D,0,,,,,Y,Y,A,01,1,2,0,0,0,0,0,0,0,"- ","- ",33.558910369873047,-117.18102264404297,RIVERSIDE,MURRIETA,-117.18099212646484,33.558910369873047
92149070,2023,2023-08-21,9840,2023-08-11,"250 ",021218,,5,3,9,3300,0,1,1,,2,040,"I-215 N/B","VAN BUREN BLVD",707.00,N,N,A,-,Y,RIV,,215," ",R,34.285,H,,R,Y,2,0,1,1,A,-,08,22107,,N,E,8,A,A,H,-,D,D,0,,,,,Y,,A,01,1,0,0,0,0,0,0,0,0,"- ","- ",33.889469146728516,-117.27055358886719,RIVERSIDE,UNINCORPORATED,-117.27074432373047,33.889389038085938
9216401,2020,2021-03-03,3325,2020-12-19,0433,20201,CCPD,6,5,4,3325,0,0,0,,0,003,"VISTA CHINO","LANDAU BL",0.00,,Y,A,-,N,,,,,,,,,,N,2,0,1,2,A,-,12,21453,,N,D,-,A,A,H,-,C,A,0,,,,,Y,,A,07,1,0,0,0,0,0,0,0,0,"- ","- ",,,RIVERSIDE,"CATHEDRAL CITY",-116.47586822509766,33.844928741455078
92176291,2023,2024-01-10,9840,2023-09-08,1928,017546,,5,2,9,3300,0,3,5,,2,004,"JUNIPER FLATS ROAD","OAK VALLEY DRIVE",1220.00,N,N,A,-,N,,,,,,,,,,N,1,1,0,2,A,-,11,21954,A,F,G,B,D,A,H,-,D,D,0,Y,,,,Y,,N,60,0,0,0,1,0,0,0,0,0,"- ","- ",33.751510620117188,-117.11488342285156,RIVERSIDE,UNINCORPORATED,-117.11487579345703,33.751430511474609
92178095,2023,2024-01-24,9840,2023-09-15,"50  ",021218,,5,3,9,3300,0,1,1,,2,040,"I-215 S/B","RAMONA EXPWY",1911.00,N,N,A,-,Y,RIV,,215," ",R,31.301,H,,L,Y,2,0,1,2,A,-,03,22350,,F,C,C,A,A,H,-,D,D,0,,,,,Y,,A,07,1,0,0,0,0,0,0,0,0,"- ","- ",33.848560333251953,-117.25382995605469,RIVERSIDE,UNINCORPORATED,-117.2537841796875,33.848575592041016
92204024,2023,2023-10-19,9630,2023-10-11,1640,021409,,3,2,9,3300,0,1,1,,2,302,"I-10 E/B",SR-177,5808.00,W,N,A,-,Y,RIV,,10," ",R,103.923,H,,R,Y,2,0,1,2,A,-,03,22350,,N,C,C,A,A,D,-,A,D,0,,,,,Y,,A,07,1,0,0,0,0,0,0,0,0,"- ","- ",33.708988189697266,-115.4205322265625,RIVERSIDE,UNINCORPORATED,-115.42053985595703,33.709022521972656
9221331,2020,2021-02-26,3308,2020-12-27,1944,10686,513,7,5,5,3308,0,0,0,,0,SOUTH,"FLORIDA AV","WARREN RD",1865.00,W,N,B,-,Y,RIV,8,74,-,-,36.570,H,-,E,Y,2,0,1,1,A,-,08,22107,,N,E,I,A,-,H,-,A,D,0,,,,,Y,,A,01,1,0,0,0,0,0,0,0,0,"- ","- ",33.742168426513672,-117.02935791015625,RIVERSIDE,HEMET,-117.03902435302734,33.743831634521484
92227408,2023,2023-11-03,9655,2023-10-26,"40  ",021008,,4,3,9,3300,0,1,1,,2,202,"I-10 EASTBOUND TO STATE ROUTE 60","STATE ROUTE 60",200.00,W,N,B,-,Y,RIV,,60," "," ",30.372,H,,L,Y,2,0,1,1,A,-,01,23152,A,N,F,A,A,A,H,-,C,D,0,,,,,Y,Y,A,01,1,0,0,0,0,0,0,0,0,"- ","- ",33.933429718017578,-116.99227905273438,RIVERSIDE,UNINCORPORATED,-116.99228668212891,33.933242797851562
92232437,2023,2023-11-09,9840,2023-09-26,1915,015444,,2,2,9,3300,0,2,4,,2,042,"VAN BUREN BLVD","PICK PLACE",312.00,W,N,A,-,N,,,,,,,,,,Y,2,0,3,4,A,-,01,23152,A,N,A,C,A,A,H,-,C,D,0,,,,,Y,,D,22,1,2,0,0,0,0,0,0,0,"- ","- ",33.881221771240234,-117.39454650878906,RIVERSIDE,UNINCORPORATED,-117.39445495605469,33.881233215332031
92279067,2024,2024-01-04,9840,2024-01-03,1530,016358,,3,2,6,3345,0,1,3,,2,010,"SR-60 E/B FROM RUBIDOUX BLVD.","30TH ST.",528.00,E,N,A,-,Y,RIV,,60," "," ",9.777,H,,R,Y,2,0,1,2,A,-,03,22350,,N,C,C,A,A,H,-,A,A,0,,,Y,,Y,,C,02,1,0,0,0,0,0,0,0,1,"- ","- ",34.004650115966797,-117.39658355712891,RIVERSIDE,"JURUPA VALLEY",-117.39659881591797,34.004875183105469
92279310,2023,2024-01-04,9840,2023-12-17,"213 ",021862,,7,3,9,3300,0,1,1,,2,040,"I-215 N/B","VAN BUREN BLVD",581.00,S,N,A,-,Y,RIV,,215," ",R,34.024,H,,R,Y,2,0,1,1,A,-,08,22107,,N,F,A,A,A,H,-,C,D,0,,,,,Y,,A,07,1,0,0,0,0,0,0,0,0,"- ","- ",33.885879516601562,-117.26904296875,RIVERSIDE,UNINCORPORATED,-117.26919555664062,33.885848999023438
92295726,2024,2024-01-24,9630,2024-01-19,1500,019943,,5,2,9,3300,0,3,5,,2,405,"ADAMS STREET","41ST AVENUE",0.00,,Y,A,-,N,,,,,,,,,,N,2,0,1,2,A,-,08,22107,,N,H,G,A,A,H,-,A,D,0,,Y,,,Y,,L,04,1,0,0,0,0,0,1,0,0,"- ","- ",33.751068115234375,-116.28633880615234,RIVERSIDE,UNINCORPORATED,-116.28634643554688,33.751052856445312
92298496,2024,2024-01-29,9630,2024-01-18,1450,016635,,4,2,9,3300,0,3,5,,2,503,"PIERCE ST","73RD AVENUE",662.00,N,N,A,-,N,,,,,,,,,,Y,2,0,2,2,A,-,03,22350,,N,B,C,A,A,H,-,A,D,0,,,,,Y,,A,08,1,0,1,0,0,0,0,0,0,"- ","- ",33.519798278808594,-116.11284637451172,RIVERSIDE,UNINCORPORATED,-116.11278533935547,33.519691467285156
92341749,2024,2024-03-19,9840,2024-03-08,1651,018611,,5,2,6,3315,0,1,3,,2,031,"SR-91 E/B","BUCHANAN STREET",876.00,W,N,A,-,Y,RIV,,91," "," ",10.117,H,,R,Y,2,0,1,3,A,-,03,22350,,N,C,2,A,A,H,-,A,D,0,,,Y,,Y,,C,02,1,0,0,0,0,0,0,0,1,"- ","- ",33.892948150634766,-117.50377655029297,RIVERSIDE,CORONA,-117.50374603271484,33.892898559570312
92343851,2024,2024-03-21,9840,2024-03-12,1750,019650,,2,2,6,3345,0,1,1,,2,011,"I-15 N/B","68TH ST.",650.00,S,N,A,-,Y,RIV,,15," "," ",47.302,H,,R,Y,2,0,1,2,A,-,03,22350,,N,C,C,A,A,H,-,A,D,0,,,,Y,Y,,A,01,1,0,0,0,0,0,0,0,0,"- ","- ",33.961360931396484,-117.54865264892578,RIVERSIDE,"JURUPA VALLEY",-117.54873657226562,33.961360931396484
92389494,2024,2024-07-29,9840,2024-05-13,1826,022974,,1,2,7,3313,0,1,3,,2,020,"SR-91 E/B","PIERCE ST",750.00,W,N,A,-,Y,RIV,,91," "," ",10.482,H,,R,Y,2,0,2,2,A,-,08,22107,,N,B,C,A,A,H,-,A,D,0,,,Y,,Y,,A,07,2,0,0,0,0,0,0,0,2,"- ","- ",33.895500183105469,-117.49819946289062,RIVERSIDE,RIVERSIDE,-117.49820709228516,33.895511627197266
92391822,2024,2024-05-16,9655,2024-05-06,2500,020669,,1,4,9,3300,0,1,3,,1,119,SR-371,SR-74,1584.00,W,N,A,-,Y,RIV,,371," "," ",76.809,H,,R,Y,2,0,1,1,A,-,03,22350,,N,E,8,A,A,H,-,D,D,0,,,Y,,Y,,C,02,1,0,0,0,0,0,0,0,1,"- ","- ",33.567108154296875,-116.59644317626953,RIVERSIDE,UNINCORPORATED,-116.59644317626953,33.567142486572266
92424153,2024,2024-06-26,9655,2024-02-29,1553,020664,,4,2,3,3302,0,1,1,,2,202,"INTERSTATE-10 EASTBOUND","HIGHLAND SPRINGS AVENUE",628.00,W,N,B,-,Y,RIV,,10," "," ",9.189,H,,R,Y,1,1,1,1,A,-,08,22107,,N,E,I,A,A,H,-,A,D,0,,,,,Y,,A,07,1,0,0,0,0,0,0,0,0,"- ","- ",33.926769256591797,-116.94905853271484,RIVERSIDE,BEAUMONT,-116.94905853271484,33.926845550537109
92428881,2024,2024-07-02,9840,2024-06-20,1738,019650,,4,2,6,3345,0,1,3,,2,010,"STATE ROUTE 60 WESTBOUND","WINEVILLE AVENUE",575.00,W,N,A,-,Y,RIV,,60," ",R,0.866,H,,L,N,1,1,0,2,A,-,08,22107,,F,F,A,A,A,H,-,A,D,0,,,,,Y,,-,99,0,0,0,0,0,0,0,0,0,"- ","- ",34.020309448242188,-117.54396820068359,RIVERSIDE,"JURUPA VALLEY",-117.54405212402344,34.020114898681641
9256294,2020,2022-06-18,3300,2020-01-31,2144,5323,,5,5,2,3316,0,0,0,,0,,"COOK ST","DESERT HORIZON WY",50.00,N,N,A,-,N,,,,,,,,,,Y,1,1,0,2,A,-,11,21954,A,N,G,B,D,A,H,-,C,A,0,Y,,,,Y,Y,N,60,0,0,0,1,0,0,0,0,0,"- ","- ",,,RIVERSIDE,"INDIAN WELLS",-116.35623168945312,33.725776672363281
9271951,2021,2021-06-10,3313,2021-05-24,0822,1504,4,1,5,7,3313,0,0,0,,0,M15,"MADISON ST","MAGNOLIA AV",0.00,,Y,A,-,N,,,,,,,,,,N,2,0,1,2,A,-,12,21453,A,N,D,G,A,A,H,-,A,A,0,,Y,,,Y,,L,04,1,0,0,0,0,0,1,0,0,"- ","- ",33.941688537597656,-117.40947723388672,RIVERSIDE,RIVERSIDE,-117.40950012207031,33.941493988037109
9381741,2021,2022-02-03,3313,2021-12-12,0426,1906,5,7,5,7,3313,0,0,0,,0,1R51,"VAN BUREN BL","DUNCAN AV",294.00,N,N,A,-,N,,,,,,,,,,N,2,0,1,2,A,-,01,23152,A,N,C,C,A,A,H,-,C,D,0,,,,,Y,Y,A,01,1,0,0,0,0,0,0,0,0,"- ","- ",33.932071685791016,-117.45401000976562,RIVERSIDE,RIVERSIDE,-117.45410919189453,33.932907104492188
9386121,2021,2021-12-31,3313,2021-10-14,0247,1809,5,4,5,7,3313,0,0,0,,0,1R57,"WELLS AV","SATURN CIR",0.00,E,N,A,-,N,,,,,,,,,,N,2,0,2,3,A,-,08,22107,,N,A,E,A,A,D,-,C,A,0,,,,,Y,,A,07,2,0,0,0,0,0,0,0,0,"- ","- ",33.932811737060547,-117.47035217285156,RIVERSIDE,RIVERSIDE,-117.47042083740234,33.93255615234375
9436896,2021,2022-05-09,3301,2021-07-06,0420,U453,9,2,5,4,3301,0,0,0,,0,001,"GEORGE ST","ALLEN ST",0.00,,Y,A,-,N,,,,,,,,,,Y,2,0,1,1,A,-,03,22350,,N,E,J,A,A,H,-,C,D,0,,,Y,,Y,,C,02,1,0,0,0,0,0,0,0,1,"- ","- ",33.930789947509766,-116.86199188232422,RIVERSIDE,BANNING,-116.86199188232422,33.930793762207031
94378478,2024,2024-09-02,9840,2024-08-26,"430 ",022489,,1,3,7,3313,0,1,1,,2,023,"I-215 S/B","BLAINE ST.",1056.00,S,N,A,-,Y,RIV,,215," "," ",42.013,H,,L,Y,2,0,1,1,A,-,08,22107,,N,E,I,A,A,H,-,C,D,0,,,,,Y,,A,01,1,0,0,0,0,0,0,0,0,"- ","- ",33.981178283691406,-117.34140014648438,RIVERSIDE,RIVERSIDE,-117.34126281738281,33.981285095214844
94403027,2024,2024-09-20,9630,2024-06-29,"606 ",023194,,6,1,9,3300,0,1,3,,2,014,"STATE ROUTE 111 SOUTHBOUND","OVERTURE DRIVE",1300.00,N,N,A,-,Y,RIV,,111," "," ",58.958,H,,L,Y,1,1,0,1,A,-,08,22107,,N,F,A,A,A,H,-,A,D,0,,,,,Y,,D,22,0,0,0,0,0,0,0,0,0,"- ","- ",33.892879486083984,-116.61311340332031,RIVERSIDE,UNINCORPORATED,-116.61308288574219,33.892910003662109
94458480,2024,2024-11-05,9630,2024-06-16,2046,021923,,7,2,9,3300,0,3,5,,2,501,"HARRISON STREET","54TH AVENUE",20.00,S,N,A,-,N,,,,,,,,,,Y,1,1,0,1,A,-,01,23152,A,N,E,I,A,A,B,-,C,A,0,,,,,Y,Y,A,01,0,0,0,0,0,0,0,0,0,"- ","- ",33.656448364257812,-116.18187713623047,RIVERSIDE,UNINCORPORATED,-116.18175506591797,33.656486511230469
94462730,2024,2024-11-08,9840,2024-10-26,"230 ",023574,,6,3,6,3315,0,1,1,,2,034,"I-15 N/B","CAJALCO ROAD",1320.00,S,N,A,-,Y,RIV,,15," "," ",36.540,H,,R,Y,2,0,1,1,A,-,08,22107,,N,E,I,A,A,H,-,C,A,0,,,,,Y,,-,"- ",1,0,0,0,0,0,0,0,0,"- ","- ",33.818378448486328,-117.51463317871094,RIVERSIDE,CORONA,-117.51466369628906,33.818355560302734
94526468,2024,2025-01-06,9685,2024-12-30,1248,016347,,1,1,9,3300,0,1,3,,2,011,"SR-74 (ORTEGA HWY) W/B","ORANGE COUNTY LINE",2640.00,E,N,B,-,Y,RIV,,74," "," ",0.490,H,,L,Y,2,0,2,2,A,-,03,22350,,N,A,C,A,B,H,-,A,D,0,,,,,Y,,A,01,1,1,0,0,0,0,0,0,0,"- ","- ",33.602798461914062,-117.44985961914062,RIVERSIDE,UNINCORPORATED,-117.44985961914062,33.602775573730469
9470080,2023,2023-09-20,3309,2023-04-06,2337,2203,3309,4,5,4,3309,0,0,0,,0,004,"RT 111","MONROE ST",437.00,W,N,A,-,N,,,,,,,,,,Y,2,0,2,2,A,-,05,21651,B,F,D,C,A,A,H,-,C,A,0,,,,,Y,,A,01,1,0,1,0,0,0,0,0,0,"- ","- ",,,RIVERSIDE,INDIO,-116.2349853515625,33.714031219482422
94766647,2024,2025-07-17,9840,2024-03-28,"107 ",019492,,4,3,6,3394,0,2,S,,2,901,"GENTIAN AVENUE","PERRIS BOULEVARD",30.60,E,N,A,-,N,,,,,,,,,,Y,1,1,3,4,A,-,01,23152,F,N,C,E,A,A,H,-,C,A,0,,,,,Y,Y,A,01,2,1,0,0,0,0,0,0,0,"- ","- ",33.895561218261719,-117.22611236572266,RIVERSIDE,"MORENO VALLEY",-117.22615051269531,33.895576477050781
94788266,2025,2025-08-04,9655,2025-06-14,2315,023543,,6,3,9,3300,0,3,5,,2,003,"YALE STREET","ACACIA AVENUE",0.00,,Y,B,-,N,,,,,,,,,,Y,1,1,0,2,A,-,17,21451,A,N,F,A,A,A,H,-,C,A,0,,,Y,,Y,,D,22,0,0,0,0,0,0,0,1,0,"- ","- ",33.744041442871094,-116.94995880126953,RIVERSIDE,UNINCORPORATED,-116.94992065429688,33.744007110595703
94826827,2025,2025-09-02,9655,2025-06-03,"609 ",023001,,2,1,4,3301,0,1,1,,2,204,"INTERSTATE 10 EASTBOUND","HARGRAVE STREET",2112.00,E,N,A,-,Y,RIV,,10," "," ",14.332,H,,R,Y,1,1,1,1,A,-,08,22107,,N,E,8,A,A,H,-,A,D,0,,,,,Y,,A,07,1,0,0,0,0,0,0,0,0,"- ","- ",33.924369812011719,-116.85981750488281,RIVERSIDE,BANNING,-116.85983276367188,33.924449920654297