CASE_ID,ACCIDENT_YEAR,PROC_DATE,JURIS,COLLISION_DATE,COLLISION_TIME,OFFICER_ID,REPORTING_DISTRICT,DAY_OF_WEEK,CHP_SHIFT,POPULATION,CNTY_CITY_LOC,SPECIAL_COND,BEAT_TYPE,CHP_BEAT_TYPE,CITY_DIVISION_LAPD,CHP_BEAT_CLASS,BEAT_NUMBER,PRIMARY_RD,SECONDARY_RD,DISTANCE,DIRECTION,INTERSECTION,WEATHER_1,WEATHER_2,STATE_HWY_IND,CALTRANS_COUNTY,CALTRANS_DISTRICT,STATE_ROUTE,ROUTE_SUFFIX,POSTMILE_PREFIX,POSTMILE,LOCATION_TYPE,RAMP_INTERSECTION,SIDE_OF_HWY,TOW_AWAY,COLLISION_SEVERITY,NUMBER_KILLED,NUMBER_INJURED,PARTY_COUNT,PRIMARY_COLL_FACTOR,PCF_CODE_OF_VIOL,PCF_VIOL_CATEGORY,PCF_VIOLATION,PCF_VIOL_SUBSECTION,HIT_AND_RUN,TYPE_OF_COLLISION,MVIW,PED_ACTION,ROAD_SURFACE,ROAD_COND_1,ROAD_COND_2,LIGHTING,CONTROL_DEVICE,CHP_ROAD_TYPE,PEDESTRIAN_ACCIDENT,BICYCLE_ACCIDENT,MOTORCYCLE_ACCIDENT,TRUCK_ACCIDENT,NOT_PRIVATE_PROPERTY,ALCOHOL_INVOLVED,STWD_VEHTYPE_AT_FAULT,CHP_VEHTYPE_AT_FAULT,COUNT_SEVERE_INJ,COUNT_VISIBLE_INJ,COUNT_COMPLAINT_PAIN,COUNT_PED_KILLED,COUNT_PED_INJURED,COUNT_BICYCLIST_KILLED,COUNT_BICYCLIST_INJURED,COUNT_MC_KILLED,COUNT_MC_INJURED,PRIMARY_RAMP,SECONDARY_RAMP,LATITUDE,LONGITUDE,COUNTY,CITY,POINT_X,POINT_Y
90691155,2017,2018-03-27,9840,2017-08-18,1820,020360,,5,2,9,3300,0,2,4,,2,043,"RAMONA EXPRESSWAY","5TH ST",4840.00,E,N,A,-,N,,,,,,,,,,Y,1,1,1,2,A,-,05,21651,A,N,A,C,A,A,H,-,A,D,0,,,,Y,Y,,A,01,0,1,0,0,0,0,0,0,0,"- ","- ",33.840029999999999,-117.08513000000001,RIVERSIDE,UNINCORPORATED,-117.08529464,33.83998545
90712317,2018,2018-04-24,9655,2018-04-15,0538,019234,,7,3,9,3300,0,3,5,,2,003,"GILMAN SPRINGS ROAD","SOBOBA ROAD",2640.00,W,N,A,-,N,,,,,,,,,,Y,2,0,2,2,A,-,01,23152,G,N,A,C,A,A,H,-,B,D,0,,,,,Y,Y,A,01,2,0,0,0,0,0,0,0,0,"- ","- ",33.828029632568359,-116.98072814941406,RIVERSIDE,UNINCORPORATED,-116.98079681396484,33.828048706054688
9075167,2020,2020-07-03,3300,2020-03-08,2228,5597,901B,7,5,4,3310,0,0,0,,0,050,"6TH ST","CALIFORNIA AV",0.00,,N,B,-,N,,,,,,,,,,N,2,0,1,2,A,-,11,21954,A,F,G,B,E,A,H,-,C,A,0,Y,,,,Y,,-,99,1,0,0,0,1,0,0,0,0,"- ","- ",,,RIVERSIDE,NORCO,-117.52812957763672,33.938419342041016
90764872,2017,2018-07-09,9840,2017-11-21,1815,020262,,2,2,9,3300,0,3,5,,2,003,"TEMESCAL CANYON RD","GRANT ST.",5.00,S,N,A,-,N,,,,,,,,,,Y,1,1,0,2,A,-,11,21954,A,N,G,B,D,A,H,-,D,D,0,Y,,,,Y,Y,N,60,0,0,0,1,0,0,0,0,0,"- ","- ",33.832979999999999,-117.51897,RIVERSIDE,UNINCORPORATED,-117.51898103000001,33.832978519999998
90767566,2018,2018-07-12,9655,2018-05-23,0001,018336,,3,3,9,3300,0,3,5,,2,002,"BONITA AVENUE","POPLAR STREET",96.00,E,N,A,-,N,,,,,,,,,,N,1,1,0,2,A,-,11,21954,A,N,G,B,D,A,H,-,D,D,0,Y,,,,Y,,N,60,0,0,0,1,0,0,0,0,0,"- ","- ",33.914398193359375,-116.76116180419922,RIVERSIDE,UNINCORPORATED,-116.760794,33.914377000000002
90775779,2018,2018-07-24,9685,2018-07-15,1835,015050,,7,2,9,3300,0,1,3,,1,012,SR-74,"HAMMACK AVE.",437.00,W,N,A,-,Y,,,74,,,,,,,Y,2,0,1,1,A,-,03,22350,,N,F,A,A,A,H,-,A,A,0,,,Y,,Y,,C,06,1,0,0,0,0,0,0,0,1,"- ","- ",33.714649200439453,-117.304931640625,RIVERSIDE,UNINCORPORATED,-117.30488586425781,33.714550018310547
90780825,2018,2018-07-31,9655,2018-07-22,1524,020963,,7,2,9,3300,0,3,5,,2,002,"SEMINOLE ROAD","MAIN STREET",1056.00,W,N,A,-,N,,,,,,,,,,Y,2,0,1,1,A,-,03,22350,,N,F,I,A,A,H,-,A,D,0,,,Y,,Y,,C,02,1,0,0,0,0,0,0,0,1,"- ","- ",33.919368743896484,-116.77735137939453,RIVERSIDE,UNINCORPORATED,-116.77584838867188,33.918861389160156
90786270,2018,2018-08-08,9655,2018-06-15,1553,019484,,5,2,9,3300,0,3,5,,2,002,"ESPERANZA AVENUE","PEACH ST",1032.00,W,N,A,-,N,,,,,,,,,,Y,1,1,0,1,A,-,01,23152,A,N,E,I,A,A,H,-,A,D,0,,,,,Y,Y,A,07,0,0,0,0,0,0,0,0,0,"- ","- ",33.8997802734375,-116.76608276367188,RIVERSIDE,UNINCORPORATED,-116.76588439941406,33.899871826171875
90789138,2018,2018-08-13,9840,2018-08-03,1205,019501,,5,1,9,3300,0,3,5,,2,004,"ALESSANDRO BLVD","MERIDIAN PKWY",312.00,W,N,A,-,N,,,,,,,,,,Y,2,0,5,4,A,-,01,23152,A,N,C,C,A,A,H,-,A,A,0,,,,,Y,Y,D,22,2,2,1,0,0,0,0,0,0,"- ","- ",33.916660308837891,-117.29325866699219,RIVERSIDE,UNINCORPORATED,-117.29307556152344,33.916618347167969
90795610,2018,2018-09-11,9655,2018-07-30,2125,020350,,1,2,9,3300,0,1,3,,1,119,"STATE ROUTE-371","BAUTISTA ROAD",2112.00,W,N,A,-,Y,,,371,,,,,,,Y,1,1,0,2,A,-,05,21460,A,N,A,C,A,A,H,-,D,D,0,,,Y,,Y,,C,02,0,0,0,0,0,0,0,1,0,"- ","- ",33.551948547363281,-116.70719146728516,RIVERSIDE,UNINCORPORATED,-116.70719146728516,33.551948547363281
90796217,2018,2018-08-22,9685,2018-08-05,2235,016765,,7,3,5,3335,0,1,1,,2,030,"I-15 NORTHBOUND","WINCHESTER RD",1222.00,S,N,A,-,Y,,,15,,,,,,N,Y,2,0,3,2,A,-,08,22107,,N,C,C,A,A,H,-,C,D,0,,,,,Y,,A,01,1,0,2,0,0,0,0,0,0,"- ","- ",33.519519805908203,-117.16065216064453,RIVERSIDE,TEMECULA,-117.16071319580078,33.519477844238281
90811226,2018,2018-09-12,9685,2018-09-03,1009,017285,,1,1,5,3335,0,1,1,,2,030,"I-15 N/B","TEMECULA PARKWAY",1600.00,S,N,A,-,Y,,,15,,,,,,N,Y,2,0,2,2,A,-,03,22350,,N,A,C,A,A,H,-,A,D,0,,,Y,,Y,,C,02,1,1,0,0,0,0,0,0,2,"- ","- ",33.476589202880859,-117.13913726806641,RIVERSIDE,TEMECULA,-117.13903045654297,33.476631164550781
90812455,2018,2018-09-13,9840,2018-09-09,0239,020018,,7,3,7,3313,0,1,1,,2,024,"I-215 N/B","EUCALYPTUS AVE",1056.00,S,N,A,-,Y,,,215,,,,,,N,Y,2,0,2,1,A,-,08,22107,,N,E,I,A,A,H,-,C,D,0,,,,,Y,,A,01,1,1,0,0,0,0,0,0,0,"- ","- ",33.9281005859375,-117.28848266601562,RIVERSIDE,RIVERSIDE,-117.28859710693359,33.928096771240234
90815006,2018,2018-09-17,9685,2018-09-16,1040,015906,,7,1,9,3300,0,3,5,,2,003,"SAGE ROAD","WILSON VALLEY ROAD",3696.00,N,N,A,-,N,,,,,,,,,,Y,2,0,1,1,A,-,08,22107,,N,F,A,A,A,H,-,A,D,0,,,Y,,Y,,C,02,1,0,0,0,0,0,0,0,1,"- ","- ",33.532539367675781,-116.90950775146484,RIVERSIDE,UNINCORPORATED,-116.90885925292969,33.531887054443359
90818189,2018,2018-09-21,9840,2018-09-09,1614,020535,,7,2,9,3300,0,3,5,,2,004,"ALEXANDER ST","MYRON ST",0.00,,Y,A,-,N,,,,,,,,,,Y,2,0,4,2,A,-,03,22350,,N,D,C,A,A,H,-,A,A,0,,,,,Y,,A,07,1,0,3,0,0,0,0,0,0,"- ","- ",33.832210540771484,-117.30507659912109,RIVERSIDE,UNINCORPORATED,-117.30510711669922,33.832180023193359
90827425,2018,2018-10-03,9685,2018-09-22,0925,015906,,6,1,9,3300,0,1,3,,1,045,SR-371,"WILDWOOD LANE",1056.00,E,N,A,-,Y,,,371,,,,,,,Y,2,0,2,4,A,-,03,22350,,N,C,C,A,A,H,-,A,D,0,,,Y,,Y,,D,22,1,0,1,0,0,0,0,0,2,"- ","- ",33.496360778808594,-116.81419372558594,RIVERSIDE,UNINCORPORATED,-116.81419372558594,33.496372222900391
90849839,2018,2018-10-31,9685,2018-10-26,1850,016113,,5,2,4,3312,0,1,3,,1,012,"SR-74 SOUTHBOUND","SOPHIE STREET",400.00,N,N,A,-,Y,,,,,,,,,,Y,2,0,3,2,A,-,09,21801,A,N,D,C,A,A,H,-,D,D,0,,,,,Y,,A,01,2,1,0,0,0,0,0,0,0,"- ","- ",33.767391204833984,-117.25727081298828,RIVERSIDE,PERRIS,,
90856323,2018,2018-11-08,9685,2018-11-03,0050,016885,,6,3,4,3342,0,1,1,,2,030,"I-215 N/B","MURRIETA HOT SPRINGS ROAD",1300.00,S,N,A,-,Y,,,215,,,,,,N,Y,2,0,1,1,A,-,01,23152,A,N,E,I,A,A,H,-,D,D,0,,,Y,,Y,Y,C,02,1,0,0,0,0,0,0,0,1,"- ","- ",33.552528381347656,-117.18060302734375,RIVERSIDE,MURRIETA,-117.18065643310547,33.552524566650391
90865056,2018,2019-02-27,9685,2018-11-09,0940,015295,,5,1,9,3300,0,1,3,,1,045,"STATE ROUTE 371","STATE ROUTE 79",13200.00,E,N,A,-,Y,,,371,,,,,,,Y,1,1,1,2,A,-,08,22107,,N,E,I,A,A,H,-,A,D,0,,,,,Y,,A,07,0,1,0,0,0,0,0,0,0,"- ","- ",33.473308563232422,-116.85317230224609,RIVERSIDE,UNINCORPORATED,-116.85317230224609,33.473312377929688
90873667,2018,2018-12-03,9655,2018-11-25,1630,019796,,7,2,9,3300,0,1,3,,2,315,"SR-79 S/B","9TH ST.",245.00,S,N,A,-,Y,,,79,,,,,,S,Y,2,0,1,3,A,-,01,23152,A,N,E,I,A,A,H,-,A,D,0,,,,,Y,Y,A,01,1,0,0,0,0,0,0,0,0,"- ","- ",33.711929321289062,-117.08493804931641,RIVERSIDE,UNINCORPORATED,-117.08475494384766,33.711856842041016
90879916,2018,2018-12-11,9840,2018-12-02,0950,017802,,7,1,7,3313,0,1,1,,2,023,"I-215 N/B TO BLAINE ST.","BLAINE ST.",16.00,S,N,A,-,Y,,,215,,,,R,,N,Y,2,0,1,1,A,-,03,22350,,N,C,C,A,A,H,-,A,D,0,,,Y,,Y,,C,02,1,0,0,0,0,0,0,0,1,"- ","- ",33.983230590820312,-117.34237670898438,RIVERSIDE,RIVERSIDE,-117.34237670898438,33.983230590820312
90889902,2018,2018-12-26,9685,2018-12-15,1734,017285,,6,2,9,3300,0,3,5,,2,003,"SCENIC VIEW DRIVE","KELLER ROAD",1705.00,S,N,A,-,N,,,,,,,,,,Y,2,0,1,1,A,-,01,23152,A,N,E,I,A,A,A,-,D,D,0,,,,,Y,Y,A,01,1,0,0,0,0,0,0,0,0,"- ","- ",33.622051239013672,-117.17165374755859,RIVERSIDE,UNINCORPORATED,-117.17161560058594,33.622318267822266
90890872,2018,2018-12-27,9840,2018-12-16,1453,020945,,7,2,9,3300,0,3,5,,2,003,"PINECONE ST. (11000 BLOCK)","SOAPBERRY ST.",30.00,S,N,A,-,N,,,,,,,,,,N,2,0,1,1,A,-,08,22107,,N,F,A,A,A,H,-,A,D,0,,,,,Y,,M,94,1,0,0,0,0,0,0,0,0,"- ","- ",33.756019592285156,-117.46280670166016,RIVERSIDE,UNINCORPORATED,-117.46280670166016,33.756008148193359
90891737,2018,2018-12-27,9630,2018-12-14,2010,022177,,5,2,9,3300,0,1,3,,2,015,"STATE ROUTE 62 W/B (29 PALMS HIGHWAY)","HESS BOULEVARD",5808.00,W,N,A,-,Y,,,,,,,,,,Y,2,0,2,3,A,-,01,23152,A,N,A,C,A,A,H,-,D,D,0,,,,,Y,Y,A,01,1,0,1,0,0,0,0,0,0,"- ","- ",34.030410766601562,-116.59024810791016,RIVERSIDE,UNINCORPORATED,,
90897087,2018,2019-01-03,9685,2018-12-30,0450,016838,,7,3,5,3335,0,1,1,,2,030,"I-15 NORTHBOUND","TEMECULA PKWY",4200.00,S,N,A,-,Y,,,15,,,,,,N,Y,2,0,2,1,A,-,08,22107,,N,F,A,A,A,H,-,D,D,0,,,,,Y,,A,01,1,0,1,0,0,0,0,0,0,"- ","- ",33.458400726318359,-117.13590240478516,RIVERSIDE,TEMECULA,-117.13579559326172,33.458412170410156
90897237,2018,2019-01-03,9840,2018-12-27,1755,020058,,4,2,6,3315,0,3,5,,2,003,"ONTARIO AVE.","PIUTE CREEK DR",450.00,E,N,B,-,N,,,,,,,,,,Y,2,0,3,3,A,-,03,22350,,N,C,C,A,A,H,-,C,D,0,,,,,Y,,A,01,1,0,2,0,0,0,0,0,0,"- ","- ",33.838371276855469,-117.52696228027344,RIVERSIDE,CORONA,-117.52983093261719,33.840068817138672
90897304,2018,2019-01-03,9655,2018-12-23,0036,019440,,7,3,4,3301,0,1,1,,2,204,"I-10 E/B","RAMSEY ST",1584.00,E,N,A,-,Y,,,,,,,,,,N,2,0,1,2,A,-,11,21954,A,N,G,B,E,A,H,-,D,D,0,Y,,,,Y,,N,60,1,0,0,0,1,0,0,0,0,"- ","- ",33.979419708251953,-117.05061340332031,RIVERSIDE,BANNING,,
90899341,2018,2019-01-07,9840,2018-12-28,1020,015705,,5,1,7,3313,0,1,3,,2,021,"SR-91 W/B","JEFFERSON ST",300.00,E,N,A,-,Y,,,91,,,,,,W,Y,2,0,1,1,A,-,08,22107,,N,F,A,A,A,H,-,A,D,0,,,Y,,Y,,C,02,1,0,0,0,0,0,0,0,1,"- ","- ",33.932449340820312,-117.41111755371094,RIVERSIDE,RIVERSIDE,-117.41112518310547,33.932456970214844
90904548,2019,2019-01-15,9685,2019-01-07,1900,016724,,1,2,9,3300,0,3,5,,2,002,"WAKEFIELD AVE.","RITTER AVE.",0.00,,Y,A,-,N,,,,,,,,,,N,2,0,1,2,A,-,12,22450,A,N,D,C,A,A,H,-,D,A,0,,,Y,,Y,,C,02,1,0,0,0,0,0,0,0,1,"- ","- ",33.742130279541016,-117.10906982421875,RIVERSIDE,UNINCORPORATED,-117.10909271240234,33.742088317871094
90907968,2018,2019-01-21,9630,2018-11-30,0230,021897,,5,3,4,3309,0,1,1,,2,021,"I-10 E/B","GOLF CENTER PKY",2640.00,E,N,A,-,Y,,,10,,,,,,E,N,1,1,0,2,A,-,11,21954,A,N,G,B,E,A,H,-,D,D,0,Y,,,,Y,,N,60,0,0,0,1,0,0,0,0,0,"- ","- ",33.720798492431641,-116.19657897949219,RIVERSIDE,INDIO,-116.19654846191406,33.720829010009766
90916679,2018,2019-01-31,9840,2018-12-20,2142,020210,,4,2,9,3300,0,2,4,,2,045,"CAJALCO RD","CLARK ST",395.00,W,N,A,-,N,,,,,,,,,,N,1,1,0,4,A,-,11,21954,A,M,G,B,D,A,H,-,D,D,0,Y,,,,Y,Y,N,60,0,0,0,1,0,0,0,0,0,"- ","- ",33.837188720703125,-117.28903198242188,RIVERSIDE,UNINCORPORATED,-117.28892517089844,33.837211608886719
90921855,2019,2019-02-08,9840,2019-02-02,1656,020945,,6,2,4,3307,0,1,1,,2,037,"I-15 S/B","NICHOLS RD.",2000.00,N,N,B,C,Y,,,15,,,,,,S,Y,2,0,1,1,A,-,03,22350,,N,F,A,A,B,H,-,A,D,0,,,,,Y,,A,01,1,0,0,0,0,0,0,0,0,"- ","- ",33.715019226074219,-117.36148071289062,RIVERSIDE,"LAKE ELSINORE",-117.36144256591797,33.715034484863281
90926078,2018,2019-02-13,9840,2018-08-31,1927,021096,,5,2,6,3394,0,1,3,,2,025,"SR-60 W/B","REDLANDS BLVD",12.00,E,N,A,-,Y,,,60,,,,,,W,Y,1,5,1,1,A,-,01,23152,A,N,E,I,A,A,H,-,B,D,0,,,,,Y,Y,A,01,0,1,0,0,0,0,0,0,0,"- ","- ",33.939361572265625,-117.15666198730469,RIVERSIDE,"MORENO VALLEY",-117.15666198730469,33.939407348632812
90930427,2019,2019-02-20,9840,2019-02-05,1755,013968,,2,2,9,3300,0,3,5,,2,004,"MENIFEE RD","MIRILESTE DR",0.00,,Y,B,-,N,,,,,,,,,,N,2,0,2,2,A,-,17,25650,,N,D,C,A,B,H,-,D,D,0,,,Y,,Y,,C,02,1,1,0,0,0,0,0,0,1,"- ","- ",33.791900634765625,-117.15647888183594,RIVERSIDE,UNINCORPORATED,-117.15638732910156,33.791881561279297
90933098,2019,2019-02-25,9685,2019-01-20,1415,016381,,7,2,9,3300,0,1,3,,2,011,SR-74,"ORANGE COUNTY LINE",7392.00,E,N,A,-,Y,,,74,,,,,,,Y,2,0,1,3,A,-,03,22350,,N,B,C,A,A,H,-,A,D,0,,,Y,,Y,,C,02,1,0,0,0,0,0,0,0,1,"- ","- ",33.607978820800781,-117.44104766845703,RIVERSIDE,UNINCORPORATED,-117.44104766845703,33.607978820800781
90952301,2019,2019-03-25,9655,2019-03-16,1625,021017,,6,2,9,3300,0,3,5,,2,003,"STETSON AVE","YALE ST",0.00,,Y,A,-,N,,,,,,,,,,N,2,0,1,1,A,-,03,22350,,N,E,J,A,A,A,D,A,A,0,,Y,,,Y,,L,04,1,0,0,0,0,0,1,0,0,"- ","- ",33.729568481445312,-116.94976806640625,RIVERSIDE,UNINCORPORATED,-116.94981384277344,33.729499816894531
90966616,2019,2019-04-12,9685,2019-03-27,1735,013925,,3,2,5,3335,0,1,1,,2,030,"INTERSTATE 15 NORTHBOUND","TEMECULA PARKWAY",2500.00,N,N,A,-,Y,,,15,,,,,,N,Y,2,0,1,2,A,-,06,21755,,N,B,C,A,A,H,-,A,D,0,,,Y,,Y,,C,02,1,0,0,0,0,0,0,0,1,"- ","- ",33.508319854736328,-117.15469360351562,RIVERSIDE,TEMECULA,-117.15464019775391,33.508342742919922
90971444,2018,2019-04-19,9685,2018-12-13,2016,017285,,4,2,4,3342,0,1,1,,2,034,"I-215 S/B","MURRIETA HOT SPRINGS ROAD",924.00,N,N,A,-,Y,,,215,,,,,,S,Y,1,1,1,1,A,-,08,22107,,N,E,I,A,A,H,-,C,D,0,,,,,Y,,A,01,0,0,1,0,0,0,0,0,0,"- ","- ",33.55889892578125,-117.18112182617188,RIVERSIDE,MURRIETA,-117.18099212646484,33.55889892578125
90973318,2019,2019-04-23,9655,2019-04-16,0100,015795,,2,3,9,3300,0,1,1,,2,204,"I-10 E/B","RAMSEY STREET",5280.00,E,N,B,-,Y,,,,,,,,,,Y,2,0,2,1,A,-,08,22107,,N,F,A,A,A,H,-,D,D,0,,,,,Y,,A,01,2,0,0,0,0,0,0,0,0,"- ","- ",33.926261901855469,-116.85146331787109,RIVERSIDE,UNINCORPORATED,,
90977395,2019,2019-04-29,9840,2019-03-30,1614,021042,,6,2,4,3307,0,1,1,,2,037,"I-15 S/B","LAKE ST",93.00,S,N,B,-,Y,,,15,,,,,,S,Y,2,0,8,3,A,-,03,22350,,N,C,C,A,A,H,-,A,D,0,,,,,Y,,D,22,3,2,3,0,0,0,0,0,0,"- ","- ",33.729900360107422,-117.39269256591797,RIVERSIDE,"LAKE ELSINORE",-117.39269256591797,33.729911804199219
90978117,2019,2019-04-29,9685,2019-04-20,2500,016347,,6,4,9,3300,0,1,3,,1,012,"ETHANAC ROAD",SR-74,500.00,S,N,B,-,N,,,,,,,,,,N,2,0,1,2,A,-,11,21956,,F,G,B,E,A,H,-,D,D,0,Y,,Y,,Y,Y,N,60,1,0,0,0,1,0,0,0,0,"- ","- ",33.742668151855469,-117.28079223632812,RIVERSIDE,UNINCORPORATED,-117.28176116943359,33.742111206054688
90978939,2019,2019-04-30,9840,2019-03-31,0313,019893,,7,3,9,3300,0,3,5,,2,003,"RETREAT PKWY","KNABE RD",495.00,W,N,A,-,N,,,,,,,,,,Y,2,0,1,1,A,-,01,23152,A,N,E,I,A,A,H,-,C,D,0,,,,,Y,Y,A,01,1,0,0,0,0,0,0,0,0,"- ","- ",33.804779052734375,-117.51029205322266,RIVERSIDE,UNINCORPORATED,-117.51009368896484,33.804821014404297
90990759,2019,2019-05-17,9840,2019-05-01,1252,015705,,3,1,7,3313,0,1,1,,2,023,"I-215 S/B","THIRD ST.",792.00,N,N,A,-,Y,,,215,,,,,,S,Y,2,0,1,2,A,-,03,22350,,N,C,C,A,A,H,-,A,D,0,,,Y,,Y,,C,02,1,0,0,0,0,0,0,0,1,"- ","- ",33.984630584716797,-117.34484100341797,RIVERSIDE,RIVERSIDE,-117.34474945068359,33.984722137451172
90995319,2019,2019-05-24,9840,2019-05-13,0440,019501,,1,3,7,3313,0,1,3,,2,020,"SR-91 E/B","PIERCE ST",380.00,E,N,A,-,Y,,,91,,,,,,E,Y,2,0,1,1,C,-,18,,,N,E,J,A,A,C,-,D,D,0,,,,,Y,,-,"- ",1,0,0,0,0,0,0,0,0,"- ","- ",33.897441864013672,-117.49141693115234,RIVERSIDE,RIVERSIDE,-117.49141693115234,33.897365570068359
90995452,2019,2019-05-24,9630,2019-05-19,1800,021556,,7,2,9,3300,0,3,5,,2,505,"MECCA COPIA TRAIL","COACHELLA CANAL",2640.00,W,N,A,-,N,,,,,,,,,,N,2,0,1,1,B,-,22,,,N,F,A,A,A,H,-,A,D,0,,,Y,,Y,,C,06,1,0,0,0,0,0,0,0,1,"- ","- ",33.556320190429688,-115.94167327880859,RIVERSIDE,UNINCORPORATED,-115.91313171386719,33.532718658447266
90999306,2019,2019-05-30,9840,2019-05-26,0610,019566,,7,1,6,3394,0,1,3,,2,025,"SR-60 E/B","NASON ST",2644.00,W,N,B,-,Y,,,60,,,,,,E,Y,2,0,1,1,A,-,08,22107,,N,E,I,A,A,H,-,B,D,0,,,,,Y,,A,01,1,0,0,0,0,0,0,0,0,"- ","- ",33.939079284667969,-117.20101165771484,RIVERSIDE,"MORENO VALLEY",-117.20101165771484,33.939159393310547
91004789,2019,2019-06-07,9660,2019-05-30,1130,014712,,4,1,9,3300,0,1,2,,2,038,US-95,"WATER WHEEL RESORT",2640.00,N,N,A,-,Y,,,95,,,,,,,Y,2,0,1,1,A,-,03,22350,,N,F,A,A,A,H,-,A,D,0,,,,Y,Y,,G,25,1,0,0,0,0,0,0,0,0,"- ","- ",33.927841186523438,-114.54051971435547,RIVERSIDE,UNINCORPORATED,-114.54049682617188,33.927852630615234
9101317,2020,2020-11-10,3300,2020-05-09,0410,5452,001E,6,5,6,3345,0,0,0,,0,012,"ARMSTRONG RD","KAREN LN",1171.00,N,N,A,-,N,,,,,,,,,,Y,2,0,1,2,A,-,01,23152,A,N,C,E,A,A,H,-,C,D,0,,,,,Y,Y,A,01,1,0,0,0,0,0,0,0,0,"- ","- ",34.023780822753906,-117.42185974121094,RIVERSIDE,"JURUPA VALLEY",-117.41997528076172,34.026397705078125
91021146,2019,2019-06-28,9655,2019-06-23,1635,021017,,7,2,9,3300,0,3,5,,2,002,"MORONGO TRAIL",I-10,210.00,S,N,A,-,N,,,,,,,,,,Y,2,0,1,1,C,-,18,,,N,F,A,A,A,H,-,A,A,0,,,,Y,Y,,-,"- ",1,0,0,0,0,0,0,0,0,"- ","- ",33.920501708984375,-116.80657958984375,RIVERSIDE,UNINCORPORATED,,
91022728,2019,2019-07-02,9685,2019-06-20,2040,015050,,4,2,9,3300,0,3,5,,2,001,"GREENWALD AVE.","SUSAN ST.",180.00,S,N,A,-,N,,,,,,,,,,N,2,0,1,2,D,-,00,,,N,C,C,A,A,H,-,D,A,0,,,Y,,Y,,-,"- ",1,0,0,0,0,0,0,0,1,"- ","- ",33.718231201171875,-117.29267120361328,RIVERSIDE,UNINCORPORATED,-117.29270172119141,33.718196868896484
91024863,2019,2019-07-05,9840,2019-06-27,2255,015802,,4,3,9,3300,0,3,5,,2,004,"OLD ELSINORE RD.","RIDER ST.",180.00,S,N,A,-,N,,,,,,,,,,Y,2,0,1,1,A,-,03,22350,,N,E,I,A,A,H,-,C,A,0,,,,,Y,,A,01,1,0,0,0,0,0,0,0,0,"- ","- ",33.829658508300781,-117.28663635253906,RIVERSIDE,UNINCORPORATED,-117.28652954101562,33.829616546630859
91048370,2019,2019-08-08,9840,2019-07-28,0048,021177,,7,3,9,3300,0,3,5,,2,004,"VAN BUREN BLVD","MERIDIAN PKWY",750.00,W,N,A,-,N,,,,,,,,,,Y,2,0,1,1,A,-,08,22107,,N,E,I,A,A,H,-,C,D,0,,,,,Y,,A,07,1,0,0,0,0,0,0,0,0,"- ","- ",33.887500762939453,-117.2825927734375,RIVERSIDE,UNINCORPORATED,-117.28237915039062,33.887508392333984
91069856,2019,2019-09-09,9840,2019-08-24,2350,021037,,6,3,6,3315,0,3,5,,2,003,"TEMESCAL CANYON RD.",I-15,158.00,E,N,A,-,Y,,,,,,,,,,Y,2,0,4,2,A,-,01,23152,A,N,A,C,A,A,H,-,C,A,0,,,,,Y,Y,A,01,1,2,1,0,0,0,0,0,0,"- ","- ",33.77716064453125,-117.48687744140625,RIVERSIDE,CORONA,-117.48719024658203,33.776901245117188
91074370,2019,2019-10-04,9840,2019-09-02,0226,020210,,1,3,7,3313,0,1,3,,2,021,"SR-91 W/B","SPRUCE ST",46.00,W,N,A,-,Y,,,91,,,,,,W,Y,2,0,4,2,A,-,01,23152,A,N,D,C,A,A,H,-,D,D,0,,,,,Y,Y,A,01,2,2,0,0,0,0,0,0,0,"- ","- ",33.990989685058594,-117.35903930664062,RIVERSIDE,RIVERSIDE,-117.35903167724609,33.990982055664062
91088417,2019,2019-10-02,9630,2019-09-24,0608,018647,,2,1,9,3300,0,3,5,,2,505,"70TH AVE","CLEVELAND ST",2112.00,W,N,A,-,N,,,,,,,,,,Y,2,0,2,2,A,-,03,22350,,N,C,C,A,A,H,-,B,D,0,,,,,Y,,D,22,1,1,0,0,0,0,0,0,0,"- ","- ",33.540180206298828,-115.98101806640625,RIVERSIDE,UNINCORPORATED,-115.98104858398438,33.540149688720703
91088700,2019,2019-10-02,9840,2019-03-12,1425,021037,,2,2,7,3313,0,1,3,,2,021,"SR-91 EASTBOUND TO UNIVERSITY AVE.","14TH ST.",45.00,E,N,A,-,Y,,,91,,,,R,,E,Y,1,1,0,1,A,-,08,22107,,N,E,I,A,A,H,-,A,D,0,,,Y,,Y,,C,02,0,0,0,0,0,0,0,1,0,"- ","- ",33.973781585693359,-117.37290954589844,RIVERSIDE,RIVERSIDE,-117.37290954589844,33.973781585693359