CASE_ID,ACCIDENT_YEAR,PROC_DATE,JURIS,COLLISION_DATE,COLLISION_TIME,OFFICER_ID,REPORTING_DISTRICT,DAY_OF_WEEK,CHP_SHIFT,POPULATION,CNTY_CITY_LOC,SPECIAL_COND,BEAT_TYPE,CHP_BEAT_TYPE,CITY_DIVISION_LAPD,CHP_BEAT_CLASS,BEAT_NUMBER,PRIMARY_RD,SECONDARY_RD,DISTANCE,DIRECTION,INTERSECTION,WEATHER_1,WEATHER_2,STATE_HWY_IND,CALTRANS_COUNTY,CALTRANS_DISTRICT,STATE_ROUTE,ROUTE_SUFFIX,POSTMILE_PREFIX,POSTMILE,LOCATION_TYPE,RAMP_INTERSECTION,SIDE_OF_HWY,TOW_AWAY,COLLISION_SEVERITY,NUMBER_KILLED,NUMBER_INJURED,PARTY_COUNT,PRIMARY_COLL_FACTOR,PCF_CODE_OF_VIOL,PCF_VIOL_CATEGORY,PCF_VIOLATION,PCF_VIOL_SUBSECTION,HIT_AND_RUN,TYPE_OF_COLLISION,MVIW,PED_ACTION,ROAD_SURFACE,ROAD_COND_1,ROAD_COND_2,LIGHTING,CONTROL_DEVICE,CHP_ROAD_TYPE,PEDESTRIAN_ACCIDENT,BICYCLE_ACCIDENT,MOTORCYCLE_ACCIDENT,TRUCK_ACCIDENT,NOT_PRIVATE_PROPERTY,ALCOHOL_INVOLVED,STWD_VEHTYPE_AT_FAULT,CHP_VEHTYPE_AT_FAULT,COUNT_SEVERE_INJ,COUNT_VISIBLE_INJ,COUNT_COMPLAINT_PAIN,COUNT_PED_KILLED,COUNT_PED_INJURED,COUNT_BICYCLIST_KILLED,COUNT_BICYCLIST_INJURED,COUNT_MC_KILLED,COUNT_MC_INJURED,PRIMARY_RAMP,SECONDARY_RAMP,LATITUDE,LONGITUDE,COUNTY,CITY,POINT_X,POINT_Y
8648109,2018,2018-09-26,3300,2018-02-04,1707,2931,916B,7,5,4,3312,0,0,0,,0,031,"SAN JACINTO AV","WILSON AV",308.00,E,N,A,-,N,,,,,,,,,,Y,1,1,0,2,A,-,11,21956,,N,G,B,E,A,H,-,B,D,0,Y,,,,Y,,N,60,0,0,0,1,0,0,0,0,0,"- ","- ",33.786548614501953,-117.21321105957031,RIVERSIDE,PERRIS,-117.21202850341797,33.78662109375
8648450,2018,2020-05-26,3311,2018-11-27,1344,10987,,2,5,4,3311,0,0,0,,0,001,"INDIAN CANYON DR","TRAMVIEW RD",5808.00,N,N,A,-,N,,,,,,,,,,Y,1,2,0,3,A,-,07,21658,A,N,C,B,E,A,D,-,A,D,0,Y,,,Y,Y,Y,A,01,0,0,0,1,0,0,0,0,0,"- ","- ",33.86669921875,-116.54546356201172,RIVERSIDE,"PALM SPRINGS",-116.54592895507812,33.866680145263672
8648507,2018,2019-01-09,3308,2018-11-28,1710,10514,573,3,5,5,3308,0,0,0,,0,SOUTH,"DOMENIGONI PKWY","ALAMAR MESA DR",1630.00,W,N,A,-,N,,,,,,,,,,Y,1,1,0,4,A,-,11,21954,A,N,G,B,D,A,H,-,D,D,0,Y,,,,Y,Y,N,60,0,0,0,1,0,0,0,0,0,"- ","- ",,,RIVERSIDE,HEMET,-117.02599334716797,33.707801818847656
8648518,2018,2019-01-18,3300,2018-08-13,1600,4649,802B,1,5,3,3343,0,0,0,,0,082,"BUNDY CANYON RD","RACITI RD",330.00,W,N,A,-,N,,,,,,,,,,Y,1,1,0,2,A,-,01,23152,A,N,D,C,A,A,H,-,A,D,0,,,,,Y,Y,A,01,0,0,0,0,0,0,0,0,0,"- ","- ",33.628738403320312,-117.24710083007812,RIVERSIDE,WILDOMAR,-117.24777984619141,33.628108978271484
8648581,2018,2020-05-22,3300,2018-02-24,2206,4024,905I,6,5,4,3307,0,0,0,,0,095,"CENTRAL AV","RT 15",0.00,,Y,A,-,Y,RIV,8,74,-,R,16.300,I,5,E,Y,1,1,0,2,A,-,12,21453,A,N,A,C,A,A,H,-,C,A,0,,,Y,,Y,,C,03,0,0,0,0,0,0,0,1,0,"- ","- ",,,RIVERSIDE,"LAKE ELSINORE",-117.33817291259766,33.691486358642578
8648586,2018,2020-05-26,3300,2018-12-16,0116,3552,916D,7,5,4,3312,0,0,0,,0,035,"ENCANTO DR","ETHANAC RD",0.00,S,N,A,-,N,,,,,,,,,,Y,1,1,1,3,A,-,01,23152,B,N,G,B,E,A,H,-,C,D,0,Y,,,,Y,Y,A,01,0,0,1,1,1,0,0,0,0,"- ","- ",33.743099212646484,-117.18621063232422,RIVERSIDE,PERRIS,-117.18631744384766,33.742969512939453
8648662,2018,2019-03-01,3300,2018-05-21,2031,4649,905M,1,5,4,3307,0,0,0,,0,093,"LAKESHORE DR","ADAM AV",135.00,W,N,A,-,N,,,,,,,,,,Y,1,1,0,2,A,-,11,21956,,N,G,B,E,A,H,-,C,D,0,Y,,,,Y,,N,60,0,0,0,1,0,0,0,0,0,"- ","- ",33.675220489501953,-117.34728240966797,RIVERSIDE,"LAKE ELSINORE",-117.34765625,33.675384521484375
8649232,2018,2018-07-30,3300,2018-03-25,0106,5237,804A,7,5,3,3343,0,0,0,,0,WI83,"BUNDY CANYON RD","TULIP LN",100.00,W,N,A,-,N,,,,,,,,,,Y,2,0,1,1,A,-,03,22350,,N,E,I,A,A,H,-,D,D,0,,,Y,,Y,,C,02,1,0,0,0,0,0,0,0,1,"- ","- ",33.626541137695312,-117.25444030761719,RIVERSIDE,WILDOMAR,-117.26020812988281,33.62738037109375
8656490,2018,2018-08-01,3300,2018-06-12,2049,4867,"602 D",2,5,6,3394,0,0,0,,0,MV26,"PERRIS BL","WEBSTER RD",68.00,N,N,A,-,N,,,,,,,,,,N,2,0,1,2,A,-,11,21461,5,N,G,B,D,A,H,-,C,D,0,Y,,,,Y,,N,60,1,0,0,0,1,0,0,0,0,"- ","- ",33.937179565429688,-117.22628021240234,RIVERSIDE,"MORENO VALLEY",,
8657177,2018,2018-09-11,3309,2018-06-26,2109,443,3309,2,5,4,3309,0,0,0,,0,005,"JEFFERSON ST","AVE 42",0.00,,Y,A,-,N,,,,,,,,,,Y,2,0,2,3,A,-,12,21453,A,N,D,C,A,A,H,-,C,A,0,,,,,Y,,A,01,1,1,0,0,0,0,0,0,0,"- ","- ",,,RIVERSIDE,INDIO,-116.26487731933594,33.740940093994141
8657608,2018,2018-08-13,3308,2018-06-23,0042,10515,535,6,5,5,3308,0,0,0,,0,SOUTH,"SANDERSON AV","WENTWORTH DR",273.00,N,N,A,-,N,,,,,,,,,,Y,2,0,1,2,A,-,11,21954,A,N,G,B,D,A,H,-,D,A,0,Y,,,,Y,Y,N,60,1,0,0,0,1,0,0,0,0,"- ","- ",33.735721588134766,-117.00655364990234,RIVERSIDE,HEMET,-117.00669097900391,33.736568450927734
8662192,2018,2018-07-25,3309,2018-05-12,1837,191,3309,6,5,4,3309,0,0,0,,0,001,"VALENCIA AV","SUNGOLD ST",562.00,E,N,A,-,N,,,,,,,,,,N,2,0,1,3,A,-,09,21801,A,N,A,C,A,A,H,-,A,D,0,,,,,Y,,A,01,1,0,0,0,0,0,0,0,0,"- ","- ",,,RIVERSIDE,INDIO,-116.22931671142578,33.724384307861328
8665388,2018,2018-07-31,3300,2018-05-21,2217,N3765,87E2,1,5,2,3316,0,0,0,,0,J87,"VIA ORVIETO","VIA UZZANO",118.00,S,N,A,-,N,,,,,,,,,,N,2,0,1,1,A,-,01,23152,A,N,E,I,A,A,H,-,D,D,0,,,,,Y,Y,M,96,1,0,0,0,0,0,0,0,0,"- ","- ",,,RIVERSIDE,"INDIAN WELLS",-116.33029174804688,33.734554290771484
8670705,2018,2018-11-08,3300,2018-07-05,2016,3935,001B1,4,5,6,3345,0,0,0,,0,010,"RUBIDOUX BL","PRODUCTION CIR",246.00,S,N,A,-,N,,,,,,,,,,Y,2,0,2,2,A,-,01,23153,A,N,C,C,A,A,H,-,C,D,0,,,,Y,Y,,A,01,1,1,0,0,0,0,0,0,0,"- ","- ",,,RIVERSIDE,"JURUPA VALLEY",-117.38988494873047,34.023120880126953
8686772,2018,2018-10-03,3313,2018-07-18,1636,1499,1,3,5,7,3313,0,0,0,,0,T42,"MAGNOLIA AV","SCHOOL CIR",200.00,N,N,A,-,N,,,,,,,,,,Y,2,0,1,2,A,-,11,21954,A,N,G,B,D,A,H,-,A,D,0,Y,,,,Y,,A,07,1,0,0,0,1,0,0,0,0,"- ","- ",,,RIVERSIDE,RIVERSIDE,-117.39817810058594,33.950775146484375
8687445,2018,2018-10-18,3313,2018-08-09,0357,1562,E,4,5,7,3313,0,0,0,,0,1R37,"VAN BUREN BL","TRAUTWEIN RD",725.00,E,N,A,-,N,,,,,,,,,,Y,2,0,2,2,A,-,03,22350,,N,C,C,A,A,H,-,C,A,0,,,,,Y,,D,22,1,0,1,0,0,0,0,0,0,"- ","- ",33.888439178466797,-117.32430267333984,RIVERSIDE,RIVERSIDE,-117.32192230224609,33.888946533203125
8688011,2018,2018-10-08,3311,2018-08-11,1339,16144,,6,5,4,3311,0,0,0,,0,001,"INDIAN CANYON DR N","ALEJO RD",0.00,,Y,B,-,N,,,,,,,,,,Y,2,0,1,2,A,-,09,21801,A,N,D,C,A,A,H,-,A,A,0,,,,,Y,,A,01,1,0,0,0,0,0,0,0,0,"- ","- ",33.830421447753906,-116.54566192626953,RIVERSIDE,"PALM SPRINGS",-116.54560852050781,33.830310821533203
8690124,2018,2018-10-30,3300,2018-08-15,2112,4127,84D4,3,5,3,3305,0,0,0,,0,084,"RT 86","AVENUE 50",10.00,N,N,A,-,Y,RIV,8,86,-,-,20.431,I,5,N,Y,2,0,1,2,A,-,03,22350,,N,C,C,A,A,H,-,C,A,0,,,,Y,Y,,A,01,1,0,0,0,0,0,0,0,0,"- ","- ",,,RIVERSIDE,COACHELLA,-116.16629791259766,33.689517974853516
8691073,2018,2018-09-24,3300,2018-08-20,1449,5222,80B1,1,5,3,3305,0,0,0,,0,080,"GRAPEFRUIT BL","MITCHELL DR",430.00,N,N,A,-,N,,,,,,,,,,Y,2,0,3,2,A,-,07,21658,A,N,A,C,A,A,H,-,A,A,0,,,,,Y,Y,A,01,1,2,0,0,0,0,0,0,0,"- ","- ",,,RIVERSIDE,COACHELLA,-116.18922424316406,33.697376251220703
8696877,2018,2018-09-25,3300,2018-08-14,1330,N4187,916A,2,5,4,3312,0,0,0,,0,031,"NEVADA AV","MORGAN ST",0.00,,Y,A,-,N,,,,,,,,,,Y,2,0,2,2,A,-,09,21802,A,N,D,C,A,A,H,-,A,A,0,,,,,Y,,A,01,1,0,1,0,0,0,0,0,0,"- ","- ",33.83782958984375,-117.24810028076172,RIVERSIDE,PERRIS,-117.248046875,33.837638854980469
8697582,2018,2018-09-26,3313,2018-09-05,1942,1762,4,3,5,7,3313,0,0,0,,0,T44,"ARLINGTON AV","MONROE ST",120.00,W,N,A,-,N,,,,,,,,,,N,2,0,1,2,A,-,11,21956,A,N,G,B,E,A,H,-,C,B,0,Y,,,,Y,Y,N,60,1,0,0,0,1,0,0,0,0,"- ","- ",33.945831298828125,-117.44586944580078,RIVERSIDE,RIVERSIDE,-117.44607543945312,33.945869445800781
8699982,2018,2018-10-05,3313,2018-08-31,2310,1562,2,5,5,7,3313,0,0,0,,0,1R27,"SPRUCE ST","CHICAGO AV",0.00,,Y,A,-,N,,,,,,,,,,Y,2,0,3,2,A,-,12,21453,A,N,D,C,A,A,H,-,C,A,0,,,,,Y,Y,A,01,1,1,1,0,0,0,0,0,0,"- ","- ",33.990421295166016,-117.34853363037109,RIVERSIDE,RIVERSIDE,-117.34853363037109,33.990310668945312
8701090,2018,2018-12-11,3300,2018-07-12,1835,N4508,920A,4,5,4,3314,0,0,0,,0,070,"SANDERSON AV","MILE MARKER 79 RIV 32.50",101.00,S,N,A,-,Y,RIV,8,79,-,M,32.350,H,-,S,Y,2,0,2,2,A,-,07,21658,A,N,B,C,A,A,H,-,A,A,0,,,,,Y,,A,01,1,0,1,0,0,0,0,0,0,"- ","- ",33.823699951171875,-117.00328063964844,RIVERSIDE,"SAN JACINTO",-117.00359344482422,33.824726104736328
8711563,2018,2018-11-01,3300,2018-10-14,0806,3491,910M,7,5,5,3335,0,0,0,,0,TE93,"TEMECULA PKWY","RANCHO PUEBLO",41.00,W,N,A,-,N,,,,,,,,,,Y,2,0,5,2,A,-,09,21453,C,N,C,C,A,A,H,-,A,A,0,,,,,Y,,A,07,1,0,4,0,0,0,0,0,0,"- ","- ",,,RIVERSIDE,TEMECULA,-117.11190795898438,33.477687835693359
8719442,2018,2018-11-21,3300,2018-10-03,1946,4153,910H,3,5,5,3335,0,0,0,,0,063,"MARGARITA RD","AVENIDA BARCA",0.00,,Y,A,-,N,,,,,,,,,,N,2,0,1,2,A,-,12,21453,A,N,D,G,A,A,H,-,C,A,0,,Y,,,Y,,L,04,1,0,0,0,0,0,1,0,0,"- ","- ",33.515468597412109,-117.13037109375,RIVERSIDE,TEMECULA,-117.13053131103516,33.515621185302734
8722655,2018,2018-11-14,3300,2018-08-20,1949,3536,602C1,1,5,6,3394,0,0,0,,0,MV24,"DRACAEA AV","DRACAEA AV 23406",0.00,,N,A,-,N,,,,,,,,,,N,2,0,1,4,C,-,18,,,N,G,B,F,A,H,-,C,D,0,Y,,,,Y,,-,"- ",1,0,0,0,1,0,0,0,0,"- ","- ",,,RIVERSIDE,"MORENO VALLEY",-117.254183,33.928108000000002
8739949,2018,2018-11-27,3313,2018-11-07,1521,1073,5,3,5,7,3313,0,0,0,,0,M31,"ARLINGTON AV","NORWOOD AV",20.00,W,N,A,-,N,,,,,,,,,,Y,2,0,1,2,A,-,09,21802,A,N,D,C,A,A,H,-,A,A,0,,,,,Y,,D,22,1,0,0,0,0,0,0,0,0,"- ","- ",33.944351196289062,-117.48644256591797,RIVERSIDE,RIVERSIDE,-117.48653411865234,33.944393157958984
8743250,2018,2019-01-24,3313,2018-11-10,2019,1886,5,6,5,7,3313,0,0,0,,0,3R52,"ARLINGTON AV","TYLER ST",30.00,W,N,A,-,N,,,,,,,,,,Y,2,0,2,2,A,-,01,23152,A,N,C,D,A,A,H,-,C,A,0,,,Y,,Y,Y,D,22,2,0,0,0,0,0,0,0,2,"- ","- ",33.946441650390625,-117.47750854492188,RIVERSIDE,RIVERSIDE,-117.47772216796875,33.946571350097656
8744584,2018,2019-04-11,3309,2018-11-03,2500,326,3309,6,5,4,3309,0,0,0,,0,002,"AVE 44","JACKSON ST",0.00,,Y,A,-,N,,,,,,,,,,Y,2,0,3,2,A,-,17,21451,A,N,D,C,A,A,H,-,C,A,0,,,,,Y,,A,01,1,0,2,0,0,0,0,0,0,"- ","- ",,,RIVERSIDE,INDIO,-116.21630859375,33.729438781738281
8746222,2018,2019-01-17,3300,2018-11-15,1715,5335,509C,4,5,5,3341,0,0,0,,0,059,"ANTELOPE RD","SCOTT RD",516.00,N,N,A,-,N,,,,,,,,,,Y,2,0,1,2,A,-,09,21801,A,N,D,C,A,A,H,-,C,D,0,,,Y,,Y,,A,01,1,0,0,0,0,0,0,0,1,"- ","- ",33.641681671142578,-117.16805267333984,RIVERSIDE,MENIFEE,-117.16831970214844,33.642917633056641
8749947,2018,2019-01-24,3308,2018-10-18,1240,10470,610,4,5,5,3308,0,0,0,,0,NORTH,"FLORIDA AV","LAKE ST",0.00,,Y,A,-,Y,RIV,8,74,-,-,43.741,I,5,W,Y,2,0,3,2,A,-,09,21801,A,N,D,C,A,A,H,-,A,A,0,,,,,Y,,A,01,1,1,1,0,0,0,0,0,0,"- ","- ",33.747520446777344,-116.91667938232422,RIVERSIDE,HEMET,-116.91674041748047,33.747776031494141
8756167,2018,2019-01-23,3313,2018-11-25,0117,1716,4,7,5,7,3313,0,0,0,,0,1R49,"ARLINGTON AV","MORNINGSIDE AV",0.00,,Y,A,-,N,,,,,,,,,,N,2,0,2,1,A,-,01,23152,A,F,E,I,A,A,H,-,C,D,0,,,,,Y,Y,A,01,1,0,1,0,0,0,0,0,0,"- ","- ",33.945831298828125,-117.43341064453125,RIVERSIDE,RIVERSIDE,-117.43360900878906,33.945949554443359
8762770,2018,2018-12-28,3300,2018-10-16,2030,3536,603B5,2,5,6,3394,0,0,0,,0,MV34,"KRAMERIA AV","PERRIS BL",0.00,,Y,A,-,N,,,,,,,,,,N,2,0,1,2,A,-,10,21950,A,F,G,B,B,A,H,-,C,A,0,Y,,,,Y,,-,99,1,0,0,0,1,0,0,0,0,"- ","- ",33.881008148193359,-117.22627258300781,RIVERSIDE,"MORENO VALLEY",-117.22617340087891,33.881050109863281
8762817,2018,2018-12-27,3300,2018-08-26,1922,4579,908,7,5,3,3337,0,0,0,,0,039,"OLD WRANGLER RD","VACATION DR",0.00,,Y,A,-,N,,,,,,,,,,Y,2,0,4,1,A,-,01,23152,B,N,F,J,A,A,H,-,D,D,0,,,,,Y,Y,M,96,2,2,0,0,0,0,0,0,0,"- ","- ",33.698799133300781,-117.27081298828125,RIVERSIDE,"CANYON LAKE",-117.27057647705078,33.698219299316406
8765976,2018,2019-01-07,3313,2018-11-07,1959,1798,5,3,5,7,3313,0,0,0,,0,T47,"LA SIERRA AV","ARIZONA AV",450.00,S,N,A,-,N,,,,,,,,,,N,2,0,1,2,A,-,11,21954,A,N,G,B,D,A,H,-,C,D,0,Y,,,,Y,Y,N,60,1,0,0,0,1,0,0,0,0,"- ","- ",33.890800476074219,-117.46610260009766,RIVERSIDE,RIVERSIDE,-117.46526336669922,33.889972686767578
8778042,2018,2019-01-26,3313,2018-12-11,1832,1911,5,2,5,7,3313,0,0,0,,0,3R52,"MAGNOLIA AV","BANBURY DR",299.00,W,N,A,-,N,,,,,,,,,,N,2,0,1,2,A,-,11,21956,A,N,G,B,E,A,H,-,D,A,0,Y,,,,Y,,N,60,1,0,0,0,1,0,0,0,0,"- ","- ",,,RIVERSIDE,RIVERSIDE,-117.465576171875,33.909645080566406
8788165,2018,2019-01-26,3313,2018-12-20,2027,1798,1,4,5,7,3313,0,0,0,,0,T47,"CENTRAL AV","DE ANZA AV",200.00,E,N,A,-,N,,,,,,,,,,N,2,0,1,2,A,-,11,21954,A,N,G,B,D,A,H,-,C,D,0,Y,,,,Y,,N,60,1,0,0,0,1,0,0,0,0,"- ","- ",33.952999114990234,-117.39299774169922,RIVERSIDE,RIVERSIDE,-117.39276123046875,33.953540802001953
8790238,2018,2019-02-07,3301,2018-10-30,1817,U453,2,2,5,4,3301,0,0,0,,0,002,"4TH ST","RAMSEY ST",12.00,N,N,A,-,N,,,,,,,,,,N,2,0,1,2,A,-,10,21950,A,N,G,B,B,A,H,-,C,A,0,Y,,,,Y,,A,01,1,0,0,0,1,0,0,0,0,"- ","- ",33.925418853759766,-116.88114929199219,RIVERSIDE,BANNING,-116.88114166259766,33.925464630126953
8804180,2019,2019-03-05,3313,2019-02-01,0700,1488,2,5,5,7,3313,0,0,0,,0,M20,"LINDEN ST","CRANFORD AV",15.00,W,N,A,-,N,,,,,,,,,,N,2,0,1,2,A,-,10,21950,A,N,G,B,B,D,H,-,A,A,0,Y,,,,Y,,A,01,1,0,0,0,1,0,0,0,0,"- ","- ",33.979209899902344,-117.34404754638672,RIVERSIDE,RIVERSIDE,-117.34424591064453,33.979351043701172
8808064,2019,2021-05-25,3300,2019-02-14,1723,3552,505A,4,5,5,3341,0,0,0,,0,055,"RT 74","MCKINLEY RD",0.00,E,N,B,-,Y,RIV,8,74,-,-,30.050,H,-,W,Y,1,1,0,3,A,-,11,21955,,N,G,B,D,B,H,-,B,D,0,Y,,,,Y,Y,N,60,0,0,0,1,0,0,0,0,0,"- ","- ",33.743000030517578,-117.14959716796875,RIVERSIDE,MENIFEE,-117.14974975585938,33.743175506591797
8808341,2018,2019-06-25,3300,2018-10-25,1337,4024,804C,4,5,3,3343,0,0,0,,0,084,"BUNDY CANYON RD","HARVEST WY",0.00,,Y,A,-,N,,,,,,,,,,Y,1,1,2,2,A,-,09,21802,A,N,A,C,A,A,H,-,A,A,0,,,,,Y,,A,01,0,1,1,0,0,0,0,0,0,"- ","- ",33.638210296630859,-117.23600769042969,RIVERSIDE,WILDOMAR,-117.23610687255859,33.638198852539062
8808432,2018,2019-08-23,3301,2018-08-07,1353,U456,11,2,5,4,3301,0,0,0,,0,001,"E GEORGE","N ALESSANDRO ST",520.00,E,N,A,-,N,,,,,,,,,,Y,1,1,0,2,A,-,11,21954,A,N,G,B,E,A,H,-,A,D,0,Y,,,,Y,,A,01,0,0,0,1,0,0,0,0,0,"- ","- ",33.930328369140625,-116.87265777587891,RIVERSIDE,BANNING,-116.87297058105469,33.930805206298828
8808501,2019,2019-09-16,3300,2019-03-08,0337,4649,905A,5,5,4,3307,0,0,0,,0,095,"RT 74","MERMACK ST",0.00,,Y,A,-,N,,,,,,,,,,Y,1,1,0,2,A,-,01,23152,A,N,C,C,A,B,H,-,D,D,0,,,,Y,Y,Y,A,07,0,0,0,0,0,0,0,0,0,"- ","- ",,,RIVERSIDE,"LAKE ELSINORE",,
8824665,2019,2019-03-27,3315,2019-02-28,1815,001874,2F,4,5,6,3315,0,0,0,,0,002,"PARKRIDGE AV","CRESTA RD",0.00,,Y,A,-,N,,,,,,,,,,N,2,0,1,2,A,-,05,21650,1,N,H,G,A,A,H,-,C,A,0,,Y,,,Y,,L,04,1,0,0,0,0,0,0,0,0,"- ","- ",,,RIVERSIDE,CORONA,-117.54962158203125,33.886390686035156
8835592,2019,2019-04-15,3300,2019-03-21,1926,4579,916D,4,5,4,3312,0,0,0,,0,035,"4TH ST","PARK AV",0.00,,Y,B,-,N,,,,,,,,,,Y,2,0,2,2,A,-,03,22350,,N,D,C,A,B,H,-,C,D,0,,,,,Y,,A,01,1,0,1,0,0,0,0,0,0,"- ","- ",,,RIVERSIDE,PERRIS,-117.23693084716797,33.782341003417969
8845637,2019,2019-05-02,3300,2019-04-13,2124,5070,916A,6,5,4,3312,0,0,0,,0,031,"PERRIS BL","RIDER ST",0.00,,Y,A,-,N,,,,,,,,,,Y,2,0,5,3,A,-,12,21453,A,N,D,C,A,A,H,-,C,A,0,,,,,Y,Y,D,22,2,0,3,0,0,0,0,0,0,"- ","- ",33.830131530761719,-117.22617340087891,RIVERSIDE,PERRIS,-117.22606658935547,33.830081939697266
8847708,2019,2019-05-03,3313,2019-04-11,1640,1903,5,4,5,7,3313,0,0,0,,0,T47,"JURUPA AV","WINTERHAVEN AV",221.00,,N,B,-,N,,,,,,,,,,Y,2,0,2,2,A,-,08,22107,,N,D,C,A,A,H,-,A,D,0,,,,,Y,,D,22,1,1,0,0,0,0,0,0,0,"- ","- ",33.958980560302734,-117.45548248291016,RIVERSIDE,RIVERSIDE,-117.45556640625,33.959541320800781
8851852,2019,2019-07-08,3313,2019-04-15,1047,1912,5,1,5,7,3313,0,0,0,,0,2R59,"MAGNOLIA AV","BUCHANAN ST",948.00,E,N,A,-,N,,,,,,,,,,Y,2,0,2,2,A,-,03,22350,,N,C,C,A,A,H,-,A,A,0,,,,,Y,,A,01,2,0,0,0,0,0,0,0,0,"- ","- ",33.890899658203125,-117.49855804443359,RIVERSIDE,RIVERSIDE,-117.49600219726562,33.892364501953125
8870617,2019,2019-06-11,3313,2019-05-27,0236,1937,5,1,5,7,3313,0,0,0,,0,1R59,"VAN BUREN BL","MAGNOLIA AV",5.00,S,N,A,-,N,,,,,,,,,,,2,0,1,2,A,-,05,21202,A,N,D,G,A,B,H,-,B,A,0,,Y,,,Y,,L,04,1,0,0,0,0,0,1,0,0,"- ","- ",33.919719696044922,-117.44705200195312,RIVERSIDE,RIVERSIDE,-117.44660186767578,33.920379638671875
8875397,2019,2019-06-24,3300,2019-06-09,2348,4649,905M,7,5,4,3307,0,0,0,,0,093,"RIVERSIDE DR","GUNNERSON ST",707.00,E,N,A,-,Y,,,74,,,,,,,Y,2,0,5,2,A,-,01,23152,A,N,A,C,A,A,H,-,C,D,0,,,,,Y,Y,D,22,1,4,0,0,0,0,0,0,0,"- ","- ",33.689239501953125,-117.35498046875,RIVERSIDE,"LAKE ELSINORE",-117.35497283935547,33.689186096191406
8876503,2019,2019-06-21,3300,2019-05-09,0740,5221,32E7,4,5,4,3318,0,0,0,,0,MO872,"RT 74","MESQUITE HILLS",101.00,N,N,A,-,Y,,,,,,,,,,N,2,0,1,1,C,-,18,,,N,H,-,A,A,H,-,A,D,0,,Y,,,Y,,-,"- ",1,0,0,0,0,0,1,0,0,"- ","- ",33.677631378173828,-116.40725708007812,RIVERSIDE,"PALM DESERT",,
8884242,2019,2019-06-25,3300,2019-05-24,2126,5220,916C,5,5,4,3312,0,0,0,,0,034,"4TH ST","A ST",0.00,,Y,A,-,N,,,,,,,,,,N,2,0,2,3,A,-,01,23152,A,N,A,C,A,A,H,-,C,A,0,,,,,Y,Y,A,01,1,0,1,0,0,0,0,0,0,"- ","- ",,,RIVERSIDE,PERRIS,-117.23475646972656,33.7823486328125
8884250,2019,2019-06-25,3300,2019-05-24,2120,5220,916C,5,5,4,3312,0,0,0,,0,034,"4TH ST","NAVAJO RD",0.00,,Y,A,-,N,,,,,,,,,,N,2,0,1,2,A,-,03,22350,,M,C,C,A,A,H,-,D,A,0,,,,,Y,Y,A,01,1,0,0,0,0,0,0,0,0,"- ","- ",,,RIVERSIDE,PERRIS,-117.24334716796875,33.781131744384766
8890905,2019,2020-09-18,3300,2019-05-15,1658,4024,905L,3,5,4,3307,0,0,0,,0,093,"RIVERSIDE DR","GRAND AV",0.00,,Y,A,-,Y,RIV,8,74,-,-,12.453,I,5,W,Y,2,0,3,2,A,-,09,21802,A,N,D,C,A,A,H,-,A,A,0,,,,,Y,,A,01,2,0,1,0,0,0,0,0,0,"- ","- ",,,RIVERSIDE,"LAKE ELSINORE",-117.38414001464844,33.664108276367188
8901589,2019,2019-07-31,3300,2019-06-30,1618,3536,603B3,7,5,6,3394,0,0,0,,0,MV34,"PERRIS BL","NANDINA AV",382.00,N,N,A,-,N,,,,,,,,,,Y,2,0,3,1,A,-,17,23109,A,N,E,I,A,A,H,-,A,D,0,,,,,Y,,A,01,1,2,0,0,0,0,0,0,0,"- ","- ",33.866539001464844,-117.22602844238281,RIVERSIDE,"MORENO VALLEY",-117.2261962890625,33.867546081542969
8910561,2019,2019-10-30,3313,2019-06-26,2316,1214,4,3,5,7,3313,0,0,0,,0,1R41,"INDIANA AV","GIBSON ST",522.00,W,N,A,-,N,,,,,,,,,,,2,0,1,2,A,-,11,21954,A,N,G,B,D,A,H,-,C,D,0,Y,,,,Y,,N,60,1,0,0,0,1,0,0,0,0,"- ","- ",33.915500640869141,-117.43829345703125,RIVERSIDE,RIVERSIDE,-117.43920135498047,33.915397644042969
8910887,2020,2020-04-03,3300,2020-01-09,0126,3988,002T,4,5,6,3345,0,0,0,,0,024,"VAN BUREN BL","STUDIO PL",38.00,N,N,A,B,N,,,,,,,,,,Y,1,1,0,6,A,-,03,22350,,F,A,C,A,A,H,-,D,A,0,,,,Y,Y,Y,F,26,0,0,0,0,0,0,0,0,0,"- ","- ",33.970119476318359,-117.47319030761719,RIVERSIDE,"JURUPA VALLEY",-117.47370910644531,33.971473693847656
8910899,2020,2022-06-18,3313,2020-02-21,0235,1526,5,5,5,7,3313,0,0,0,,0,1R45,"VAN BUREN BL","VICTORIA AV",879.00,S,N,A,-,N,,,,,,,,,,Y,1,1,0,1,A,-,08,22107,,N,E,I,A,A,H,-,C,D,0,,,,,Y,Y,A,01,0,0,0,0,0,0,0,0,0,"- ","- ",33.904758453369141,-117.43366241455078,RIVERSIDE,RIVERSIDE,-117.43222045898438,33.902816772460938
8910922,2020,2022-06-18,3300,2020-01-07,2008,4579,505A,2,5,5,3341,0,0,0,,0,051,"RT 74","MCKINLEY RD",0.00,W,N,A,-,Y,RIV,8,74,-,-,29.990,H,-,E,Y,1,1,0,2,A,-,11,21955,,N,G,B,D,A,H,-,C,D,0,Y,,,,Y,Y,N,60,0,0,0,1,0,0,0,0,0,"- ","- ",33.743000030517578,-117.14959716796875,RIVERSIDE,MENIFEE,-117.15078735351562,33.743091583251953