CASE_ID,ACCIDENT_YEAR,PROC_DATE,JURIS,COLLISION_DATE,COLLISION_TIME,OFFICER_ID,REPORTING_DISTRICT,DAY_OF_WEEK,CHP_SHIFT,POPULATION,CNTY_CITY_LOC,SPECIAL_COND,BEAT_TYPE,CHP_BEAT_TYPE,CITY_DIVISION_LAPD,CHP_BEAT_CLASS,BEAT_NUMBER,PRIMARY_RD,SECONDARY_RD,DISTANCE,DIRECTION,INTERSECTION,WEATHER_1,WEATHER_2,STATE_HWY_IND,CALTRANS_COUNTY,CALTRANS_DISTRICT,STATE_ROUTE,ROUTE_SUFFIX,POSTMILE_PREFIX,POSTMILE,LOCATION_TYPE,RAMP_INTERSECTION,SIDE_OF_HWY,TOW_AWAY,COLLISION_SEVERITY,NUMBER_KILLED,NUMBER_INJURED,PARTY_COUNT,PRIMARY_COLL_FACTOR,PCF_CODE_OF_VIOL,PCF_VIOL_CATEGORY,PCF_VIOLATION,PCF_VIOL_SUBSECTION,HIT_AND_RUN,TYPE_OF_COLLISION,MVIW,PED_ACTION,ROAD_SURFACE,ROAD_COND_1,ROAD_COND_2,LIGHTING,CONTROL_DEVICE,CHP_ROAD_TYPE,PEDESTRIAN_ACCIDENT,BICYCLE_ACCIDENT,MOTORCYCLE_ACCIDENT,TRUCK_ACCIDENT,NOT_PRIVATE_PROPERTY,ALCOHOL_INVOLVED,STWD_VEHTYPE_AT_FAULT,CHP_VEHTYPE_AT_FAULT,COUNT_SEVERE_INJ,COUNT_VISIBLE_INJ,COUNT_COMPLAINT_PAIN,COUNT_PED_KILLED,COUNT_PED_INJURED,COUNT_BICYCLIST_KILLED,COUNT_BICYCLIST_INJURED,COUNT_MC_KILLED,COUNT_MC_INJURED,PRIMARY_RAMP,SECONDARY_RAMP,LATITUDE,LONGITUDE,COUNTY,CITY,POINT_X,POINT_Y
6388176,2014,2016-03-11,9655,2014-02-06,2135,16564,,4,2,9,3300,0,1,3,,2,212,"RT 60","GILMAN SPRINGS RD",7392.00,E,N,C,-,Y,RIV,8,60,-,-,23.500,H,-,W,Y,2,0,2,2,A,-,03,22350,,N,B,C,A,B,H,-,D,D,1,,,,,Y,Y,A,07,1,1,0,0,0,0,0,0,0,"- ","- ",33.937179999999998,-117.10388,RIVERSIDE,UNINCORPORATED,-117.10394098,33.937132910000003
6393187,2014,2014-06-13,3313,2014-01-13,1852,1073,NORTH,1,5,7,3313,0,0,0,,0,T42,"CENTRAL AV","DE ANZA AV",0.00,W,N,A,-,N,,,,,,,,,,Y,2,0,2,2,A,-,11,21955,,N,G,B,D,A,H,-,C,A,0,Y,,,,Y,,N,60,1,1,0,0,1,0,0,0,0,"- ","- ",,,RIVERSIDE,RIVERSIDE,-117.39342009000001,33.953540060000002
6402972,2014,2016-02-22,9840,2014-03-06,0755,013950,,4,1,9,3300,0,1,1,,2,037,"RT 15","TEMESCAL CANYON RD",810.00,S,N,A,-,Y,RIV,8,15,-,-,31.750,H,-,N,Y,2,0,1,2,A,-,07,21658,A,N,C,C,A,A,H,-,A,D,1,,,Y,,Y,,C,02,1,0,0,0,0,0,0,0,1,"- ","- ",,,RIVERSIDE,UNINCORPORATED,-117.46979523,33.761184870000001
6407167,2014,2014-07-03,9655,2014-02-12,1450,13633,,3,2,9,3300,0,3,5,,2,002,"NOBLE ST","CHERRY VALLEY BL",0.00,,Y,A,-,N,,,,,,,,,,Y,2,0,1,2,A,-,09,21801,A,N,D,C,A,A,H,-,A,D,0,,,Y,,Y,,A,01,1,0,0,0,0,0,0,0,1,"- ","- ",33.968800000000002,-116.96827999999999,RIVERSIDE,UNINCORPORATED,-116.96836012,33.968760090000004
6413538,2014,2016-03-21,9840,2014-03-13,1728,12608,,4,2,6,3345,0,1,3,,2,101,"RT 60","RUBIDOUX BL",325.00,W,N,A,-,Y,RIV,8,60,-,-,9.500,H,-,E,N,2,0,1,1,A,-,03,22350,,N,F,A,A,A,H,-,A,D,1,,,Y,,Y,,C,02,1,0,0,0,0,0,0,0,1,"- ","- ",34.004469999999998,-117.40165,RIVERSIDE,"JURUPA VALLEY",-117.40144023000001,34.004405130000002
6415267,2014,2016-02-18,9685,2014-02-08,1503,015360,,6,2,5,3335,0,1,1,,2,030,"RT 15","RT 79",942.00,N,N,A,-,Y,RIV,8,15,-,-,6.800,H,-,N,Y,2,0,2,3,A,-,01,23152,A,N,E,A,A,A,H,-,A,A,1,,,Y,Y,Y,Y,C,02,2,0,0,0,0,0,0,0,2,"- ","- ",,,RIVERSIDE,TEMECULA,-117.16435928999999,33.524932769999999
6420925,2014,2014-07-11,3313,2014-03-17,2119,1537,C,1,5,7,3313,0,0,0,,0,C320,"ADAMS ST","ACAPULCO PL",200.00,S,N,A,-,N,,,,,,,,,,Y,2,0,2,1,C,-,18,,,N,E,I,A,A,H,-,C,D,0,,,,,Y,Y,-,"- ",1,0,1,0,0,0,0,0,0,"- ","- ",,,RIVERSIDE,RIVERSIDE,-117.43002874,33.94001214
6420939,2014,2014-06-25,9840,2014-03-02,0005,18613,,7,3,9,3300,0,2,4,,2,045,"CAJALCO RD","ALEXANDER ST",528.00,E,N,B,-,N,,,,,,,,,,N,2,0,1,2,A,-,11,21956,A,N,B,B,E,A,H,-,D,D,0,Y,,,,Y,,N,60,1,0,0,0,1,0,0,0,0,"- ","- ",,,RIVERSIDE,UNINCORPORATED,-117.30336672999999,33.837058880000001
6423744,2014,2014-06-27,9630,2014-03-21,0522,015876,,5,3,9,3300,0,2,4,,2,053,"HARRISON ST","62ND AV",0.00,,Y,A,-,N,,,,,,,,,,Y,2,0,2,2,A,-,09,21802,A,N,D,C,A,A,H,-,D,A,0,,,,,Y,,D,22,1,0,1,0,0,0,0,0,0,"- ","- ",33.598500000000001,-116.61811,RIVERSIDE,UNINCORPORATED,-116.18120005,33.598390109999997
6429640,2014,2014-07-26,3300,2014-01-21,1800,2694,920F,2,5,4,3314,0,0,0,,0,074,"ESPLANADE AV","LAS ROSAS DR",474.00,E,N,A,-,N,,,,,,,,,,Y,2,0,1,1,A,-,03,22350,,N,E,I,A,A,H,-,C,D,0,,,,,Y,,A,01,1,0,0,0,0,0,0,0,0,"- ","- ",33.771630000000002,-116.94024,RIVERSIDE,"SAN JACINTO",-116.94025376,33.7716505
6429902,2014,2014-06-28,3311,2014-02-17,1301,15789,3311,1,5,4,3311,0,0,0,,0,005,"EAST RAMON RD","CALLE ABRONIA",0.00,,Y,A,-,N,,,,,,,,,,Y,2,0,3,2,A,-,01,23152,A,N,D,C,A,A,H,-,A,D,0,,,,,Y,Y,A,01,2,0,1,0,0,0,0,0,0,"- ","- ",,,RIVERSIDE,"PALM SPRINGS",-116.54209,33.815860030000003
6430365,2014,2015-10-06,9655,2014-03-15,1711,17582,,6,2,9,3300,0,3,5,,2,003,"RT 79","CATLIN AV",528.00,S,N,A,-,N,,,79,,,,,,,Y,2,0,1,1,A,-,08,22107,,N,F,A,A,A,H,-,A,D,0,,,Y,,Y,,C,02,1,0,0,0,0,0,0,0,1,"- ","- ",33.734569999999998,-117.07642,RIVERSIDE,UNINCORPORATED,-117.07635337000001,33.734569239999999
6431158,2014,2014-06-30,3300,2014-03-11,1138,5039,34H5,2,5,4,3318,0,0,0,,0,MO875,"WASHINGTON ST","MOUNTAIN VIEW",541.00,S,N,A,-,N,,,,,,,,,,Y,2,0,2,2,A,-,09,21804,A,N,D,C,A,A,H,-,A,D,0,,,Y,,Y,,A,01,1,0,1,0,0,0,0,0,1,"- ","- ",,,RIVERSIDE,"PALM DESERT",-116.30394,33.733879909999999
6437071,2014,2014-06-10,3300,2014-01-29,0559,4323,910F,3,5,5,3335,0,0,0,,0,062,"YNEZ RD","MOTOR CAR PKWY",0.00,,Y,A,-,N,,,,,,,,,,Y,2,0,1,2,A,-,12,21453,A,N,G,B,B,A,H,-,A,A,0,Y,,,,Y,,A,01,1,0,0,0,1,0,0,0,0,"- ","- ",,,RIVERSIDE,TEMECULA,-117.15594013,33.517080010000001
6448094,2014,2016-04-16,9685,2014-04-09,0735,14349,,3,1,9,3300,0,1,3,,1,026,"RT 74","SULTANS AV",454.00,E,N,A,-,Y,RIV,8,74,-,-,31.390,H,-,W,N,2,0,1,2,A,-,08,22107,,N,B,G,A,A,H,-,A,D,0,,Y,,,Y,,L,04,1,0,0,0,0,0,1,0,0,"- ","- ",,,RIVERSIDE,UNINCORPORATED,-117.12626942999999,33.743259039999998
6455889,2014,2014-07-10,9655,2014-04-14,1410,013757,,1,2,9,3300,0,3,5,,2,003,"STATE ST","RECORD RD",200.00,S,N,A,-,N,,,,,,,,,,N,2,0,1,1,A,-,03,22350,,N,F,A,A,A,H,-,A,D,0,,,Y,,Y,,C,02,1,0,0,0,0,0,0,0,1,"- ","- ",33.82376,-116.9744,RIVERSIDE,UNINCORPORATED,-116.97219662000001,33.815969670000001
6461406,2014,2015-12-17,3313,2014-04-29,1638,399,NORTH,2,5,7,3313,0,0,0,,0,M18,"14TH ST","PARK AV",0.00,,Y,A,G,N,,,,,,,,,,Y,1,1,8,5,A,-,01,23152,A,N,D,C,A,A,H,-,A,A,0,,,,,Y,Y,D,22,1,5,2,0,0,0,0,0,0,"- ","- ",,,RIVERSIDE,RIVERSIDE,-117.36851002,33.971590110000001
6465384,2014,2016-04-16,9840,2014-04-05,1140,16342,,6,1,4,3310,0,1,1,,2,011,"RT 15","DETROIT ST",50.00,N,N,A,-,Y,RIV,8,15,-,-,45.900,H,-,N,Y,2,0,3,2,A,-,03,22350,,N,F,A,A,A,H,-,A,D,1,,,Y,,Y,,C,02,1,2,0,0,0,0,0,0,3,"- ","- ",33.942869999999999,-117.55528,RIVERSIDE,NORCO,-117.55539921,33.942312039999997
6469421,2014,2014-06-19,3306,2014-01-06,0745,087,3306,1,5,3,3306,0,0,0,,0,,"12TH ST","SANTA CRUZ RD",0.00,,Y,A,-,N,,,,,,,,,,N,2,0,1,2,A,-,11,21950,B,N,G,B,D,A,H,-,A,A,0,Y,,,,Y,,N,60,1,0,0,0,1,0,0,0,0,"- ","- ",,,RIVERSIDE,"DESERT HOT SPRINGS",-116.50704005,33.972350110000001
6473799,2014,2014-08-06,3300,2014-02-07,1521,,,5,5,6,3394,0,0,0,,0,,"FREDERICK ST","BAY AV",0.00,,Y,A,-,N,,,,,,,,,,Y,2,0,1,3,-,-,"- ",,,N,D,C,F,A,H,-,A,A,0,Y,,,,Y,,-,"- ",1,0,0,0,1,0,0,0,0,"- ","- ",33.920900000000003,-117.26103000000001,RIVERSIDE,"MORENO VALLEY",-117.26115003,33.920860060000003
6478310,2014,2014-07-14,3313,2014-04-11,1353,1222,WEST,5,5,7,3313,0,0,0,,0,T41,"CYPRESS AV","PICKER ST",294.00,W,N,A,-,N,,,,,,,,,,Y,2,0,2,2,A,-,05,21460,A,N,D,C,A,A,H,-,A,D,0,,,Y,,Y,,A,01,1,1,0,0,0,0,0,0,1,"- ","- ",,,RIVERSIDE,RIVERSIDE,-117.46352653,33.94285893
6480245,2014,2014-07-31,3300,2014-04-23,1640,4338,920C,3,5,4,3314,0,0,0,,0,070,"SANDERSON AV","FARM MEADOWS DR",0.00,,Y,A,-,N,,,,,,,,,,Y,2,0,4,2,A,-,09,21802,A,N,D,C,A,A,H,-,A,A,0,,,,,Y,,A,01,1,2,1,0,0,0,0,0,0,"- ","- ",,,RIVERSIDE,"SAN JACINTO",-117.00670006999999,33.776380080000003
6487241,2014,2016-04-16,9840,2014-05-09,0226,18498,,5,3,7,3313,0,1,1,,2,040,"RT 215","VAN BUREN BL",3825.00,N,N,A,-,Y,RIV,8,215,-,R,34.890,H,-,S,Y,2,0,1,1,A,-,01,23152,A,N,E,I,A,A,H,-,D,D,1,,,,,Y,Y,A,01,1,0,0,0,0,0,0,0,0,"- ","- ",33.897680000000001,-117.27526,RIVERSIDE,RIVERSIDE,-117.27506649,33.897523360000001
6498124,2014,2016-04-16,9655,2014-05-04,1845,15892,,7,2,9,3300,0,1,3,,1,118,"RT 74","BIG HORN DR",1584.00,W,N,A,-,Y,RIV,8,74,-,-,84.870,H,-,E,Y,2,0,1,1,A,-,08,22107,,N,F,A,A,A,H,-,A,D,0,,,Y,,Y,,C,02,1,0,0,0,0,0,0,0,1,"- ","- ",33.617420000000003,-116.41410999999999,RIVERSIDE,UNINCORPORATED,-116.41350165,33.617709429999998
6500429,2014,2015-12-21,9630,2014-05-17,0455,20263,,6,3,9,3300,0,1,3,,2,112,"RT 111","GRANT ST",2640.00,N,N,A,-,N,,,111,,,,,,,Y,2,0,4,2,A,-,08,22107,,N,D,C,A,A,H,-,D,D,0,,,,,Y,,A,01,1,0,3,0,0,0,0,0,0,"- ","- ",33.549909999999997,-116.05276000000001,RIVERSIDE,UNINCORPORATED,-116.05271037,33.550028439999998
6509838,2014,2016-04-16,9840,2014-05-27,0725,13500,,2,1,7,3313,0,1,3,,2,020,"RT 91","MAGNOLIA AV",391.00,W,N,A,-,Y,RIV,8,91,-,-,11.192,R,2,W,Y,2,0,1,1,A,-,08,22107,,N,E,I,A,A,H,-,A,D,1,,,,,Y,,A,07,1,0,0,0,0,0,0,0,0,TO,"- ",33.897480000000002,-117.48813,RIVERSIDE,RIVERSIDE,-117.48634407999999,33.896990979999998
6515484,2014,2016-04-16,9685,2014-05-28,1540,012979,,3,2,9,3300,0,1,3,,1,045,"RT 371","EL PASTA RD",196.00,W,N,A,-,Y,RIV,8,371,-,-,58.410,H,-,E,Y,2,0,1,1,A,-,01,23152,A,N,E,I,A,A,H,-,A,D,0,,,,,Y,Y,A,01,1,0,0,0,0,0,0,0,0,"- ","- ",33.46651,-116.8552,RIVERSIDE,UNINCORPORATED,-116.8553701,33.466832879999998
6517051,2014,2014-08-26,3300,2014-06-14,1625,N3130,509D,6,5,5,3341,0,0,0,,0,059,SCOTT,EILEEN,289.00,W,N,A,-,N,,,,,,,,,,N,2,0,3,1,A,-,08,22107,,N,F,A,A,A,H,-,A,D,0,,,,,Y,,A,07,1,0,2,0,0,0,0,0,0,"- ","- ",,,RIVERSIDE,MENIFEE,,
6517759,2014,2014-08-07,9685,2014-06-03,1905,016185,,2,2,9,3300,0,3,5,,2,002,"MATHEWS RD","BRIGGS RD",1584.00,E,N,A,-,N,,,,,,,,,,Y,2,0,2,1,C,-,18,,,N,E,J,A,A,H,-,A,D,0,,,,,Y,,-,"- ",1,1,0,0,0,0,0,0,0,"- ","- ",33.719769999999997,-117.13209000000001,RIVERSIDE,UNINCORPORATED,-117.13230219,33.719830330000001
6518617,2014,2014-08-07,9685,2014-05-09,2117,15050,,5,2,9,3300,0,2,4,,2,016,"GRAND AV","GREGORY PL",246.00,S,N,A,-,N,,,,,,,,,,Y,2,0,3,2,A,-,01,23152,A,N,C,C,A,A,H,-,C,A,0,,,,,Y,Y,A,01,1,1,1,0,0,0,0,0,0,"- ","- ",33.3733,-117.19240000000001,RIVERSIDE,UNINCORPORATED,-117.32340402,33.625847299999997
6519302,2014,2016-04-16,9630,2014-05-29,2137,15876,,4,2,9,3300,0,1,3,,1,074,"RT 74","CAHUILLA WY",12144.00,W,N,A,-,Y,RIV,8,74,-,-,90.040,H,-,W,Y,2,0,1,1,A,-,08,22107,,N,E,I,A,A,H,-,D,D,0,,,Y,,Y,,C,02,1,0,0,0,0,0,0,0,1,"- ","- ",33.659460000000003,-116.39973999999999,RIVERSIDE,UNINCORPORATED,-116.40135243,33.655576099999998
6523691,2014,2015-02-09,9630,2014-06-06,0540,019325,,5,3,9,3300,0,1,1,,2,301,"RT 10","FRONTAGE RD",15840.00,E,N,A,-,Y,RIV,8,10,-,R,77.160,H,-,E,Y,2,0,1,1,A,-,08,22107,,N,F,A,A,A,H,-,A,D,1,,,,,Y,,A,08,1,0,0,0,0,0,0,0,0,"- ","- ",33.66339,-115.85974,RIVERSIDE,UNINCORPORATED,-115.87815967,33.66453422
6524635,2014,2015-03-07,9840,2014-06-03,0551,15789,,2,3,6,3315,0,1,3,,2,030,"RT 91","GREEN RIVER RD",2112.00,W,N,A,-,Y,RIV,8,91,-,R,0.630,H,-,W,N,2,0,1,2,A,-,07,21658,A,N,B,C,A,A,H,-,A,D,1,,,Y,,Y,,A,01,1,0,0,0,0,0,0,0,1,"- ","- ",33.869860000000003,-117.67198999999999,RIVERSIDE,CORONA,-117.66287901,33.874399529999998
6528625,2014,2014-08-25,9840,2014-06-07,0106,015802,,6,3,9,3300,0,3,5,,2,002,"IOWA AV","VILLA AV",94.00,S,N,A,-,N,,,,,,,,,,N,2,0,1,2,A,-,11,21954,A,N,G,B,D,A,H,-,C,D,0,Y,,,,Y,Y,N,60,1,0,0,0,1,0,0,0,0,"- ","- ",,,RIVERSIDE,UNINCORPORATED,-117.33996616,34.012972490000003
6528657,2014,2015-02-04,9630,2014-06-14,0633,19228,,6,1,3,3305,0,1,1,,2,301,"RT 10","DILLON RD",15840.00,E,N,A,-,Y,RIV,8,10,-,R,63.550,H,-,W,Y,2,0,4,1,A,-,08,22107,,N,F,A,A,A,H,-,A,D,1,,,,,Y,,A,01,1,2,1,0,0,0,0,0,0,"- ","- ",33.699339999999999,-116.10807,RIVERSIDE,COACHELLA,-116.10751166999999,33.699419890000001
6535362,2014,2014-07-30,3300,2014-05-31,1314,2477,916A,6,5,4,3312,0,0,0,,0,031,"CANE BAY LN","CHARDONNAY DR",0.00,,Y,A,-,N,,,,,,,,,,N,2,0,1,2,A,-,12,22450,A,N,D,G,A,A,H,-,A,A,0,,Y,,,Y,,L,04,1,0,0,0,0,0,1,0,0,"- ","- ",,,RIVERSIDE,PERRIS,-117.19817,33.842120039999998
6538519,2014,2014-09-04,3300,2014-06-05,1341,5063,82C6,4,5,3,3305,0,0,0,,0,Y82,"AVE 53","GENOA ST",63.00,S,N,A,-,N,,,,,,,,,,Y,2,0,2,1,A,-,03,22350,,N,F,I,A,A,H,-,A,D,0,,,,,Y,,A,07,1,1,0,0,0,0,0,0,0,"- ","- ",,,RIVERSIDE,COACHELLA,-116.17187683,33.664923700000003
6538954,2014,2014-08-05,9840,2014-06-10,0415,020210,,2,3,9,3300,0,2,4,,2,045,"CAJALCO RD","BROWN ST",300.00,E,N,A,-,N,,,,,,,,,,N,2,0,1,2,A,-,03,22350,,F,G,B,D,A,H,-,D,D,0,Y,,,,Y,,-,99,1,0,0,0,1,0,0,0,0,"- ","- ",33.837110000000003,-117.29639,RIVERSIDE,UNINCORPORATED,-117.29539543,33.83714861
6543421,2014,2016-04-16,9685,2014-06-20,2105,15750,,5,2,9,3300,0,1,3,,1,026,"RT 74","JUNIPER FLATS RD",260.00,W,N,A,-,Y,RIV,8,74,-,-,31.980,H,-,E,Y,2,0,2,2,A,-,01,23152,A,N,A,C,A,A,H,-,C,D,0,,,,,Y,Y,A,01,1,0,1,0,0,0,0,0,0,"- ","- ",33.743360000000003,-117.11601,RIVERSIDE,UNINCORPORATED,-117.11591092,33.743228989999999
6546859,2014,2014-08-20,9630,2014-06-26,1945,20569,,4,2,9,3300,0,3,5,,2,005,"57TH AV","FILLMORE ST",528.00,E,N,A,-,N,,,,,,,,,,N,2,0,1,2,A,-,11,21954,A,N,G,B,E,A,H,-,A,D,0,Y,,,,Y,,N,60,1,0,0,0,1,0,0,0,0,"- ","- ",33.634889999999999,-116.12447,RIVERSIDE,UNINCORPORATED,-116.12724731,33.635437850000002
6547106,2014,2016-02-22,3300,2014-06-07,1515,4575,002V,6,5,6,3345,0,0,0,,0,026,"MARLATT ST","50TH ST",0.00,,Y,A,-,N,,,,,,,,,,Y,2,0,1,2,A,-,09,21804,A,N,D,C,A,A,H,-,A,D,0,,,,,Y,,-,,1,0,0,0,0,0,0,0,0,"- ","- ",,,RIVERSIDE,"JURUPA VALLEY",-117.51351002,33.996310110000003
6549376,2014,2016-06-04,9660,2014-07-05,2340,020722,,6,3,9,3300,0,1,2,,2,038,"RT 95","COTTONTAIL LN",0.00,,Y,A,-,Y,RIV,8,95,-,-,15.840,H,-,S,N,2,0,2,1,A,-,03,22350,,N,F,A,A,A,H,-,D,D,0,,,Y,,Y,Y,C,06,1,1,0,0,0,0,0,0,2,"- ","- ",33.792050000000003,-114.52549999999999,RIVERSIDE,UNINCORPORATED,-114.52942145,33.806112980000002
6558058,2014,2014-08-26,9630,2014-07-07,1723,19843,,1,2,9,3300,0,2,4,,2,053,"HARRISON ST","62ND AV",0.00,,Y,A,-,N,,,,,,,,,,Y,2,0,3,2,A,-,12,22450,A,N,D,C,A,A,H,-,A,A,0,,,,,Y,,D,22,1,0,2,0,0,0,0,0,0,"- ","- ",33.598399999999998,-116.18129,RIVERSIDE,UNINCORPORATED,-116.18120005,33.598390109999997
6559825,2014,2014-08-14,3300,2014-05-03,0143,2079,920H,6,5,4,3314,0,0,0,,0,074,"ESPLANADE AV","SAN JACINTO AV",0.00,W,N,A,-,N,,,,,,,,,,N,2,0,1,2,A,-,11,21954,A,N,G,B,D,A,H,-,C,D,0,Y,,,,Y,,N,60,1,0,0,0,1,0,0,0,0,"- ","- ",,,RIVERSIDE,"SAN JACINTO",-116.95881002,33.772990069999999
6560573,2014,2016-04-16,3311,2014-06-28,0653,15880,,6,5,4,3311,0,0,0,,0,004,"RT 111","WHITEWATER CLUB DR",602.00,W,N,A,-,Y,RIV,8,111,-,T,52.000,H,-,S,Y,2,0,2,2,A,-,01,23152,A,N,A,C,A,A,H,-,A,D,0,,,,,Y,Y,A,01,2,0,0,0,0,0,0,0,0,"- ","- ",,,RIVERSIDE,"PALM SPRINGS",-116.51297212999999,33.844943450000002
6564383,2014,2016-04-30,3311,2014-07-03,2100,15638,3311,4,5,4,3311,0,0,0,,0,004,"N GENE AUTRY TRL","E VIA ESCUELA",5808.00,N,N,A,-,Y,RIV,8,111,-,-,55.190,H,-,S,Y,2,0,1,1,A,-,01,23152,A,N,H,-,A,A,H,-,C,A,0,,,,,Y,Y,A,01,1,0,0,0,0,0,0,0,0,"- ","- ",,,RIVERSIDE,"PALM SPRINGS",-116.56030928,33.860876570000002
6567878,2014,2016-05-31,9655,2014-07-10,1440,017501,,4,2,9,3300,0,1,1,,2,206,"RT 10","WHITEWATER CTF",1056.00,E,N,A,-,Y,RIV,8,10,-,-,27.430,H,-,E,Y,2,0,1,2,A,-,08,22107,,N,E,I,A,A,H,-,A,D,1,,,,,Y,,A,01,1,0,0,0,0,0,0,0,0,"- ","- ",33.923630000000003,-116.64218,RIVERSIDE,UNINCORPORATED,-116.64137629,33.923585500000002
6575087,2014,2014-08-29,9840,2014-07-25,0700,14916,,5,1,9,3300,0,2,4,,2,045,"CAJALCO RD","BROWN ST",528.00,E,N,A,-,N,,,,,,,,,,N,2,0,1,2,A,-,03,22350,,N,C,C,A,A,H,-,A,D,0,,,Y,,Y,,C,02,1,0,0,0,0,0,0,0,1,"- ","- ",,,RIVERSIDE,UNINCORPORATED,-117.29464709,33.837159999999997
6576888,2014,2014-08-15,9655,2014-07-24,1530,017106,,4,2,9,3300,0,3,5,,2,002,"ORCHARD RD","SKY LN",3.00,E,N,A,-,N,,,,,,,,,,Y,2,0,1,2,A,-,03,22350,,N,C,D,A,A,H,-,A,D,0,,,Y,,Y,,C,02,1,0,0,0,0,0,0,0,1,"- ","- ",33.976019999999998,-116.99163,RIVERSIDE,UNINCORPORATED,-116.99159014,33.975999770000001
6578163,2014,2016-04-30,9630,2014-07-12,0718,20570,,6,1,9,3300,0,1,1,,2,021,"RT 10","WASHINGTON ST",4224.00,W,N,A,-,Y,RIV,8,10,-,-,49.650,H,-,E,Y,2,0,4,2,A,-,08,22107,,N,B,C,A,A,H,-,A,D,1,,,,,Y,,A,01,1,1,2,0,0,0,0,0,0,"- ","- ",33.764180000000003,-116.31661,RIVERSIDE,UNINCORPORATED,-116.31410214,33.763583490000002
6586653,2014,2014-08-18,9630,2014-07-24,2006,20263,,4,2,9,3300,0,3,5,,2,005,"TYLER ST","60TH AV",0.00,,Y,A,-,N,,,,,,,,,,Y,2,0,1,1,A,-,01,23152,A,N,E,I,A,A,H,-,C,A,0,,,,,Y,Y,A,01,1,0,0,0,0,0,0,0,0,"- ","- ",33.613,-116.16388999999999,RIVERSIDE,UNINCORPORATED,-116.16388013,33.612930120000001
6587461,2014,2016-05-06,9840,2014-08-05,1820,16358,,2,2,7,3313,0,1,1,,2,024,"RT 215","EASTRIDGE AV",300.00,S,N,A,-,Y,RIV,8,215,-,R,37.380,H,-,N,Y,2,0,1,2,A,-,07,21658,A,F,B,C,A,A,H,-,A,D,1,,,,,Y,,-,99,1,0,0,0,0,0,0,0,0,"- ","- ",33.933390000000003,-117.29055,RIVERSIDE,RIVERSIDE,-117.28868902000001,33.9305789
6597335,2014,2015-12-21,3309,2014-06-23,1502,218,3309,1,5,4,3309,0,0,0,,0,004,"HWY 111","YOUNGS LN",5.00,E,N,A,-,N,,,,,,,,,,Y,2,0,2,2,A,-,08,22107,,N,D,C,A,A,H,-,A,D,0,,,,,Y,,A,01,1,0,1,0,0,0,0,0,0,"- ","- ",,,RIVERSIDE,INDIO,-116.25568362999999,33.707450000000001
6601722,2014,2014-09-10,9685,2014-08-01,2022,016381,,5,2,9,3300,0,3,5,,2,003,"BENTON RD","VAN GAALE LN",1056.00,W,N,A,-,N,,,,,,,,,,N,2,0,1,2,A,-,11,21954,A,N,D,B,D,A,H,-,D,D,0,Y,,,,Y,,N,60,1,0,0,0,1,0,0,0,0,"- ","- ",33.590769999999999,-117.11641,RIVERSIDE,UNINCORPORATED,-117.117566,33.590872529999999
6602136,2014,2014-09-09,3300,2014-06-30,1504,3365,002J,1,5,6,3345,0,0,0,,0,022,"SAN SEVAINE WY","WACKER DR",309.00,W,N,A,-,N,,,,,,,,,,Y,2,0,1,2,A,-,09,21801,A,N,D,C,A,A,H,-,A,D,0,,,Y,,Y,,A,01,1,0,0,0,0,0,0,0,1,"- ","- ",,,RIVERSIDE,"JURUPA VALLEY",-117.51664558,34.016216129999997
6602206,2014,2016-01-15,3313,2014-08-13,1722,1090,EAST,3,5,7,3313,0,0,0,,0,T43,"UNIVERSITY AV","EUCALYPTUS AV",274.00,E,N,A,-,N,,,,,,,,,,Y,2,0,2,2,A,-,03,22350,,N,D,C,A,A,H,-,A,D,0,,,,,Y,,-,,1,1,0,0,0,0,0,0,0,"- ","- ",,,RIVERSIDE,RIVERSIDE,-117.35873922,33.975636080000001
6603655,2014,2014-09-08,9655,2014-08-24,2047,017784,,7,2,9,3300,0,3,5,,2,002,"HIGH ST","CHERRY AV",142.00,E,N,A,-,N,,,,,,,,,,N,2,0,2,2,A,-,01,23152,A,N,G,B,E,A,H,-,D,D,0,Y,,Y,,Y,Y,C,03,2,0,0,0,1,0,0,0,1,"- ","- ",33.970660000000002,-116.96312,RIVERSIDE,UNINCORPORATED,-116.96349329,33.970603259999997
6606117,2014,2014-09-23,3300,2014-05-23,1207,3988,002C,5,5,6,3345,0,0,0,,0,020,"PEDLEY RD","NEVIS BL",9.00,N,N,A,-,N,,,,,,,,,,Y,1,1,0,1,A,-,01,23152,A,N,F,I,A,A,H,-,A,A,0,,,,,Y,Y,-,,0,0,0,0,0,0,0,0,0,"- ","- ",,,RIVERSIDE,"JURUPA VALLEY",-117.479596,34.017530999999998
6606119,2014,2015-12-22,9840,2014-05-21,0145,20210,,3,3,6,3315,0,1,3,,2,030,"RT 91","GREEN RIVER RD",2000.00,E,N,A,-,Y,RIV,8,91,-,R,1.410,H,-,W,Y,1,1,1,2,A,-,21,22106,,N,D,C,A,A,H,-,E,D,1,,,,,Y,Y,A,01,0,1,0,0,0,0,0,0,0,"- ","- ",33.883499999999998,-117.64243,RIVERSIDE,CORONA,-117.65198998,33.880933020000001
6606362,2014,2015-12-29,3300,2014-06-14,1236,4254,905B,6,5,4,3307,0,0,0,,0,090,"RAILROAD CANYON RD","CHURCH ST",0.00,,Y,A,-,N,,,,,,,,,,Y,1,1,0,1,A,-,03,22350,,N,E,I,A,A,H,-,A,D,0,,,Y,,Y,,C,02,0,0,0,0,0,0,0,1,0,"- ","- ",,,RIVERSIDE,"LAKE ELSINORE",-117.28449005,33.664880089999997
6609388,2014,2014-09-20,3311,2014-08-15,0202,15918,3311,5,5,4,3311,0,0,0,,0,002,"NORTH INDIAN CANYON DR","GRANVIA VALMONTE",51.00,S,N,A,-,N,,,,,,,,,,Y,2,0,1,3,A,-,01,23152,A,N,E,I,A,A,H,-,C,D,0,,,,,Y,Y,A,01,1,0,0,0,0,0,0,0,0,"- ","- ",,,RIVERSIDE,"PALM SPRINGS",-116.54561,33.831820409999999