CASE_ID,ACCIDENT_YEAR,PROC_DATE,JURIS,COLLISION_DATE,COLLISION_TIME,OFFICER_ID,REPORTING_DISTRICT,DAY_OF_WEEK,CHP_SHIFT,POPULATION,CNTY_CITY_LOC,SPECIAL_COND,BEAT_TYPE,CHP_BEAT_TYPE,CITY_DIVISION_LAPD,CHP_BEAT_CLASS,BEAT_NUMBER,PRIMARY_RD,SECONDARY_RD,DISTANCE,DIRECTION,INTERSECTION,WEATHER_1,WEATHER_2,STATE_HWY_IND,CALTRANS_COUNTY,CALTRANS_DISTRICT,STATE_ROUTE,ROUTE_SUFFIX,POSTMILE_PREFIX,POSTMILE,LOCATION_TYPE,RAMP_INTERSECTION,SIDE_OF_HWY,TOW_AWAY,COLLISION_SEVERITY,NUMBER_KILLED,NUMBER_INJURED,PARTY_COUNT,PRIMARY_COLL_FACTOR,PCF_CODE_OF_VIOL,PCF_VIOL_CATEGORY,PCF_VIOLATION,PCF_VIOL_SUBSECTION,HIT_AND_RUN,TYPE_OF_COLLISION,MVIW,PED_ACTION,ROAD_SURFACE,ROAD_COND_1,ROAD_COND_2,LIGHTING,CONTROL_DEVICE,CHP_ROAD_TYPE,PEDESTRIAN_ACCIDENT,BICYCLE_ACCIDENT,MOTORCYCLE_ACCIDENT,TRUCK_ACCIDENT,NOT_PRIVATE_PROPERTY,ALCOHOL_INVOLVED,STWD_VEHTYPE_AT_FAULT,CHP_VEHTYPE_AT_FAULT,COUNT_SEVERE_INJ,COUNT_VISIBLE_INJ,COUNT_COMPLAINT_PAIN,COUNT_PED_KILLED,COUNT_PED_INJURED,COUNT_BICYCLIST_KILLED,COUNT_BICYCLIST_INJURED,COUNT_MC_KILLED,COUNT_MC_INJURED,PRIMARY_RAMP,SECONDARY_RAMP,LATITUDE,LONGITUDE,COUNTY,CITY,POINT_X,POINT_Y
81579640,2021,2021-09-27,3300,2021-05-05,1456,4071,"604 E",3,5,6,3394,0,0,0,,0,MV48,"GILMAN SPRINGS RD","BOLD STYLE AVE",150.00,S,N,A,-,N,,,,,,,,,,Y,1,1,0,1,A,-,01,23152,A,N,E,I,A,A,H,-,A,D,0,,,,,Y,Y,A,01,0,0,0,0,0,0,0,0,0,"- ","- ",33.908458709716797,-117.08483123779297,RIVERSIDE,"MORENO VALLEY",-117.12649536132812,33.937644958496094
81587776,2021,2021-10-05,3300,2021-07-31,0154,5447,,6,5,6,3345,0,0,0,,0,,"MISSION BL","TYROLITE ST",224.00,W,N,A,-,N,,,,,,,,,,Y,2,0,3,1,A,-,08,22107,,N,E,I,A,A,H,-,C,D,0,,,,,Y,Y,A,01,1,0,2,0,0,0,0,0,0,"- ","- ",34.011760711669922,-117.45803070068359,RIVERSIDE,"JURUPA VALLEY",-117.45875549316406,34.011798858642578
8158844,2016,2016-11-03,3313,2016-10-14,2103,1475,N,5,5,7,3313,0,0,0,,0,M19,"MAIN ST","DUBLIN WY",0.00,,Y,A,-,N,,,,,,,,,,Y,2,0,1,2,A,-,09,21802,A,N,D,C,A,A,H,-,C,A,0,,,Y,,Y,,A,01,1,0,0,0,0,0,0,0,1,"- ","- ",34.0032,-117.36384,RIVERSIDE,RIVERSIDE,-117.36408003,34.003270059999998
81589941,2021,2021-10-07,3300,2021-09-11,1910,5710,916B,6,5,4,3312,0,0,0,,0,032,"WILDWOOD LN","CLOVERFIELD ST",200.00,E,N,A,-,N,,,,,,,,,,N,2,0,1,2,A,-,11,21954,A,F,G,B,E,A,H,-,B,D,0,Y,,,,Y,Y,N,60,1,0,0,0,1,0,0,0,0,"- ","- ",33.813751220703125,-117.21456909179688,RIVERSIDE,PERRIS,-117.21431732177734,33.813831329345703
81591236,2021,2021-10-08,3300,2021-07-13,2108,4867,"603 C",2,5,6,3394,0,0,0,,0,MV36,"PERRIS BLVD","SANTIAGO DR",3.00,N,N,A,-,N,,,,,,,,,,Y,2,0,1,2,A,-,01,21200,5,N,D,G,A,A,H,-,C,D,0,,Y,,,Y,Y,L,04,1,0,0,0,0,0,1,0,0,"- ","- ",33.891830444335938,-117.22654724121094,RIVERSIDE,"MORENO VALLEY",-117.22621154785156,33.891979217529297
8159242,2016,2016-11-04,3311,2016-10-05,1005,10987,DESER,3,5,4,3311,0,0,0,,0,006,"RAMON RD","PASEO DOROTEA",0.00,,Y,A,-,N,,,,,,,,,,Y,2,0,1,2,A,-,09,21801,A,N,D,C,A,A,H,-,A,A,0,,,Y,,Y,,A,01,1,0,0,0,0,0,0,0,1,"- ","- ",,,RIVERSIDE,"PALM SPRINGS",-116.50181001999999,33.815860039999997
81592616,2021,2021-10-11,3315,2021-10-03,1535,004358,6B,7,5,6,3315,0,0,0,,0,001,"MAIN ST","SIXTH ST",73.00,S,N,A,-,N,,,,,,,,,,N,2,0,1,1,A,-,03,22350,,N,F,A,A,A,H,-,A,D,0,,,Y,,Y,,C,02,1,0,0,0,0,0,0,0,1,"- ","- ",33.874530792236328,-117.56757354736328,RIVERSIDE,CORONA,-117.56748199462891,33.875308990478516
81594669,2021,2021-10-13,3300,2021-10-01,1940,5632,916A,5,5,4,3312,0,0,0,,0,031,"PERRIS BL","RAMONA EXPRESSWAY",0.00,,Y,A,-,N,,,,,,,,,,Y,2,0,1,2,A,-,09,21806,A,N,D,C,A,A,H,-,C,A,0,,,,,Y,,D,22,1,0,0,0,0,0,0,0,0,"- ","- ",33.844490051269531,-117.22599792480469,RIVERSIDE,PERRIS,-117.22620391845703,33.844482421875
81598133,2021,2021-10-18,3300,2021-08-27,2208,5632,916B,5,5,4,3312,0,0,0,,0,032,"PERRIS BL","ORANGE AV",0.00,,Y,A,-,N,,,,,,,,,,Y,1,1,0,1,A,-,01,23152,A,N,E,I,A,A,H,-,C,A,0,,,,,Y,Y,A,01,0,0,0,0,0,0,0,0,0,"- ","- ",33.815689086914062,-117.22599029541016,RIVERSIDE,PERRIS,-117.22611999511719,33.815601348876953
81608162,2021,2021-10-28,3300,2021-10-13,1839,5632,916C,3,5,4,3312,0,0,0,,0,034,"YUCATECA ST","PENASCO GRANDE ST",0.00,,Y,A,-,N,,,,,,,,,,N,2,0,1,2,A,-,09,21800,A,N,D,C,A,A,H,-,B,D,0,,,,,Y,,M,96,1,0,0,0,0,0,0,0,0,"- ","- ",33.767269134521484,-117.23832702636719,RIVERSIDE,PERRIS,-117.23818206787109,33.767200469970703
81616746,2021,2021-11-05,3300,2021-09-23,0953,2812,011A,4,5,4,3344,0,0,0,,0,060,"PHILADELPHIA ST.","S ROCHESTER AVE",100.00,E,N,A,-,N,,,,,,,,,,Y,2,0,1,2,A,-,08,22107,,F,B,C,A,A,H,-,A,D,0,,,,,Y,Y,A,01,1,0,0,0,0,0,0,0,0,"- ","- ",34.032569885253906,-117.51335144042969,RIVERSIDE,EASTVALE,-117.55073547363281,34.033435821533203
81622809,2021,2021-11-12,3300,2021-05-11,0235,5199,905D,2,5,4,3307,0,0,0,,0,091,"UNNAMED DIRT ROAD IN LAKE ELSINORE LEVEE","DIAMOND CIR.",6600.00,W,N,A,-,N,,,,,,,,,,Y,2,0,4,1,A,-,01,23153,G,N,F,A,A,D,G,-,D,D,0,,,,,Y,Y,A,71,2,2,0,0,0,0,0,0,0,"- ","- ",,,RIVERSIDE,"LAKE ELSINORE",,
81623589,2021,2021-11-15,3300,2021-06-23,2040,5662,001J,3,5,6,3345,0,0,0,,0,014,"MISSION BL","SOTO AV",0.00,,Y,A,-,N,,,,,,,,,,Y,2,0,1,2,A,-,03,22350,,N,D,C,A,A,H,-,C,D,0,,,Y,,Y,,C,02,1,0,0,0,0,0,0,0,1,"- ","- ",34.011829376220703,-117.44074249267578,RIVERSIDE,"JURUPA VALLEY",-117.44075012207031,34.012016296386719
81623911,2021,2021-11-15,3315,2021-11-12,1929,003224,4B,5,5,6,3315,0,0,0,,0,004,"BUENA VISTA AV","CITRON ST",0.00,,Y,A,-,N,,,,,,,,,,Y,2,0,1,2,A,-,01,23153,F,F,D,C,A,A,H,-,D,A,0,,,Y,,Y,Y,A,01,1,0,0,0,0,0,0,0,1,"- ","- ",33.862438201904297,-117.57991790771484,RIVERSIDE,CORONA,-117.57968139648438,33.863273620605469
81626597,2020,2021-11-17,3300,2020-06-16,1010,4363,22J1,2,5,4,3318,0,0,0,,0,MO829,"GERALD FORD DR","OASIS WAY",355.00,W,N,A,-,N,,,,,,,,,,N,2,0,1,2,A,-,08,22107,,N,H,G,A,A,H,-,A,D,0,,Y,,,Y,,L,04,1,0,0,0,0,0,1,0,0,"- ","- ",33.787059783935547,-116.39996337890625,RIVERSIDE,"PALM DESERT",-116.40114593505859,33.787204742431641
81634947,2021,2021-11-25,3300,2021-06-17,0241,5397,908,4,5,3,3337,0,0,0,,0,,"RAILROAD CANYON RD","CANYON LAKE DRIVE SOUTH",0.00,,Y,A,-,N,,,,,,,,,,N,1,1,0,2,A,-,11,21954,A,N,G,B,D,A,H,-,C,A,0,Y,,,,Y,,N,60,0,0,0,1,0,0,0,0,0,"- ","- ",,,RIVERSIDE,"CANYON LAKE",-117.25438690185547,33.67340087890625
81634951,2021,2021-11-25,3300,2021-10-08,2126,5397,908,5,5,3,3337,0,0,0,,0,060,"RAILROAD CANYON RD","SKYLINK DR",0.00,,Y,A,-,N,,,,,,,,,,N,2,0,1,2,A,-,12,21453,A,N,D,C,A,A,H,-,C,D,0,,,,Y,Y,Y,A,01,1,0,0,0,0,0,0,0,0,"- ","- ",33.672580718994141,-117.260986328125,RIVERSIDE,"CANYON LAKE",-117.26140594482422,33.671672821044922
81641775,2021,2021-12-03,3315,2021-10-28,0645,004365,5A,4,5,6,3315,0,0,0,,0,004,"SIXTH ST","PASEO GRANDE",0.00,,Y,A,-,N,,,,,,,,,,N,2,0,1,2,A,-,05,21650,1,F,A,G,A,A,H,-,A,A,0,,Y,,,Y,,L,04,1,0,0,0,0,0,1,0,0,"- ","- ",33.879188537597656,-117.601318359375,RIVERSIDE,CORONA,-117.60134887695312,33.879058837890625
81648538,2021,2021-12-10,3300,2021-09-09,0600,3481,920A,4,5,4,3314,0,0,0,,0,070,"SANDERSON AVE","RAMONA EXPY (E)",3285.00,N,N,A,-,N,,,,,,,,,,Y,1,1,1,2,A,-,05,21460,A,N,A,C,A,A,H,-,B,D,0,,,,,Y,,A,07,1,0,0,0,0,0,0,0,0,"- ","- ",33.823699951171875,-117.00328063964844,RIVERSIDE,"SAN JACINTO",-117.00358581542969,33.832546234130859
81651142,2021,2021-12-14,3306,2021-10-15,2236,652,INDIO,5,5,3,3306,0,0,0,,0,,"INDIAN CANYON DR","20TH AVE",175.00,N,N,A,-,N,,,,,,,,,,N,2,0,1,2,A,-,11,21954,A,N,G,B,D,A,H,-,C,A,0,Y,,,,Y,,N,60,1,0,0,0,1,0,0,0,0,"- ","- ",,,RIVERSIDE,"DESERT HOT SPRINGS",-116.54537963867188,33.906890869140625
81654820,2021,2021-12-17,3300,2021-12-02,1451,5920,LA42,4,5,3,3392,0,0,0,,0,LA42,"EISENHOWER DR","WASHINGTON ST",160.00,E,N,A,-,N,,,,,,,,,,N,2,0,3,3,A,-,03,22350,,N,C,C,A,A,H,-,A,A,0,,,,,Y,,A,01,1,0,2,0,0,0,0,0,0,"- ","- ",33.695369720458984,-116.29496002197266,RIVERSIDE,"LA QUINTA",-116.29493713378906,33.695358276367188
81657267,2021,2021-12-21,3315,2021-02-25,2129,003021,2B,4,5,6,3315,0,0,0,,0,002,"PARKRIDGE AV","MAIN ST",476.00,E,N,A,-,N,,,,,,,,,,Y,1,1,0,2,A,-,11,21955,,F,G,B,E,A,H,-,C,D,0,Y,,,,Y,Y,N,60,0,0,0,1,0,0,0,0,0,"- ","- ",33.893081665039062,-117.56356811523438,RIVERSIDE,CORONA,-117.56272888183594,33.892036437988281
8165937,2016,2016-11-15,3309,2016-10-13,2329,276,3309,4,5,4,3309,0,0,0,,0,004,"AVE 48","RANCHO INDIO WY",20.00,W,N,A,-,N,,,,,,,,,,N,2,0,2,2,A,-,09,21804,A,N,D,C,A,A,H,-,C,D,0,,,,,Y,,A,01,1,1,0,0,0,0,0,0,0,"- ","- ",,,RIVERSIDE,INDIO,-116.24933546,33.700000000000003
81662916,2021,2021-12-28,3300,2021-12-13,1700,4592,34H5,1,5,4,3318,0,0,0,,0,T34,"WASHINGTON ST","FRED WARING DR",231.00,N,N,B,G,N,,,,,,,,,,Y,2,0,1,4,A,-,01,23152,A,N,C,C,A,A,H,-,C,A,0,,,,,Y,Y,A,01,1,0,0,0,0,0,0,0,0,"- ","- ",33.728870391845703,-116.30404663085938,RIVERSIDE,"PALM DESERT",-116.30396270751953,33.729621887207031
8166561,2016,2017-01-12,3300,2016-08-29,0058,2744,002M,1,5,6,3345,0,0,0,,0,022,"CANTU GALLEANO RANCH RD","WINEVILLE RD",46.00,E,N,A,-,N,,,,,,,,,,Y,1,1,0,1,A,-,08,22107,,N,E,I,A,A,E,H,C,A,0,,,,,Y,Y,-,,0,0,0,0,0,0,0,0,0,"- ","- ",34.004379999999998,-117.54186,RIVERSIDE,"JURUPA VALLEY",-117.54186867999999,34.004382800000002
8166687,2016,2018-09-27,3315,2016-10-29,0250,1073,8F,6,5,6,3315,0,0,0,,0,,"GREEN RIVER RD","DOMINGUEZ RANCH RD",962.00,W,N,A,-,N,,,,,,,,,,Y,1,1,0,1,A,-,01,23152,B,N,F,I,A,A,H,-,C,D,0,,,,,Y,Y,D,22,0,0,0,0,0,0,0,0,0,"- ","- ",33.878810000000001,-117.65040999999999,RIVERSIDE,CORONA,-117.65350681,33.878683119999998
8166735,2016,2017-02-24,3309,2016-11-04,0637,443,3309,5,5,4,3309,0,0,0,,0,003,"VAN BUREN ST","CORREGIDOR AV",34.00,S,N,A,-,N,,,,,,,,,,Y,1,1,0,2,A,-,11,21954,A,N,G,B,D,A,H,-,C,A,0,Y,,,,Y,,A,01,0,0,0,1,0,0,0,0,0,"- ","- ",,,RIVERSIDE,INDIO,-116.19905798000001,33.702207000000001
8166856,2016,2017-04-01,3300,2016-05-08,0023,4773,905B,7,5,4,3307,0,0,0,,0,090,"RAILROAD CANYON RD","CHURCH RD",336.00,E,N,A,-,N,,,,,,,,,,Y,1,1,0,2,A,-,01,23152,E,F,E,I,A,A,H,-,C,A,0,,,,,Y,,A,01,0,0,0,0,0,0,0,0,0,"- ","- ",,,RIVERSIDE,"LAKE ELSINORE",-117.28339278,33.66483659
8166879,2016,2017-04-07,3315,2016-09-04,0256,002661,10C,7,5,6,3315,0,0,0,,0,002,"6TH ST","EL CAMINO AV",200.00,E,N,A,-,N,,,,,,,,,,N,1,1,0,2,A,-,11,21956,A,F,G,B,E,A,H,-,C,D,0,Y,,,,Y,Y,N,60,0,0,0,1,0,0,0,0,0,"- ","- ",33.87406,-117.53972,RIVERSIDE,CORONA,-117.53974305,33.874229999999997
8166894,2016,2017-04-18,3309,2016-11-15,1759,443,3309,2,5,4,3309,0,0,0,,0,002,"AVE 44","W CIRCLE DR",28.00,W,N,A,-,N,,,,,,,,,,Y,1,1,0,2,A,-,11,21954,A,N,G,B,D,A,H,-,C,A,0,Y,,,,Y,,N,60,0,0,0,1,0,0,0,0,0,"- ","- ",,,RIVERSIDE,INDIO,-116.21436165999999,33.729431550000001
8166971,2016,2017-05-09,3313,2016-10-28,0936,1836,W,5,5,7,3313,0,0,0,,0,T77,"INDIANA AV","WASHINGTON ST",319.00,W,N,A,-,N,,,,,,,,,,Y,1,1,2,2,A,-,03,22350,,N,D,C,A,A,H,-,A,D,0,,,Y,,Y,,C,02,0,2,0,0,0,0,0,1,0,"- ","- ",33.939540000000001,-117.39697,RIVERSIDE,RIVERSIDE,-117.39781503,33.938914160000003
8166978,2016,2017-05-17,3313,2016-12-31,2107,1772,4,6,5,7,3313,0,0,0,,0,T45,"MAGNOLIA AV","JACKSON ST",0.00,,Y,C,-,N,,,,,,,,,,Y,1,1,1,2,A,-,12,21453,A,N,D,C,A,B,H,-,C,A,0,,,,,Y,Y,D,22,0,1,0,0,0,0,0,0,0,"- ","- ",33.924520000000001,-117.43921,RIVERSIDE,RIVERSIDE,-117.43918005,33.924610059999999
8167009,2016,2018-09-24,3300,2016-03-03,1216,4430,30C1,4,5,4,3318,0,0,0,,0,MO874,"MONTEREY AV","HAHN RD",0.00,,Y,A,-,N,,,,,,,,,,Y,1,1,1,3,A,-,11,21456,A,N,G,B,B,A,H,-,A,A,0,Y,,,,Y,,N,60,0,1,0,1,1,0,0,0,0,"- ","- ",33.724789999999999,-116.39125,RIVERSIDE,"PALM DESERT",-116.39133008,33.724940050000001
8167089,2017,2018-03-07,3308,2017-12-29,2346,10515,586,5,5,5,3308,0,0,0,,0,SOUTH,"DOMENIGONI PKWY","STATE ST",473.00,W,N,B,-,N,,,,,,,,,,Y,1,1,0,1,A,-,08,22107,,N,F,-,A,A,H,-,D,A,0,,,,,Y,,D,22,0,0,0,0,0,0,0,0,0,"- ","- ",33.703040000000001,-116.97163999999999,RIVERSIDE,HEMET,-116.97292321,33.702940320000003
8167142,2017,2018-05-29,3313,2017-12-27,1733,1772,2,3,5,7,3313,0,0,0,,0,T45,"CHICAGO AV","PRINCE ALBERT DR",416.00,N,N,A,-,N,,,,,,,,,,Y,1,1,1,2,A,-,08,22103,,N,D,C,A,A,H,-,C,A,0,,,Y,,Y,,A,07,0,0,1,0,0,0,0,1,0,"- ","- ",33.962009999999999,-117.34855,RIVERSIDE,RIVERSIDE,-117.34848,33.96323933
8167163,2018,2018-06-06,3300,2018-03-09,1035,4323,910R,5,5,5,3335,0,0,0,,0,063,"PROMENADE WY","OVERLAND DR",485.00,N,N,A,-,N,,,,,,,,,,Y,1,1,0,2,A,-,05,21650,,N,G,B,F,A,H,-,A,D,0,Y,,,,Y,,A,01,0,0,0,1,0,0,0,0,0,"- ","- ",,,RIVERSIDE,TEMECULA,-117.15303802490234,33.521205902099609
81671645,2021,2022-01-06,3306,2021-07-04,0158,708,3306,7,5,3,3306,0,0,0,,0,,"HIGHWAY 62","PIERSON BLVD",0.00,,Y,A,-,Y,,,,,,,,,,Y,1,1,5,2,A,-,09,21804,A,N,D,C,A,A,H,-,C,A,0,,,,,Y,,A,08,3,0,2,0,0,0,0,0,0,"- ","- ",,,RIVERSIDE,"DESERT HOT SPRINGS",-116.59078979492188,33.961311340332031
81671690,2021,2022-01-06,3300,2021-06-04,1023,5221,36J4,5,5,4,3318,0,0,0,,0,MO872,"COOK ST","HOVLEY LN E",543.00,N,N,A,-,N,,,,,,,,,,Y,1,1,0,2,A,-,09,21804,A,N,D,C,A,A,H,-,A,D,0,,,,,Y,,M,96,0,0,0,0,0,0,0,0,0,"- ","- ",33.74700927734375,-116.35642242431641,RIVERSIDE,"PALM DESERT",-116.35636901855469,33.748516082763672
8167241,2018,2020-05-21,3300,2018-03-22,0911,3624,905M,4,5,4,3307,0,0,0,,0,093,"RIVERSIDE DR","STRICKLAND AV",740.00,E,N,B,-,Y,RIV,8,74,-,R,15.140,H,-,W,Y,1,1,1,2,A,-,05,21650,,N,A,C,A,B,D,E,A,A,0,,,,,Y,,A,07,1,0,0,0,0,0,0,0,0,"- ","- ",33.689239501953125,-117.35498046875,RIVERSIDE,"LAKE ELSINORE",-117.35262298583984,33.689662933349609
8167246,2017,2019-04-09,3313,2017-09-30,2031,581,2,6,5,7,3313,0,0,0,,0,4R22,"UNIVERSITY AV","SEDGEWICK AV",30.00,W,N,A,-,N,,,,,,,,,,Y,1,1,2,2,A,-,05,21651,B,N,A,C,A,A,H,-,C,D,0,,,,,Y,,A,01,2,0,0,0,0,0,0,0,0,"- ","- ",33.975859999999997,-117.36136,RIVERSIDE,RIVERSIDE,-117.36153584,33.975840519999998
8167273,2017,2019-04-09,3300,2017-11-16,2040,3496,,4,5,4,3312,0,0,0,,0,,"PERRIS BL","NUEVO RD",310.00,N,N,A,-,N,,,,,,,,,,Y,1,1,0,2,A,-,11,21954,A,N,G,B,E,A,H,-,C,D,0,Y,,,,Y,Y,N,60,0,0,0,1,0,0,0,0,0,"- ","- ",33.802050000000001,-117.22605,RIVERSIDE,PERRIS,-117.22620928000001,33.801932069999999
81679127,2021,2022-01-17,3308,2021-11-01,2151,10746,285,1,5,5,3308,0,0,0,,0,NORTH,"SANDERSON AVE","COMMONWEALTH AVE",12.00,N,N,A,-,N,,,,,,,,,,Y,2,0,4,2,A,-,05,21460,A,N,D,C,A,A,H,-,D,D,0,,,,,Y,,A,01,1,0,3,0,0,0,0,0,0,"- ","- ",33.767269134521484,-117.00302124023438,RIVERSIDE,HEMET,-117.00666809082031,33.76910400390625
81680338,2021,2022-01-19,3325,2021-11-27,1213,20213,3325,6,5,4,3325,0,0,0,,0,003,"RAMON RD","AVENIDA VALDEZ",56.00,W,N,A,-,N,,,,,,,,,,N,2,0,1,2,A,-,11,21954,A,N,G,B,D,A,H,-,A,A,0,Y,,,,Y,,N,60,1,0,0,0,1,0,0,0,0,"- ","- ",,,RIVERSIDE,"CATHEDRAL CITY",-116.46637725830078,33.815990447998047
81680362,2021,2022-01-19,3300,2021-10-21,1615,3536,"604 D",4,5,6,3394,0,0,0,,0,MV48,"CACTUS AVE","MORENO BEACH DR",389.00,W,N,A,-,N,,,,,,,,,,Y,2,0,1,2,A,-,09,21804,A,N,D,C,A,A,H,-,A,A,0,,,Y,,Y,,A,01,1,0,0,0,0,0,0,0,1,"- ","- ",33.909561157226562,-117.17411041259766,RIVERSIDE,"MORENO VALLEY",-117.17530822753906,33.910118103027344
8168191,2017,2018-05-19,3300,2017-12-25,2500,3613,916A,1,5,4,3312,0,0,0,,0,031,"RAMONA EXPWY","REDLANDS AV",495.00,W,N,A,-,N,,,,,,,,,,N,1,1,0,2,A,-,11,21954,A,F,G,B,D,A,H,-,D,D,0,Y,,,,Y,,N,60,0,0,0,1,0,0,0,0,0,"- ","- ",33.844540000000002,-117.21681,RIVERSIDE,PERRIS,-117.21852507,33.844499999999996
81682419,2021,2022-01-21,3315,2021-11-16,1447,001452,9A,2,5,6,3315,0,0,0,,0,002,"HIDDEN VALLEY PY","VILLAGE LOOP DR",0.00,,Y,A,-,N,,,,,,,,,,Y,2,0,1,2,A,-,09,21801,A,N,D,C,A,A,H,-,A,A,0,,,Y,,Y,,A,01,1,0,0,0,0,0,0,0,1,"- ","- ",33.897281646728516,-117.5399169921875,RIVERSIDE,CORONA,-117.53999328613281,33.897438049316406
81685156,2021,2022-01-26,3306,2021-10-21,2208,652,INDIO,4,5,3,3306,0,0,0,,0,,"HIGHWAY 62","PIERSON BLVD",0.00,,Y,A,-,N,,,,,,,,,,Y,1,1,0,2,A,-,01,23152,F,N,D,C,A,A,H,-,C,A,0,,,Y,,Y,,A,01,0,0,0,0,0,0,0,0,0,"- ","- ",,,RIVERSIDE,"DESERT HOT SPRINGS",-116.59078979492188,33.961311340332031
81686205,2022,2022-01-27,3300,2022-01-11,0723,4300,920A,2,5,4,3314,0,0,0,,0,070,"RAMONA EXPY","LYON AVENUE",517.00,E,N,A,-,N,,,,,,,,,,Y,2,0,2,2,A,-,07,21658,A,N,A,C,A,A,H,-,A,D,0,,,,,Y,,A,01,1,1,0,0,0,0,0,0,0,"- ","- ",,,RIVERSIDE,"SAN JACINTO",-116.98506927490234,33.810699462890625
81688893,2022,2022-01-31,3311,2022-01-09,2201,16189,,7,5,4,3311,0,0,0,,0,006,"DINAH SHORE DRIVE","CROSSLEY ROAD",403.00,E,N,A,-,N,,,,,,,,,,Y,2,0,1,1,A,-,01,23152,A,N,E,I,A,A,H,-,C,A,0,,,,,Y,Y,A,01,1,0,0,0,0,0,0,0,0,"- ","- ",33.808551788330078,-116.48416900634766,RIVERSIDE,"PALM SPRINGS",-116.48292541503906,33.808551788330078
81691154,2021,2022-02-02,3300,2021-11-17,0211,4449,901D,3,5,4,3310,0,0,0,,0,051,"NORCO HILLS RD","VALLEY DR",0.00,,Y,A,-,N,,,,,,,,,,Y,1,1,0,1,A,-,03,22350,,N,E,J,A,A,H,-,D,D,0,,,,,Y,,A,01,0,0,0,0,0,0,0,0,0,"- ","- ",33.908809661865234,-117.52384185791016,RIVERSIDE,NORCO,-117.5233154296875,33.909595489501953
81694481,2022,2022-02-07,3308,2022-01-02,1938,10686,525,7,5,5,3308,0,0,0,,0,SOUTH,"ACACIA AVE","KIRBY ST",1280.00,W,N,A,-,N,,,,,,,,,,Y,2,0,1,1,A,-,08,22107,,N,E,I,A,A,H,-,C,D,0,,,,,Y,,A,01,1,0,0,0,0,0,0,0,0,"- ","- ",33.741878509521484,-116.99437713623047,RIVERSIDE,HEMET,-117.00197601318359,33.743755340576172
8169505,2016,2016-11-29,3308,2016-08-24,0113,10593,547,3,5,5,3308,0,0,0,,0,SOUTH,"JOHNSTON AV","SAN JACINTO ST",162.00,W,N,A,-,N,,,,,,,,,,Y,2,0,1,2,A,-,08,22107,,N,C,E,A,A,H,-,C,A,0,,,,,Y,Y,A,01,1,0,0,0,0,0,0,0,0,"- ","- ",,,RIVERSIDE,HEMET,-116.95908097,33.733080000000001
81696353,2021,2022-02-09,3300,2021-11-18,2244,5771,002C,4,5,6,3345,0,0,0,,0,020,"VAN BUREN BL","BELLEGRAVE AV",0.00,,Y,A,-,N,,,,,,,,,,Y,2,0,3,4,A,-,08,22107,,F,B,C,A,A,H,-,C,A,0,,,,,Y,,A,01,1,0,2,0,0,0,0,0,0,"- ","- ",34.005119323730469,-117.50189208984375,RIVERSIDE,"JURUPA VALLEY",-117.50287628173828,34.006111145019531
81696425,2022,2022-02-09,3311,2022-01-16,2234,15918,,7,5,4,3311,0,0,0,,0,004,"FARRELL DRIVE","SR 111 (VISTA CHINO)",920.00,S,N,A,-,N,,,,,,,,,,Y,1,1,2,2,A,-,05,21460,A,N,A,C,A,A,H,-,D,D,0,,,,,Y,,A,07,1,0,1,0,0,0,0,0,0,"- ","- ",33.844940185546875,-116.51953887939453,RIVERSIDE,"PALM SPRINGS",-116.52061462402344,33.842681884765625
81696478,2022,2022-02-09,3300,2022-02-06,1825,5934,920F,7,5,4,3314,0,0,0,,0,072,"736 TORINO AVE","CORRERA DR",128.00,S,N,A,-,N,,,,,,,,,,N,2,0,1,2,A,-,08,22107,,N,D,E,A,A,H,-,C,D,0,,,Y,,Y,,C,02,1,0,0,0,0,0,0,0,1,"- ","- ",,,RIVERSIDE,"SAN JACINTO",-116.93012237548828,33.795749664306641
81697531,2022,2022-02-10,3349,2022-01-04,0645,455,,2,5,5,3341,0,0,0,,0,003,"SCOTT RD","HOWARD WAY",452.00,E,N,A,-,N,,,,,,,,,,Y,2,0,3,3,A,-,08,22107,,N,A,C,A,A,H,-,B,D,0,,,,,Y,,E,22,1,1,1,0,0,0,0,0,0,"- ","- ",33.641639709472656,-117.17980194091797,RIVERSIDE,MENIFEE,-117.17845153808594,33.64154052734375
81699163,2022,2022-02-14,3300,2022-01-21,0617,5688,012F,5,5,4,3344,0,0,0,,0,064,"SCHLEISMAN RD","EASTVALE POLE #E0931",31.00,E,N,A,-,N,,,,,,,,,,Y,2,0,1,1,A,-,03,22350,,N,E,I,A,A,H,-,B,D,0,,,,,Y,Y,A,01,1,0,0,0,0,0,0,0,0,"- ","- ",33.960918426513672,-117.60626983642578,RIVERSIDE,EASTVALE,,
81706341,2022,2022-02-23,3300,2022-02-04,1456,4234,,5,5,5,3335,0,0,0,,0,,"TEMECULA PKY","BUTTERFIELD STAGE RD",216.00,E,N,A,-,N,,,,,,,,,,Y,2,0,2,2,A,-,05,21651,B,N,A,C,A,A,H,-,A,D,0,,,,,Y,,A,01,2,0,0,0,0,0,0,0,0,"- ","- ",33.486270904541016,-117.07846832275391,RIVERSIDE,TEMECULA,-117.07785034179688,33.486488342285156