CASE_ID,ACCIDENT_YEAR,PROC_DATE,JURIS,COLLISION_DATE,COLLISION_TIME,OFFICER_ID,REPORTING_DISTRICT,DAY_OF_WEEK,CHP_SHIFT,POPULATION,CNTY_CITY_LOC,SPECIAL_COND,BEAT_TYPE,CHP_BEAT_TYPE,CITY_DIVISION_LAPD,CHP_BEAT_CLASS,BEAT_NUMBER,PRIMARY_RD,SECONDARY_RD,DISTANCE,DIRECTION,INTERSECTION,WEATHER_1,WEATHER_2,STATE_HWY_IND,CALTRANS_COUNTY,CALTRANS_DISTRICT,STATE_ROUTE,ROUTE_SUFFIX,POSTMILE_PREFIX,POSTMILE,LOCATION_TYPE,RAMP_INTERSECTION,SIDE_OF_HWY,TOW_AWAY,COLLISION_SEVERITY,NUMBER_KILLED,NUMBER_INJURED,PARTY_COUNT,PRIMARY_COLL_FACTOR,PCF_CODE_OF_VIOL,PCF_VIOL_CATEGORY,PCF_VIOLATION,PCF_VIOL_SUBSECTION,HIT_AND_RUN,TYPE_OF_COLLISION,MVIW,PED_ACTION,ROAD_SURFACE,ROAD_COND_1,ROAD_COND_2,LIGHTING,CONTROL_DEVICE,CHP_ROAD_TYPE,PEDESTRIAN_ACCIDENT,BICYCLE_ACCIDENT,MOTORCYCLE_ACCIDENT,TRUCK_ACCIDENT,NOT_PRIVATE_PROPERTY,ALCOHOL_INVOLVED,STWD_VEHTYPE_AT_FAULT,CHP_VEHTYPE_AT_FAULT,COUNT_SEVERE_INJ,COUNT_VISIBLE_INJ,COUNT_COMPLAINT_PAIN,COUNT_PED_KILLED,COUNT_PED_INJURED,COUNT_BICYCLIST_KILLED,COUNT_BICYCLIST_INJURED,COUNT_MC_KILLED,COUNT_MC_INJURED,PRIMARY_RAMP,SECONDARY_RAMP,LATITUDE,LONGITUDE,COUNTY,CITY,POINT_X,POINT_Y
90037979,2015,2015-10-26,9840,2015-10-16,1905,020124,,5,2,6,3315,0,1,3,,2,030,"SR-91 E/B","GREEN RIVER RD",1500.00,W,N,A,-,Y,,,91,,,,,,E,Y,2,0,1,3,A,-,03,22350,,N,C,C,A,A,H,-,C,D,0,,,,,Y,,A,07,1,0,0,0,0,0,0,0,0,"- ","- ",33.876489999999997,-117.65984,RIVERSIDE,CORONA,-117.65998012999999,33.876651420000002
90039819,2015,2015-10-29,9630,2015-10-10,1552,019860,,6,2,9,3300,0,1,1,,2,301,"I-10 WESTBOUND","FRONTAGE ROAD",9504.00,E,N,A,-,Y,,,10,,,,,,W,Y,1,2,0,1,A,-,08,22107,,N,E,I,A,A,H,-,A,D,0,,,,,Y,,A,07,0,0,0,0,0,0,0,0,0,"- ","- ",33.664879999999997,-115.87918000000001,RIVERSIDE,UNINCORPORATED,-115.87917269,33.66499477
90042467,2015,2015-11-02,9840,2015-10-24,0149,014979,,6,3,7,3313,0,3,5,,2,002,"MAIN ST. (400 BLOCK)","MICHIGAN AVE.",152.00,E,N,A,-,N,,,,,,,,,,N,2,0,1,2,A,-,08,22107,,F,E,J,F,A,H,-,C,D,0,Y,,,,Y,,A,07,1,0,0,0,1,0,0,0,0,"- ","- ",34.019269999999999,-117.32162,RIVERSIDE,RIVERSIDE,-117.32188994000001,34.019324769999997
90042562,2015,2015-11-02,9685,2015-10-26,2130,016502,,1,2,9,3300,0,3,5,,2,003,"CALISTOGA DR.","DELACORTE ST.",22.00,N,N,A,-,N,,,,,,,,,,Y,2,0,1,1,A,-,08,22107,,N,E,I,A,A,H,-,C,D,0,,,,,Y,,A,01,1,0,0,0,0,0,0,0,0,"- ","- ",33.555329999999998,-117.12716,RIVERSIDE,UNINCORPORATED,-117.127047,33.55522998
90057577,2015,2015-11-23,9685,2015-11-14,1915,016113,,6,2,9,3300,0,1,3,,1,040,"SR-79 (WESTBOUND)","SAGE ROAD",5280.00,E,N,B,-,Y,,,,,,,,,,Y,2,0,2,1,A,-,08,22107,,N,E,I,A,A,H,-,D,D,0,,,,,Y,,A,07,2,0,0,0,0,0,0,0,0,"- ","- ",33.459600000000002,-117.90644,RIVERSIDE,UNINCORPORATED,-116.89971819,33.457101919999999
90059488,2015,2015-11-25,9840,2015-08-15,1948,019729,,6,2,6,3315,0,1,1,,2,034,"I-15 N/B","MAGNOLIA AVE",4224.00,S,N,A,-,Y,,,15,,,,,,N,Y,1,2,1,1,A,-,01,23152,A,N,E,I,A,A,D,-,B,D,0,,,,,Y,Y,A,07,0,1,0,0,0,0,0,0,0,"- ","- ",33.852809999999998,-117.5348,RIVERSIDE,CORONA,-117.53487423999999,33.852790710000001
90061615,2015,2015-11-30,9655,2015-11-21,1450,015892,,6,2,9,3300,0,1,3,,1,116,"STATE ROUTE 74","STATE ROUTE 243",1584.00,E,N,A,-,Y,,,74,,,,,,,Y,2,0,1,1,A,-,08,22107,,N,F,A,A,A,H,-,A,D,0,,,Y,,Y,,C,02,1,0,0,0,0,0,0,0,1,"- ","- ",33.70232,-116.72072,RIVERSIDE,UNINCORPORATED,-116.72075943,33.702275
9006179,2019,2020-01-13,3325,2019-11-20,0214,540,33325,3,5,4,3325,0,0,0,,0,003,"AVENIDA LA PAZ","MARINA RD",177.00,S,N,A,-,N,,,,,,,,,,Y,2,0,1,2,A,-,01,23153,A,N,C,C,A,A,H,-,C,D,0,,,,,Y,Y,A,01,1,0,0,0,0,0,0,0,0,"- ","- ",,,RIVERSIDE,"CATHEDRAL CITY",-116.4744873046875,33.835407257080078
90062500,2015,2017-01-06,9660,2015-11-08,2245,021051,,7,3,9,3300,0,1,2,,2,038,US-95,"2ND AVE.",4224.00,N,N,A,F,Y,,,95,,,,,,,Y,2,0,1,1,A,-,08,22107,,N,E,I,A,A,H,-,D,D,0,,,,,Y,,D,22,1,0,0,0,0,0,0,0,0,"- ","- ",33.70194,-114.57189,RIVERSIDE,UNINCORPORATED,-114.57189801,33.701951630000003
90065278,2015,2015-12-03,9630,2015-11-22,1658,019409,,7,2,9,3300,0,1,1,,2,021,"I-10 (E/B)","COOK ST",3696.00,W,N,A,-,Y,,,10,,,,,,,Y,2,0,2,3,A,-,01,23152,A,N,B,C,A,A,H,-,B,D,0,,,,Y,Y,Y,A,01,1,0,1,0,0,0,0,0,0,"- ","- ",33.792459999999998,-116.36454999999999,RIVERSIDE,UNINCORPORATED,-116.36472643,33.792162490000003
90065731,2015,2015-12-04,9660,2015-12-01,1214,019441,,2,1,9,3300,0,1,2,,2,038,US-95,"RIVERVIEW DR",292.00,N,N,A,-,Y,,,95,,,,,,,Y,2,0,1,1,A,-,08,22107,,N,F,I,A,A,H,-,A,D,0,,,,,Y,,A,01,1,0,0,0,0,0,0,0,0,"- ","- ",33.801459999999999,-114.52802,RIVERSIDE,UNINCORPORATED,-114.5280748,33.801444420000003
90066373,2015,2015-12-07,9655,2015-11-28,1109,019796,,6,1,9,3300,0,1,3,,1,314,"SR-74 EASTBOUND","BEE CANYON TRUCK TRAIL",1584.00,E,N,A,-,Y,,,74,,,,,,E,Y,2,0,1,1,A,-,08,22107,,N,E,I,A,A,H,-,A,D,0,,,Y,,Y,,C,02,1,0,0,0,0,0,0,0,1,"- ","- ",33.736229999999999,-116.81907,RIVERSIDE,UNINCORPORATED,-116.81907409999999,33.736279969999998
90076345,2015,2015-12-29,9685,2015-11-28,1028,016347,,6,1,9,3300,0,1,3,,2,011,"STATE ROUTE 74 (ORTEGA HIGHWAY)","EL CARISO ROAD",454.00,E,N,A,-,Y,,,74,,,,,,,Y,1,1,0,2,A,-,09,21804,A,N,D,C,A,A,H,-,A,D,0,,,Y,,Y,Y,A,01,0,0,0,0,0,0,0,1,0,"- ","- ",33.646990000000002,-117.41707,RIVERSIDE,UNINCORPORATED,-117.4171173,33.64702432
9007994,2019,2019-12-23,3300,2019-08-07,1220,4468,905H,3,5,4,3307,0,0,0,,0,092,"COLLIER AV","CHANEY ST",540.00,W,N,A,-,N,,,,,,,,,,Y,2,0,3,2,A,-,05,21460,A,N,A,C,A,A,H,-,A,D,0,,,,,Y,,A,07,1,0,2,0,0,0,0,0,0,"- ","- ",33.685100555419922,-117.33329772949219,RIVERSIDE,"LAKE ELSINORE",-117.33453369140625,33.686172485351562
90080729,2015,2015-12-23,9840,2015-11-02,0625,017459,,1,1,6,3315,0,1,3,,2,031,"SR 91 W/B","BUENA VISTA AVENUE",100.00,E,N,A,-,Y,,,,,,,,,,Y,2,0,1,3,A,-,03,22350,,N,B,C,A,A,D,E,A,D,0,,,Y,Y,Y,,C,02,1,0,0,0,0,0,0,0,1,"- ","- ",33.882980000000003,-117.58311999999999,RIVERSIDE,CORONA,-117.5766241,33.881295080000001
90084173,2015,2015-12-29,9840,2015-12-03,1045,012075,,4,1,7,3313,0,3,5,,2,004,"WOOD RD","SILO ST",180.00,N,N,A,-,N,,,,,,,,,,Y,2,0,1,1,A,-,08,22107,,N,E,I,A,A,H,-,A,D,0,,,Y,,Y,,C,02,1,0,0,0,0,0,0,0,1,"- ","- ",33.89331,-117.33131,RIVERSIDE,RIVERSIDE,-117.33129683999999,33.893463140000001
90088688,2015,2016-01-05,9840,2015-12-15,1900,018498,,2,2,6,3394,0,1,3,,2,025,"SR-60 E/B","PERRIS BLVD",1800.00,W,N,A,-,Y,,,60,,,,,,E,Y,2,0,1,1,A,-,01,23152,A,N,E,I,A,A,H,-,D,D,0,,,,,Y,Y,A,01,1,0,0,0,0,0,0,0,0,"- ","- ",33.940950000000001,-117.23232,RIVERSIDE,"MORENO VALLEY",-117.23233432000001,33.940871020000003
90089006,2015,2016-01-06,9840,2015-12-19,0100,019893,,6,3,9,3300,0,1,1,,2,040,"I-215 N/B","VAN BUREN BLVD",800.00,S,N,A,-,Y,,,215,,,,,,N,Y,2,0,1,2,A,-,01,23152,A,N,C,C,A,A,H,-,D,D,0,,,,Y,Y,Y,A,01,1,0,0,0,0,0,0,0,0,"- ","- ",33.874130000000001,-117.26446,RIVERSIDE,UNINCORPORATED,-117.26454160999999,33.874094710000001
90092009,2015,2016-01-11,9685,2015-12-28,0522,015654,,1,3,9,3300,0,1,1,,2,010,"I-15 NORTHBOUND","MAIN ST.",107.00,N,N,A,-,Y,,,,,,,,,,Y,2,0,1,3,A,-,03,22350,,N,C,C,A,A,H,-,D,D,0,,,,Y,Y,,B,07,1,0,0,0,0,0,0,0,0,"- ","- ",33.677689999999998,-117.32383,RIVERSIDE,UNINCORPORATED,-117.32379854,33.67764803
90094798,2015,2016-02-03,9685,2015-11-12,1720,015757,,4,2,9,3300,0,1,3,,1,039,"STATE ROUTE 79","ANZA ROAD",0.00,,Y,A,-,Y,,,79,,,,,,,N,1,1,0,2,A,-,11,21954,A,N,G,B,D,A,H,-,C,A,0,Y,,,,Y,,N,60,0,0,0,1,0,0,0,0,0,"- ","- ",33.489460000000001,-117.05517,RIVERSIDE,UNINCORPORATED,-117.05517728,33.489449489999998
90097159,2016,2016-01-18,9655,2016-01-14,1820,019871,,4,2,9,3300,0,3,5,,2,002,"SAN TIMOTEO CANYON RD","REDLANDS BLVD",339.00,W,N,A,-,N,,,,,,,,,,Y,2,0,1,1,A,-,08,22107,,N,E,I,A,A,H,-,D,D,0,,,,,Y,,A,01,1,0,0,0,0,0,0,0,0,"- ","- ",33.993220000000001,-117.15515000000001,RIVERSIDE,UNINCORPORATED,-117.15474415,33.993079889999997
90098772,2015,2016-01-20,9685,2015-11-18,1520,015757,,3,2,5,3341,0,1,1,,2,020,"INTERSTATE 215 NORTHBOUND","NEWPORT ROAD",5280.00,S,N,A,-,Y,,,215,,,,,,N,Y,1,1,3,3,A,-,03,22350,,N,C,C,A,A,D,-,A,D,0,,,,,Y,,M,47,0,0,3,0,0,0,0,0,0,"- ","- ",33.669820000000001,-117.17076,RIVERSIDE,MENIFEE,-117.17080566999999,33.669820340000001
90099666,2015,2016-01-21,9840,2015-12-29,0537,015444,,2,3,7,3313,0,1,3,,2,010,"SR-60 WB","ORANGE STREET",426.00,E,N,A,-,Y,,,60,,,,,,W,Y,1,1,1,2,A,-,03,22350,,N,C,C,A,A,H,-,C,D,0,,,,,Y,,A,01,0,0,1,0,0,0,0,0,0,"- ","- ",33.99532,-117.36139,RIVERSIDE,RIVERSIDE,-117.36142778999999,33.995228249999997
90106248,2015,2016-02-01,9840,2015-12-31,2219,019893,,4,3,7,3313,0,1,3,,2,020,"SR-91 E/B","LA SIERRA AVE.",300.00,E,N,A,-,Y,,,,,,,,,,Y,2,0,2,4,A,-,08,22107,,N,B,C,A,A,H,-,C,D,0,,,Y,,Y,,A,01,1,0,1,0,0,0,0,0,1,"- ","- ",33.987650000000002,-117.56746,RIVERSIDE,RIVERSIDE,-117.47248140000001,33.900308289999998
90111309,2016,2016-02-08,9840,2016-01-15,2220,016765,,5,3,9,3300,0,3,5,,2,004,"HANSEN AVE","WOLFSKILL AVE",0.00,,Y,A,-,N,,,,,,,,,,Y,2,0,2,2,A,-,12,22450,A,N,D,C,A,A,H,-,D,A,0,,,,,Y,,A,01,1,1,0,0,0,0,0,0,0,"- ","- ",33.82161,-117.11673999999999,RIVERSIDE,UNINCORPORATED,-117.11679006999999,33.821610040000003
90112684,2016,2016-02-10,9685,2016-02-07,1215,015654,,7,1,9,3300,0,3,5,,2,003,"CORONA CALA CAMINO","EL CEREZO ROAD",636.00,S,N,A,-,N,,,,,,,,,,Y,2,0,1,1,A,-,03,22350,,N,F,A,A,A,H,-,A,D,0,,,Y,,Y,,C,02,1,0,0,0,0,0,0,0,1,"- ","- ",33.485619999999997,-117.34174,RIVERSIDE,UNINCORPORATED,-117.34173248,33.485707089999998
90115528,2016,2016-02-16,9840,2016-01-20,0605,011368,,3,1,9,3300,0,2,4,,2,045,"LA SIERRA AVENUE","CAJALCO ROAD",1584.00,N,N,B,E,N,,,,,,,,,,Y,2,0,2,2,A,-,05,21650,,N,A,C,A,B,H,-,B,D,0,,,,,Y,,A,01,1,1,0,0,0,0,0,0,0,"- ","- ",33.837440000000001,-117.46204,RIVERSIDE,UNINCORPORATED,-117.46124825,33.833426600000003
90119994,2016,2016-02-22,9655,2016-02-11,1945,018677,,4,2,9,3300,0,1,3,,2,212,"SR-60 W/B","GILMAN SPRINGS RD.",2640.00,E,N,A,-,Y,,,60,,,,,,W,Y,2,0,1,1,A,-,01,23152,A,N,F,A,A,A,H,-,D,D,0,,,,,Y,Y,A,01,1,0,0,0,0,0,0,0,0,"- ","- ",33.935549999999999,-117.10885,RIVERSIDE,UNINCORPORATED,-117.10881943,33.935322589999998
90123654,2016,2016-02-25,9840,2016-02-07,0056,019017,,7,3,7,3313,0,1,3,,2,020,"SR-91 E/B","VAN BUREN BLVD",200.00,E,N,A,-,Y,,,91,,,,,,E,Y,2,0,1,1,A,-,01,23152,A,N,F,A,A,A,H,-,C,D,0,,,Y,,Y,Y,C,02,1,0,0,0,0,0,0,0,1,"- ","- ",33.917560000000002,-117.43696,RIVERSIDE,RIVERSIDE,-117.43696353999999,33.917566069999999
90123902,2015,2016-04-06,9840,2015-12-25,2307,018949,,5,3,6,3345,0,1,3,,2,010,"SR-60 WESTBOUND TO I-15 SOUTHBOUND","INTERSTATE 15",854.00,E,N,A,-,Y,,,60,,,,R,,W,Y,1,1,0,2,A,-,11,21954,A,N,G,B,E,A,H,-,C,D,0,Y,,,,Y,Y,N,60,0,0,0,1,0,0,0,0,0,"- ","- ",34.021380000000001,-117.54682,RIVERSIDE,"JURUPA VALLEY",-117.54682,34.021380000000001
9012407,2019,2019-12-28,3309,2019-06-28,2323,232,3309,5,5,4,3309,0,0,0,,0,004,"AVE 50","JEFFERSON ST",436.00,E,N,A,-,N,,,,,,,,,,Y,2,0,3,1,A,-,01,23153,G,N,A,I,A,A,H,-,C,D,0,,,,,Y,Y,B,01,2,1,0,0,0,0,0,0,0,"- ","- ",,,RIVERSIDE,INDIO,-116.26737976074219,33.685379028320312
90129833,2016,2016-03-04,9660,2016-02-28,1437,021181,,7,2,9,3300,0,3,5,,2,003,"ARROWHEAD BLVD","18TH AVE",0.00,,Y,A,-,N,,,,,,,,,,Y,2,0,4,2,A,-,09,21802,A,N,D,C,A,A,H,-,A,D,0,,,,,Y,,A,07,2,2,0,0,0,0,0,0,0,"- ","- ",33.573790000000002,-114.6397,RIVERSIDE,UNINCORPORATED,-114.63956005999999,33.573700119999998
90130587,2016,2016-03-07,9840,2016-02-25,1358,017504,,4,1,6,3394,0,1,3,,2,025,"SR-60 E/B FROM DAY ST.","DAY ST.",650.00,E,N,A,-,Y,,,,,,,,,,Y,2,0,1,1,A,-,03,22350,,N,E,I,A,A,H,-,A,D,0,,,Y,,Y,,C,02,1,0,0,0,0,0,0,0,1,"- ","- ",33.941899999999997,-117.29232,RIVERSIDE,"MORENO VALLEY",-117.27685887,33.942334969999997
90130684,2016,2016-03-07,9655,2016-02-02,0001,018168,,2,3,3,3302,0,1,1,,2,202,"I-10 E/B","OAK VALLEY PARKWAY",3854.00,E,N,A,-,Y,,,10,,,,,,E,Y,1,1,0,1,A,-,08,22107,,N,E,I,A,A,H,-,C,D,0,,,,,Y,,A,01,0,0,0,0,0,0,0,0,0,"- ","- ",33.936129999999999,-116.99506,RIVERSIDE,BEAUMONT,-116.99500897999999,33.936209980000001
90130943,2015,2016-03-15,9840,2015-10-04,1250,018383,,7,1,7,3313,0,1,3,,2,201,"STATE ROUTE 91 EASTBOUND","JACKSON STREET",1152.00,E,N,B,-,Y,,,91,,,,,,E,Y,1,1,2,2,A,-,01,23152,A,N,C,C,A,A,H,-,A,D,0,,,,,Y,Y,A,07,0,0,2,0,0,0,0,0,0,"- ","- ",33.896720000000002,-117.49386,RIVERSIDE,RIVERSIDE,-117.49393956,33.897057699999998
90132730,2016,2016-03-09,9655,2016-03-03,0550,018587,,4,3,9,3300,0,1,3,,1,314,"STATE HIGHWAY 74","SCHULTZ RD.",500.00,W,N,A,-,Y,,,74,,,,,,,Y,2,0,1,3,A,-,08,22107,,N,E,I,A,A,H,-,C,D,0,,,,,Y,,D,22,1,0,0,0,0,0,0,0,0,"- ","- ",33.746720000000003,-116.86884000000001,RIVERSIDE,UNINCORPORATED,-116.86879043,33.746838400000001
90133436,2016,2016-03-10,9655,2016-02-24,1709,014583,,3,2,9,3300,0,3,5,,2,002,"GILMAN SPRINGS RD.","JACK RABBIT TR.",3168.00,W,N,A,-,N,,,,,,,,,,Y,2,0,2,3,A,-,05,21460,A,N,B,C,A,A,H,-,A,D,0,,,,,Y,,D,22,1,0,1,0,0,0,0,0,0,"- ","- ",33.897480000000002,-117.08284,RIVERSIDE,UNINCORPORATED,-117.08019233,33.89285675
90134527,2016,2016-03-11,9630,2016-03-05,1149,018811,,6,1,9,3300,0,1,3,,2,015,"SR-62 W/B TO E/B I-10","I-10 E/B",70.00,S,N,B,-,Y,,,62,,,,R,,W,N,2,0,1,1,A,-,08,22107,,N,E,I,A,A,H,-,A,D,0,,,Y,,Y,,C,02,1,0,0,0,0,0,0,0,1,"- ","- ",33.914360000000002,-116.60647,RIVERSIDE,UNINCORPORATED,-116.60647,33.914360000000002
90135470,2016,2016-03-14,9655,2016-03-03,2155,019462,,4,2,9,3300,0,1,3,,1,314,SR-74,"FIRST STREET",0.00,,Y,A,-,Y,,,74,,,,,,,N,2,0,1,2,A,-,11,21950,B,N,G,B,D,A,H,-,D,D,0,Y,,,,Y,Y,N,60,1,0,0,0,1,0,0,0,0,"- ","- ",33.747860000000003,-116.88836999999999,RIVERSIDE,UNINCORPORATED,-116.88837035,33.747874879999998
90136700,2016,2016-03-15,9840,2016-02-26,1448,019242,,5,2,9,3300,0,3,5,,2,002,"IOWA AVENUE N/B","VILLA STREET",48.00,S,N,A,-,N,,,,,,,,,,N,2,0,1,2,A,-,11,21954,A,F,G,B,D,A,H,-,A,D,0,Y,,,,Y,,N,60,1,0,0,0,1,0,0,0,0,"- ","- ",33.013190000000002,-117.33973,RIVERSIDE,UNINCORPORATED,-117.33996804,34.013098499999998
90136976,2015,2016-03-15,9840,2015-12-06,1644,018248,,7,2,9,3300,0,3,5,,2,003,"MCKINLEY ST","HARLOW AVE",34.00,N,N,A,-,N,,,,,,,,,,Y,1,1,0,1,A,-,01,23152,E,N,E,I,A,A,H,-,B,A,0,,,Y,,Y,,C,02,0,0,0,0,0,0,0,1,0,"- ","- ",33.880560000000003,-117.51182,RIVERSIDE,UNINCORPORATED,-117.51203726,33.88057817
90139560,2016,2016-03-18,9685,2016-03-13,1600,015360,,7,2,4,3342,0,1,1,,2,030,"I-15 N/B TO MURRIETA HOT SPRINGS RD.","MURRIETA HOT SPRINGS ROAD",200.00,S,N,A,-,Y,,,,,,,,,,Y,2,0,1,1,A,-,01,23152,A,N,E,I,A,A,H,-,A,D,0,,,Y,,Y,Y,C,02,1,0,0,0,0,0,0,0,1,"- ","- ",33.035240000000002,-117.52410999999999,RIVERSIDE,MURRIETA,-117.19166,33.554769999999998
90140003,2016,2016-03-21,9630,2016-03-05,0108,020845,,6,3,4,3311,0,1,1,,2,010,"I-10 E/B","PALM DR.",1056.00,W,N,A,-,Y,,,10,,,,,,E,Y,2,0,1,2,A,-,01,23152,A,N,C,C,A,A,H,-,D,D,0,,,,Y,Y,Y,A,01,1,0,0,0,0,0,0,0,0,"- ","- ",33.880929999999999,-116.50554,RIVERSIDE,"PALM SPRINGS",-116.50554283,33.880926700000003
9014015,2019,2020-02-07,3306,2019-09-21,1813,115,,6,5,3,3306,0,0,0,,0,,"IRONWOOD DR","MESQUITE AV",0.00,,Y,A,-,N,,,,,,,,,,N,2,0,2,4,A,-,10,21954,B,N,G,B,B,A,H,-,B,A,0,Y,,,,Y,,A,01,1,0,1,0,2,0,0,0,0,"- ","- ",,,RIVERSIDE,"DESERT HOT SPRINGS",-116.49690246582031,33.950481414794922
90142459,2016,2016-03-23,9630,2016-03-12,1425,021162,,6,2,9,3300,0,2,4,,2,026,"DILLON ROAD","HOT SPRINGS RD",528.00,W,N,A,-,N,,,,,,,,,,Y,2,0,2,1,A,-,01,23152,A,N,F,A,A,A,H,-,A,D,0,,,,,Y,Y,A,01,2,0,0,0,0,0,0,0,0,"- ","- ",33.90117,-116.35562,RIVERSIDE,UNINCORPORATED,-116.35509095,33.900949570000002
90142852,2016,2016-05-17,9840,2016-02-10,1948,015663,,3,2,9,3300,0,1,1,,2,022,"I-215 S/B","CENTER ST.",400.00,N,N,A,-,Y,,,,,,,,,,Y,2,0,2,2,A,-,07,21658,A,F,B,C,A,A,H,-,D,D,0,,,,,Y,,A,01,1,0,1,0,0,0,0,0,0,"- ","- ",33.165230000000001,-117.86541,RIVERSIDE,UNINCORPORATED,,
90143085,2016,2016-03-24,9840,2016-03-18,2225,020360,,5,3,9,3300,0,3,5,,2,004,"OLD ELSINORE ROAD","CEDAR STREET",15.00,N,N,A,-,N,,,,,,,,,,N,2,0,1,2,A,-,05,21650,,F,A,G,A,A,H,-,D,D,0,,Y,,,Y,,L,04,1,0,0,0,0,0,1,0,0,"- ","- ",33.828130000000002,-117.28449000000001,RIVERSIDE,UNINCORPORATED,-117.28453484000001,33.828145480000003
90144621,2016,2016-03-28,9630,2016-03-16,2223,020840,,3,3,9,3300,0,2,4,,2,017,"N INDIAN CANYON DRIVE","THUMB DR",0.00,,Y,A,-,N,,,,,,,,,,N,2,0,1,2,A,-,05,21460,A,N,B,C,A,A,H,-,C,D,0,,,Y,,Y,,C,02,1,0,0,0,0,0,0,0,1,"- ","- ",33.923079999999999,-116.54526,RIVERSIDE,UNINCORPORATED,-116.54531013,33.923000109999997
90146205,2016,2016-03-28,9840,2016-03-25,0640,019361,,5,1,7,3313,0,1,1,,2,023,"I-215 N/B","FAIR ISLE DRIVE",500.00,S,N,A,-,Y,,,215,,,,,,N,Y,2,0,1,3,A,-,08,22107,,F,B,C,A,A,H,-,A,D,0,,,Y,Y,Y,,-,99,1,0,0,0,0,0,0,0,1,"- ","- ",33.947270000000003,-117.2998,RIVERSIDE,RIVERSIDE,-117.29980655,33.947257010000001
9014683,2019,2020-02-11,3300,2019-12-10,1810,5594,916D,2,5,4,3312,0,0,0,,0,031,"RIDER ST","EDISON POLE 2277592E",53.00,W,N,B,-,N,,,,,,,,,,,2,0,1,2,A,-,11,21956,A,F,G,B,E,A,H,-,C,D,0,Y,,,,Y,,N,60,1,0,0,0,1,0,0,0,0,"- ","- ",33.830589294433594,-117.24329376220703,RIVERSIDE,PERRIS,,
90149171,2016,2016-04-01,9630,2016-03-26,1120,019943,,6,1,9,3300,0,3,5,,2,002,"42ND AVE E/B","HOPEWELL AVE",315.00,E,N,A,-,N,,,,,,,,,,Y,2,0,1,2,A,-,08,22107,,N,B,C,A,A,H,-,A,D,0,,,,,Y,,A,07,1,0,0,0,0,0,0,0,0,"- ","- ",33.743679999999998,-116.28098,RIVERSIDE,UNINCORPORATED,-116.28093835999999,33.743819999999999
90155624,2016,2016-04-12,9840,2016-02-29,1805,020018,,1,2,9,3300,0,3,5,,2,003,"CAJALCO ROAD","TEMESCAL CANYON ROAD",8149.00,E,N,A,-,N,,,,,,,,,,Y,1,1,1,2,A,-,05,21460,A,N,A,C,A,A,H,-,B,D,0,,,Y,,Y,,C,02,0,1,0,0,0,0,0,1,0,"- ","- ",33.828290000000003,-117.48289,RIVERSIDE,UNINCORPORATED,-117.51843,33.820970000000003
90157839,2016,2016-04-14,9660,2016-02-10,0148,019623,,3,3,9,3300,0,1,1,,2,030,"I-10 E/B","FORD DRY LAKE",41712.00,W,N,A,-,Y,,,10,,,,,,E,Y,1,1,0,3,A,-,03,22350,,N,C,C,A,A,H,-,D,D,0,,,,Y,Y,,G,25,0,0,0,0,0,0,0,0,0,"- ","- ",33.646740000000001,-115.12375,RIVERSIDE,UNINCORPORATED,-115.12372816,33.64681281
90158943,2016,2016-04-15,9655,2016-04-07,1150,014743,,4,1,9,3300,0,1,1,,2,206,"I-10 E/B","WHITEWATER CUT OFF",5808.00,E,N,B,-,Y,,,10,,,,,,E,Y,2,0,1,1,A,-,08,22107,,N,F,A,A,A,H,-,A,D,0,,,,,Y,,A,07,1,0,0,0,0,0,0,0,0,"- ","- ",33.918689999999998,-116.62604,RIVERSIDE,UNINCORPORATED,-116.62602563999999,33.918744519999997
90164459,2016,2016-04-25,9685,2016-04-16,2140,015360,,6,2,9,3300,0,3,5,,2,003,"RANCHO CALIFORNIA RD.","REID CT.",397.00,W,N,A,-,N,,,,,,,,,,Y,2,0,1,2,A,-,01,23152,A,N,A,C,A,A,H,-,D,D,0,,,,,Y,Y,A,01,1,0,0,0,0,0,0,0,0,"- ","- ",33.312249999999999,-117.45283000000001,RIVERSIDE,UNINCORPORATED,-117.08020895,33.523129900000001
90165545,2016,2016-04-26,9630,2016-04-17,0359,020445,,7,3,9,3300,0,2,4,,2,053,"HARRISON STREET","60TH AVENUE",2112.00,N,N,A,-,N,,,,,,,,,,N,2,0,1,2,A,-,11,21954,A,F,G,B,E,A,H,-,D,D,0,Y,,,,Y,Y,N,60,1,0,0,0,1,0,0,0,0,"- ","- ",33.619140000000002,-116.18125999999999,RIVERSIDE,UNINCORPORATED,-116.18120387,33.618657550000002
90167467,2016,2016-04-28,9840,2016-03-23,1215,013500,,3,1,4,3344,0,1,1,,2,011,"I-15 S/B","LIMONITE AVE.",350.00,S,N,A,-,Y,,,15,,,,,,S,Y,2,0,1,1,A,-,07,21658,A,N,F,A,A,A,H,-,A,D,0,,,Y,,Y,,C,02,1,0,0,0,0,0,0,0,1,"- ","- ",33.9726,-117.54912,RIVERSIDE,EASTVALE,-117.54904055999999,33.972598249999997
90173828,2016,2016-05-05,9685,2016-04-05,0530,009983,,2,3,5,3335,0,1,1,,2,030,"I-15 SOUTHBOUND","TEMECULA PKWY SR-79",895.00,N,N,A,-,Y,,,,,,,,,,Y,2,0,2,1,A,-,08,22107,,N,E,J,A,A,H,-,D,D,0,,,,,Y,,A,07,2,0,0,0,0,0,0,0,0,"- ","- ",33.291800000000002,-117.08605,RIVERSIDE,TEMECULA,,