CASE_ID,ACCIDENT_YEAR,PROC_DATE,JURIS,COLLISION_DATE,COLLISION_TIME,OFFICER_ID,REPORTING_DISTRICT,DAY_OF_WEEK,CHP_SHIFT,POPULATION,CNTY_CITY_LOC,SPECIAL_COND,BEAT_TYPE,CHP_BEAT_TYPE,CITY_DIVISION_LAPD,CHP_BEAT_CLASS,BEAT_NUMBER,PRIMARY_RD,SECONDARY_RD,DISTANCE,DIRECTION,INTERSECTION,WEATHER_1,WEATHER_2,STATE_HWY_IND,CALTRANS_COUNTY,CALTRANS_DISTRICT,STATE_ROUTE,ROUTE_SUFFIX,POSTMILE_PREFIX,POSTMILE,LOCATION_TYPE,RAMP_INTERSECTION,SIDE_OF_HWY,TOW_AWAY,COLLISION_SEVERITY,NUMBER_KILLED,NUMBER_INJURED,PARTY_COUNT,PRIMARY_COLL_FACTOR,PCF_CODE_OF_VIOL,PCF_VIOL_CATEGORY,PCF_VIOLATION,PCF_VIOL_SUBSECTION,HIT_AND_RUN,TYPE_OF_COLLISION,MVIW,PED_ACTION,ROAD_SURFACE,ROAD_COND_1,ROAD_COND_2,LIGHTING,CONTROL_DEVICE,CHP_ROAD_TYPE,PEDESTRIAN_ACCIDENT,BICYCLE_ACCIDENT,MOTORCYCLE_ACCIDENT,TRUCK_ACCIDENT,NOT_PRIVATE_PROPERTY,ALCOHOL_INVOLVED,STWD_VEHTYPE_AT_FAULT,CHP_VEHTYPE_AT_FAULT,COUNT_SEVERE_INJ,COUNT_VISIBLE_INJ,COUNT_COMPLAINT_PAIN,COUNT_PED_KILLED,COUNT_PED_INJURED,COUNT_BICYCLIST_KILLED,COUNT_BICYCLIST_INJURED,COUNT_MC_KILLED,COUNT_MC_INJURED,PRIMARY_RAMP,SECONDARY_RAMP,LATITUDE,LONGITUDE,COUNTY,CITY,POINT_X,POINT_Y
91888362,2022,2022-10-12,9630,2022-10-04,0001,021008,,2,3,9,3300,0,1,3,,1,074,"STATE ROUTE 74","PALOWET DR",13728.00,W,N,A,-,Y,RIV,,74,,,90.260,H,,R,Y,2,0,1,1,A,-,03,22350,,N,F,A,A,A,H,-,D,D,0,,,Y,,Y,,C,02,1,0,0,0,0,0,0,0,1,"- ","- ",33.654170989990234,-116.39792633056641,RIVERSIDE,UNINCORPORATED,-116.39793395996094,33.654182434082031
91889746,2022,2022-10-13,9685,2022-04-30,2225,017013,,6,3,9,3300,0,1,3,,1,031,"STATE ROUTE 79 (WINCHESTER ROAD)","SCOTT ROAD",1531.00,S,N,A,-,N,,,,,,,,,,N,1,1,0,2,A,-,11,21954,A,F,G,B,E,A,H,-,D,D,0,Y,,,,Y,,N,60,0,0,0,1,0,0,0,0,0,"- ","- ",33.635921478271484,-117.08628082275391,RIVERSIDE,UNINCORPORATED,-117.08627319335938,33.635917663574219
91889749,2022,2022-10-13,9685,2022-08-01,0555,016743,,1,3,5,3341,0,1,1,,2,020,"I-215 SOUTHBOUND","MCCALL BOULEVARD",1584.00,N,N,A,-,Y,RIV,,215,,,21.107,H,,L,Y,1,1,1,2,C,-,18,,,N,F,A,A,A,H,-,A,D,0,,,,Y,Y,,-,"- ",0,1,0,0,0,0,0,0,0,"- ","- ",33.718959808349609,-117.18924713134766,RIVERSIDE,MENIFEE,-117.18930053710938,33.718959808349609
91892679,2022,2022-10-18,9685,2022-10-04,1220,016743,,2,1,9,3300,0,1,3,,1,039,"SR-79 SOUTHBOUND","ANZA ROAD",1056.00,S,N,A,-,Y,RIV,,79,,,14.802,H,,L,Y,2,0,3,2,A,-,05,21460,A,N,A,C,A,A,H,-,A,D,0,,,,,Y,,A,01,3,0,0,0,0,0,0,0,0,"- ","- ",33.491241455078125,-117.05912780761719,RIVERSIDE,UNINCORPORATED,-117.05912780761719,33.491230010986328
91892817,2022,2022-10-18,9630,2022-10-08,2135,022441,,6,2,9,3300,0,3,5,,2,001,"MOUNTAIN VIEW RD","LOUISAN RD",450.00,S,N,A,-,N,,,,,,,,,,Y,2,0,1,2,A,-,01,23152,A,M,C,C,A,A,H,-,D,D,0,,,,,Y,Y,A,01,1,0,0,0,0,0,0,0,0,"- ","- ",33.934108734130859,-116.47550964355469,RIVERSIDE,UNINCORPORATED,-116.47556304931641,33.934658050537109
91894704,2022,2022-10-20,9685,2022-10-13,1735,015957,,4,2,9,3300,0,2,4,,2,023,"SCOTT RD","LEON RD",1991.00,E,N,A,-,N,,,,,,,,,,N,2,0,2,2,A,-,09,21804,A,N,D,C,A,A,H,-,A,D,0,,,,,Y,,A,01,1,1,0,0,0,0,0,0,0,"- ","- ",33.641658782958984,-117.11049652099609,RIVERSIDE,UNINCORPORATED,-117.11259460449219,33.641670227050781
91895599,2022,2022-10-20,9660,2022-10-13,0335,022114,,4,3,9,3300,0,1,1,,2,031,"I-10 E/B","MESA DR. OVERCROSSING",17952.00,W,N,A,-,Y,RIV,,10,,R,141.726,H,,R,Y,2,0,1,2,A,-,08,22107,,N,G,C,A,A,H,-,D,D,0,,,,Y,Y,,A,07,1,0,0,0,0,0,0,0,0,"- ","- ",33.609951019287109,-114.78592681884766,RIVERSIDE,UNINCORPORATED,-114.78592681884766,33.609813690185547
91898094,2022,2022-10-24,9655,2022-04-23,0330,020695,,6,3,9,3300,0,1,3,,2,212,"STATE ROUTE 60 WESTBOUND","GILMAN SPRINGS ROAD",8712.00,E,N,B,-,Y,RIV,,60,,,23.737,H,,L,Y,1,2,1,2,A,-,01,23152,A,N,A,C,A,A,D,-,D,D,0,,,,,Y,Y,A,01,1,0,0,0,0,0,0,0,0,"- ","- ",33.937309265136719,-117.09951782226562,RIVERSIDE,UNINCORPORATED,-117.09947967529297,33.937232971191406
91898878,2022,2022-10-25,9685,2022-10-22,0158,016347,,6,3,9,3300,0,3,5,,2,003,"RANCHO CAL ROAD","ANZA ROAD",0.00,,Y,B,-,N,,,,,,,,,,Y,2,0,1,1,A,-,03,22350,,N,E,I,A,A,H,-,C,D,0,,,Y,,Y,,C,02,1,0,0,0,0,0,0,0,1,"- ","- ",33.533870697021484,-117.05596923828125,RIVERSIDE,UNINCORPORATED,-117.05568695068359,33.533935546875
91901043,2021,2022-10-27,9685,2021-12-06,1735,018539,,1,2,4,3342,0,1,1,,2,034,"I-215 S/B","CLINTON KEITH ROAD",4618.00,S,N,A,-,Y,,,215,,,,,,S,Y,1,1,1,2,A,-,03,22350,,N,C,C,A,A,H,-,C,D,0,,,,,Y,,A,08,0,0,1,0,0,0,0,0,0,"- ","- ",33.586818695068359,-117.18100738525391,RIVERSIDE,MURRIETA,-117.18098449707031,33.586818695068359
91906133,2022,2022-11-01,9685,2022-10-25,1740,017919,,2,2,9,3300,0,3,5,,2,003,"SAGE RD.","COTTONWOOD SCHOOL RD.",400.00,S,N,A,-,N,,,,,,,,,,Y,2,0,1,2,A,-,05,21460,A,N,B,C,A,A,H,-,A,D,0,,,Y,,Y,,C,02,1,0,0,0,0,0,0,0,1,"- ","- ",33.475009918212891,-117.91403961181641,RIVERSIDE,UNINCORPORATED,-116.91181182861328,33.480361938476562
91907540,2022,2022-11-02,9655,2022-10-27,0025,018905,,4,3,9,3300,0,1,3,,2,315,"SR-79 N/B","GARBANI RD",3696.00,S,N,A,-,Y,RIV,,79,,R,13.039,H,,R,Y,2,0,1,1,A,-,01,23152,A,N,E,I,A,A,H,-,D,D,0,,,,,Y,Y,A,01,1,0,0,0,0,0,0,0,0,"- ","- ",33.652908325195312,-117.08434295654297,RIVERSIDE,UNINCORPORATED,-117.08440399169922,33.652908325195312
91912857,2022,2022-11-08,9840,2022-10-30,0945,020455,,7,1,7,3313,0,1,1,,2,023,"I-215 N/B","CENTRAL AVE",2500.00,N,N,A,-,Y,RIV,,215,,,40.068,H,,R,Y,2,0,3,4,A,-,03,22350,,N,C,C,A,A,H,-,A,D,0,,,Y,,Y,,A,01,1,2,0,0,0,0,0,0,1,"- ","- ",33.961311340332031,-117.31855773925781,RIVERSIDE,RIVERSIDE,-117.31859588623047,33.961227416992188
91914120,2022,2022-11-09,9655,2022-08-16,0620,018677,,2,1,4,3301,0,1,1,,2,204,"INTERSTATE 10 WESTBOUND","HIGHLAND SPRINGS AVENUE",5069.00,E,N,A,-,Y,RIV,,10,,,10.280,H,,L,Y,1,1,0,2,A,-,03,22350,,N,C,2,A,A,D,E,B,D,0,,,,,Y,,-,"- ",0,0,0,0,0,0,0,0,0,"- ","- ",33.926399230957031,-116.93009185791016,RIVERSIDE,BANNING,-116.93009185791016,33.926372528076172
91916686,2022,2022-11-14,9840,2022-09-11,1710,021037,,7,2,7,3313,0,1,1,,2,022,"I-215 SOUTHBOUND TO SR-60 WESTBOUND","SR-60 WESTBOUND",45.00,N,N,B,-,Y,RIV,,60,,,12.092,H,,L,N,1,1,0,1,A,-,01,23152,A,N,F,A,A,A,H,-,A,D,0,,,,,Y,Y,A,07,0,0,0,0,0,0,0,0,0,"- ","- ",33.994411468505859,-117.35899353027344,RIVERSIDE,RIVERSIDE,-117.35910797119141,33.994228363037109
91921701,2022,2022-11-18,9655,2022-11-14,0035,020664,,1,3,9,3300,0,3,5,,2,002,"SAN TIMOTEO CANYON RD.","LAKE SHORE DR",1275.00,W,N,A,-,N,,,,,,,,,,Y,2,0,1,1,A,-,08,22107,,N,D,I,A,A,H,-,C,D,0,,,,,Y,Y,A,01,1,0,0,0,0,0,0,0,0,"- ","- ",33.977790832519531,-117.11084747314453,RIVERSIDE,UNINCORPORATED,-117.11477661132812,33.980880737304688
91925245,2022,2022-11-23,9655,2022-11-10,2236,022361,,4,3,9,3300,0,3,5,,2,002,"ELM ST.","CARMEN AVE.",395.00,S,N,A,-,N,,,,,,,,,,N,2,0,2,2,A,-,05,21650,,N,B,C,A,A,H,-,D,D,0,,,,,Y,,-,99,1,0,1,0,0,0,0,0,0,"- ","- ",33.909481048583984,-116.75457000732422,RIVERSIDE,UNINCORPORATED,-116.75447845458984,33.909637451171875
91925583,2022,2022-11-23,9840,2022-11-14,1403,018611,,1,2,9,3300,0,3,5,,2,003,"INDIANA AVENUE","SOMERDALE STREET",355.00,W,N,A,-,N,,,,,,,,,,Y,2,0,1,2,A,-,08,22107,,N,E,I,A,A,H,-,A,D,0,,,,,Y,,A,01,1,0,0,0,0,0,0,0,0,"- ","- ",33.8731689453125,-117.51429748535156,RIVERSIDE,UNINCORPORATED,-117.51417541503906,33.873050689697266
91929348,2022,2022-11-29,9840,2022-07-25,1930,021481,,1,2,7,3313,0,1,3,,2,025,"STATE ROUTE 60 EASTBOUND","DAY STREET",299.00,W,N,A,-,Y,RIV,,60,,,13.227,H,,R,Y,1,1,0,2,A,-,03,22350,,N,C,C,A,A,H,-,A,D,0,,,Y,,Y,,C,02,0,0,0,0,0,0,0,1,0,"- ","- ",33.942779541015625,-117.28045654296875,RIVERSIDE,RIVERSIDE,-117.28045654296875,33.942787170410156
91929692,2022,2022-11-30,9840,2022-11-24,0720,016358,,4,1,6,3394,0,1,3,,2,025,"SR-60 E/B","FREDERICK ST.",146.00,W,N,A,-,Y,RIV,,60,,,14.302,H,,R,Y,2,0,1,1,A,-,08,22107,,N,E,I,A,A,H,-,A,D,0,,,,,Y,,A,01,1,0,0,0,0,0,0,0,0,"- ","- ",33.940650939941406,-117.26206207275391,RIVERSIDE,"MORENO VALLEY",-117.26206207275391,33.940708160400391
91930683,2022,2022-11-30,9685,2022-11-23,1315,015360,,3,1,5,3335,0,1,1,,2,030,"I-15 NORTHBOUND","SANTIAGO ROAD",1056.00,N,N,A,-,Y,,,,,,,,,,Y,2,0,1,1,A,-,03,22350,,N,H,A,A,A,H,-,A,D,0,,,Y,,Y,,C,02,1,0,0,0,0,0,0,0,1,"- ","- ",33.635459899902344,-117.75647735595703,RIVERSIDE,TEMECULA,-117.14498901367188,33.492835998535156
91933905,2022,2022-12-05,9655,2022-11-26,2100,020695,,6,2,9,3300,0,1,3,,2,212,"SR-60 E/B","POTRERO BLVD.",1375.00,W,N,A,-,Y,RIV,,60,,,28.730,H,,R,Y,2,0,1,2,A,-,08,22107,,N,C,4,A,A,H,-,D,D,0,,,,,Y,,A,07,1,0,0,0,0,0,0,0,0,"- ","- ",33.933391571044922,-117.02060699462891,RIVERSIDE,UNINCORPORATED,-117.02062225341797,33.933444976806641
91942402,2022,2022-12-14,9655,2022-12-03,1958,019466,,6,2,9,3300,0,3,5,,2,001,"BAUTISTA ROAD",SR-371,50.00,S,N,A,-,N,,,,,,,,,,Y,2,0,2,2,A,-,05,21460,A,N,A,C,A,A,H,-,D,A,0,,,,,Y,,A,01,1,0,1,0,0,0,0,0,0,"- ","- ",33.552989959716797,-116.70079040527344,RIVERSIDE,UNINCORPORATED,-116.70075225830078,33.553073883056641
91943162,2022,2022-12-15,9655,2022-12-07,0655,019321,,3,1,9,3300,0,1,1,,2,206,"I-10 W/B TO TIPTON RD.","TIPTON RD.",0.00,,Y,A,-,Y,,,,,,,,,,Y,2,0,1,2,A,-,12,22450,A,N,D,C,A,A,H,-,A,A,0,,,,Y,Y,,G,25,1,0,0,0,0,0,0,0,0,"- ","- ",33.924251556396484,-116.64437103271484,RIVERSIDE,UNINCORPORATED,-116.654541015625,33.921886444091797
9194915,2020,2021-01-14,3302,2020-11-17,2054,1186,,2,5,3,3302,0,0,0,,0,,"OAK VIEW DR","CARDINAL ST",23.00,S,N,A,-,N,,,,,,,,,,Y,2,0,1,1,A,-,01,23152,B,N,E,J,A,A,H,-,C,D,0,,,,,Y,Y,A,01,1,0,0,0,0,0,0,0,0,"- ","- ",33.950359344482422,-116.99359130859375,RIVERSIDE,BEAUMONT,-116.99356842041016,33.950130462646484
91949256,2022,2022-12-22,9685,2022-12-19,1535,016885,,1,2,4,3342,0,1,1,,2,030,"I-15 N/B","NUTMEG STREET",775.00,N,N,A,-,Y,RIV,,15,,,12.021,H,,R,N,2,0,1,2,A,-,03,22350,,N,C,C,A,A,H,-,A,D,0,,,,,Y,,A,01,1,0,0,0,0,0,0,0,0,"- ","- ",33.579448699951172,-117.22511291503906,RIVERSIDE,MURRIETA,-117.22507476806641,33.579483032226562
91951566,2022,2022-12-23,9685,2022-11-14,0830,015295,,1,1,9,3300,0,3,5,,2,003,"BUTTERFIELD STAGE ROAD","STONEHEATH STREET",0.00,,Y,A,-,N,,,,,,,,,,N,2,0,3,2,A,-,09,21802,A,F,D,C,A,A,H,-,A,A,0,,,,,Y,Y,D,22,1,1,1,0,0,0,0,0,0,"- ","- ",33.473518371582031,-117.06400299072266,RIVERSIDE,UNINCORPORATED,-117.06394195556641,33.473548889160156
91951778,2022,2022-12-26,9655,2022-09-03,1701,021732,,6,2,9,3300,0,1,1,,2,206,"INTERSTATE 10 EASTBOUND","TIPTON ROAD",5982.00,E,N,A,-,Y,RIV,,10,,,28.402,H,,R,Y,1,1,0,1,A,-,01,23152,F,N,E,I,A,C,H,-,A,D,0,,,,,Y,,A,08,0,0,0,0,0,0,0,0,0,"- ","- ",33.918548583984375,-116.62577056884766,RIVERSIDE,UNINCORPORATED,-116.625732421875,33.918674468994141
91952373,2022,2022-12-26,9685,2022-12-17,2105,017833,,6,2,3,3343,0,1,1,,2,010,"I-15 SOUTHBOUND","LEMON ST",60.00,N,N,B,-,Y,RIV,,15,,,16.925,H,,L,Y,2,0,1,1,A,-,01,23152,A,N,E,I,A,A,H,-,D,D,0,,,,,Y,Y,D,22,1,0,0,0,0,0,0,0,0,"- ","- ",33.6343994140625,-117.27879333496094,RIVERSIDE,WILDOMAR,-117.27870941162109,33.634441375732422
91952992,2022,2022-12-27,9630,2022-11-19,1139,019153,,6,1,9,3300,0,1,1,,2,302,"I-10 W/B","RED CLOUD MINE RD",2640.00,W,N,A,-,Y,RIV,,10,,R,94.292,H,,L,Y,2,0,1,1,A,-,08,22107,,N,F,A,A,A,H,-,A,D,0,,,,,Y,,D,22,1,0,0,0,0,0,0,0,0,"- ","- ",33.673709869384766,-115.58219146728516,RIVERSIDE,UNINCORPORATED,-115.58220672607422,33.673774719238281
91954062,2022,2022-12-28,9685,2022-12-19,0300,016986,,1,3,4,3342,0,1,1,,2,034,"I-215 SOUTHBOUND","CLINTON KEITH RD.",2640.00,S,N,A,-,Y,RIV,,215,,R,11.982,H,,L,Y,2,0,3,1,A,-,08,22107,,N,E,I,A,A,H,-,D,D,0,,,,,Y,,A,01,2,0,1,0,0,0,0,0,0,"- ","- ",33.592220306396484,-117.17949676513672,RIVERSIDE,MURRIETA,-117.17937469482422,33.5921630859375
91954412,2022,2023-03-15,9655,2022-10-30,0518,022361,,7,3,4,3301,0,1,1,,2,204,"INTERSTATE 10 EASTBOUND","HATHAWAY STREET",1967.00,E,N,A,-,Y,RIV,,10,,R,14.722,H,,R,Y,1,1,3,1,A,-,08,22107,,N,F,A,A,A,D,-,D,D,0,,,,,Y,,D,22,2,1,0,0,0,0,0,0,0,"- ","- ",33.926078796386719,-116.85267639160156,RIVERSIDE,BANNING,-116.85274505615234,33.926193237304688
91955749,2022,2022-12-29,9840,2022-06-18,1742,021096,,6,2,9,3300,0,1,3,,2,025,"SR-60 EASTBOUND","THEODORE STREET",987.00,E,N,A,-,Y,RIV,,60,,,21.560,H,,R,Y,1,1,0,1,A,-,01,23152,F,N,E,I,A,A,H,-,A,D,0,,,,,Y,,A,07,0,0,0,0,0,0,0,0,0,"- ","- ",33.938770294189453,-117.13604736328125,RIVERSIDE,UNINCORPORATED,-117.13603210449219,33.938823699951172
91962045,2022,2023-01-06,9685,2022-12-27,1220,015757,,2,1,9,3300,0,1,3,,1,031,"SR-79 (WINCHESTER RD)","KELLER RD",0.00,,Y,B,-,Y,RIV,,79,,R,10.938,H,,R,Y,2,0,2,4,A,-,12,21453,A,N,D,C,A,A,H,-,A,A,0,,,,,Y,,A,01,2,0,0,0,0,0,0,0,0,"- ","- ",33.627201080322266,-117.09353637695312,RIVERSIDE,UNINCORPORATED,-117.09351348876953,33.627182006835938
91962188,2023,2023-01-06,9655,2023-01-04,"223 ",018444,,3,3,9,3300,0,1,3,,2,213,"STATE ROUTE 79 SOUTHBOUND","GILMAN SPRINGS ROAD",7920.00,N,N,B,-,Y,RIV,,79," ",R,35.761,H,,L,Y,1,1,0,2,A,-,08,22107,,N,E,8,A,B,H,-,D,D,0,,,,,Y,,A,07,0,0,0,0,0,0,0,0,0,"- ","- ",33.868350982666016,-117.00216674804688,RIVERSIDE,UNINCORPORATED,-117.00216674804688,33.868396759033203
91963226,2023,2023-01-09,9685,2023-01-04,"45  ",015800,,3,3,9,3300,0,1,3,,1,026,"STATE ROUTE 74","LEON ROAD",5.00,E,N,C,-,N,,,,,,,,,,Y,2,0,1,1,A,-,08,22107,,N,E,I,A,B,H,-,C,A,0,,,,,Y,,A,01,1,0,0,0,0,0,0,0,0,"- ","- ",33.743061065673828,-117.11900329589844,RIVERSIDE,UNINCORPORATED,-117.11900329589844,33.743179321289062
91963746,2022,2023-01-09,9840,2022-12-28,1535,020659,,3,2,6,3394,0,1,3,,2,025,"SR-60 E/B","FREDERICK ST",1750.00,W,N,A,-,Y,RIV,,60,,,14.008,H,,R,Y,2,0,1,2,A,-,03,22350,,N,C,C,A,A,H,-,A,D,0,,,Y,,Y,,-,"- ",1,0,0,0,0,0,0,0,1,"- ","- ",33.940681457519531,-117.26718139648438,RIVERSIDE,"MORENO VALLEY",-117.26718139648438,33.940673828125
91963856,2022,2023-01-09,9655,2022-12-24,1715,022062,,6,2,9,3300,0,3,5,,2,003,"COLUMBIA STREET","WHITTIER AVENUE",380.00,N,N,A,-,N,,,,,,,,,,N,2,0,2,2,A,-,05,21460,A,N,A,C,A,A,H,-,B,D,0,,,,,Y,,M,96,1,0,1,0,0,0,0,0,0,"- ","- ",33.737918853759766,-116.94557952880859,RIVERSIDE,UNINCORPORATED,-116.94554901123047,33.737838745117188
91964713,2023,2023-02-21,9655,2023-01-03,"235 ",021048,,2,3,9,3300,0,1,3,,2,212,"STATE ROUTE 60","JACK RABBIT TRAIL",8674.00,W,N,C,-,Y,RIV,,60," "," ",26.310,H,,R,Y,1,1,1,1,A,-,08,22107,,N,F,A,A,B,H,-,D,D,0,,,,,Y,,A,07,1,0,0,0,0,0,0,0,0,"- ","- ",33.946331024169922,-117.05792236328125,RIVERSIDE,UNINCORPORATED,-117.05799102783203,33.946216583251953
91965745,2022,2023-01-11,9630,2022-12-30,2339,021604,,5,3,9,3300,0,1,1,,2,302,"I-10 E/B","RED CLOUD MINE RD",10560.00,W,N,A,-,Y,RIV,,10,,R,93.216,H,,R,Y,2,0,3,2,A,-,08,22107,,N,C,C,A,A,H,-,D,D,0,,,,,Y,,A,08,2,1,0,0,0,0,0,0,0,"- ","- ",33.671901702880859,-115.60069274902344,RIVERSIDE,UNINCORPORATED,-115.60069274902344,33.671947479248047
91966070,2023,2023-01-11,9655,2023-01-02,"658 ",020695,,1,1,9,3300,0,1,3,,2,213,"SR-79 S/B","COUNTY LANDFILL RD.",6334.00,S,N,B,-,Y,RIV,,79," ",R,35.780,H,,L,Y,2,0,1,1,A,-,08,22107,,N,D,I,A,B,H,-,B,D,0,,,,,Y,,A,01,1,0,0,0,0,0,0,0,0,"- ","- ",33.868461608886719,-117.0018310546875,RIVERSIDE,UNINCORPORATED,-117.00182342529297,33.868400573730469
91967992,2023,2023-01-13,9840,2023-01-01,"635 ",019219,,7,1,7,3313,0,1,1,,2,023,"I-215 NORTHBOUND","MARTIN LUTHER KING BLVD",620.00,S,N,B,-,Y,RIV,,215," "," ",40.806,H,,R,N,2,0,2,2,A,-,08,22107,,N,G,B,E,B,G,-,A,D,0,Y,,,,Y,,A,01,1,1,0,0,1,0,0,0,0,"- ","- ",33.967990875244141,-117.32756805419922,RIVERSIDE,RIVERSIDE,-117.32769775390625,33.967941284179688
91968141,2023,2023-01-13,9655,2023-01-12,1945,021908,,4,2,3,3302,0,1,1,,2,202,"I-10 W/B","PENNSYLVANIA AVE",1056.00,E,N,A,-,Y,RIV,,10," "," ",8.411,H,,L,N,2,0,1,1,A,-,08,22107,,N,E,I,A,A,H,-,D,D,0,,,Y,,Y,,C,02,1,0,0,0,0,0,0,0,1,"- ","- ",33.927448272705078,-116.96260070800781,RIVERSIDE,BEAUMONT,-116.96260070800781,33.927375793457031
91969471,2022,2023-01-17,9655,2022-12-30,2150,021048,,5,2,4,3301,0,1,1,,2,204,"INTERSTATE 10","22ND ST",75.00,W,N,B,C,Y,RIV,,10,,R,11.970,H,,R,Y,2,0,1,2,A,-,01,23152,A,N,B,2,A,B,H,-,D,B,0,,,,,Y,Y,D,22,1,0,0,0,0,0,0,0,0,"- ","- ",33.924289703369141,-116.90087127685547,RIVERSIDE,BANNING,-116.90087127685547,33.924232482910156
91971246,2023,2023-01-18,9685,2023-01-09,"210 ",016986,,1,3,9,3300,0,2,4,,2,016,"GRAND AVE.","WOOD ST.",72.00,S,N,A,-,N,,,,,,,,,,Y,2,0,1,1,A,-,08,22107,,N,E,I,A,A,H,-,D,D,0,,,,,Y,,D,22,1,0,0,0,0,0,0,0,0,"- ","- ",33.634681701660156,-117.33783721923828,RIVERSIDE,UNINCORPORATED,-117.33781433105469,33.634757995605469
91973943,2023,2023-01-23,9840,2023-01-11,1210,016358,,3,1,7,3313,0,1,3,,2,021,"SR-91 E/B","MAGNOLIA AVE.",1571.00,E,N,A,-,Y,RIV,,91," "," ",11.420,H,,R,Y,2,0,1,3,A,-,07,21658,A,N,B,C,A,A,H,-,A,D,0,,,Y,,Y,,A,01,1,0,0,0,0,0,0,0,1,"- ","- ",33.896751403808594,-117.48251342773438,RIVERSIDE,RIVERSIDE,-117.48250579833984,33.896682739257812
91974616,2021,2023-01-23,9840,2021-03-03,0327,018849,,3,3,6,3345,0,1,1,,2,011,"INTERSTATE 15 NORTHBOUND","CANTU-GALLEANO RANCH ROAD",418.00,N,N,A,-,Y,,,15,,,,,,N,Y,1,1,0,2,A,-,05,21651,B,N,A,C,A,A,H,-,D,D,0,,,,Y,Y,,A,07,0,0,0,0,0,0,0,0,0,"- ","- ",34.003849029541016,-117.55020904541016,RIVERSIDE,"JURUPA VALLEY",-117.55008697509766,34.003849029541016
91974801,2022,2023-01-23,9840,2022-12-10,1726,020220,,6,2,9,3300,0,3,5,,2,004,"DIRT FIELD EAST OF FOOTHILL AVENUE","ORANGE AVENUE",550.00,S,N,A,-,N,,,,,,,,,,N,1,1,1,1,A,-,01,23152,A,N,F,A,A,A,H,-,D,D,0,,,Y,,Y,Y,C,06,0,1,0,0,0,0,0,1,1,"- ","- ",33.814411163330078,-117.17693328857422,RIVERSIDE,UNINCORPORATED,,
91975038,2023,2023-01-23,9630,2023-01-16,1155,019943,,1,1,9,3300,0,3,5,,2,401,"DILLON ROAD","DESERT CREST AVE",2112.00,E,N,B,-,N,,,,,,,,,,Y,2,0,1,1,A,-,08,22107,,N,E,I,A,B,H,-,A,D,0,,,,,Y,,A,01,1,0,0,0,0,0,0,0,0,"- ","- ",33.9522705078125,-116.44377136230469,RIVERSIDE,UNINCORPORATED,-116.44458770751953,33.925251007080078
91975703,2023,2023-01-24,9630,2023-01-22,"426 ",021604,,7,3,9,3300,0,3,5,,2,405,"WASHINGTON STREET","42ND AVENUE",10.00,S,N,A,-,N,,,,,,,,,,Y,2,0,1,2,A,-,01,23152,A,N,C,C,A,A,H,-,C,A,0,,,,,Y,Y,A,07,1,0,0,0,0,0,0,0,0,"- ","- ",33.743431091308594,-116.30375671386719,RIVERSIDE,UNINCORPORATED,-116.30377960205078,33.743511199951172
9197902,2020,2021-01-20,3313,2020-10-11,1407,0282,2,7,5,7,3313,0,0,0,,0,T48,"CANYON CREST DR","VIA CONCEPCION",48.00,S,N,A,-,N,,,,,,,,,,Y,2,0,1,1,A,-,03,22350,,N,E,I,A,A,H,-,A,D,0,,,,,Y,,A,01,1,0,0,0,0,0,0,0,0,"- ",CN,33.947929382324219,-117.33123016357422,RIVERSIDE,RIVERSIDE,-117.33136749267578,33.949535369873047
9197912,2020,2021-01-20,3309,2020-10-07,2005,251,3309,3,5,4,3309,0,0,0,,0,003,"AVE 48","ARABIA ST",42.00,E,N,A,-,N,,,,,,,,,,N,2,0,1,2,A,-,11,21954,A,F,G,B,F,A,H,-,D,D,0,Y,,,,Y,,N,60,1,0,0,0,1,0,0,0,0,"- ","- ",,,RIVERSIDE,INDIO,-116.22500610351562,33.700202941894531
91982487,2023,2023-01-31,9685,2023-01-08,"10  ",015800,,7,3,9,3300,0,1,1,,2,020,"INTERSTATE 215","STATE ROUTE 74 L",4000.00,N,N,A,-,Y,RIV,,215," "," ",24.445,H,,R,Y,2,0,1,1,A,-,01,23152,A,N,E,I,A,A,H,-,C,D,0,,,,,Y,Y,A,01,1,0,0,0,0,0,0,0,0,"- ","- ",33.767189025878906,-117.19062805175781,RIVERSIDE,UNINCORPORATED,-117.19069671630859,33.767139434814453