CASE_ID,ACCIDENT_YEAR,PROC_DATE,JURIS,COLLISION_DATE,COLLISION_TIME,OFFICER_ID,REPORTING_DISTRICT,DAY_OF_WEEK,CHP_SHIFT,POPULATION,CNTY_CITY_LOC,SPECIAL_COND,BEAT_TYPE,CHP_BEAT_TYPE,CITY_DIVISION_LAPD,CHP_BEAT_CLASS,BEAT_NUMBER,PRIMARY_RD,SECONDARY_RD,DISTANCE,DIRECTION,INTERSECTION,WEATHER_1,WEATHER_2,STATE_HWY_IND,CALTRANS_COUNTY,CALTRANS_DISTRICT,STATE_ROUTE,ROUTE_SUFFIX,POSTMILE_PREFIX,POSTMILE,LOCATION_TYPE,RAMP_INTERSECTION,SIDE_OF_HWY,TOW_AWAY,COLLISION_SEVERITY,NUMBER_KILLED,NUMBER_INJURED,PARTY_COUNT,PRIMARY_COLL_FACTOR,PCF_CODE_OF_VIOL,PCF_VIOL_CATEGORY,PCF_VIOLATION,PCF_VIOL_SUBSECTION,HIT_AND_RUN,TYPE_OF_COLLISION,MVIW,PED_ACTION,ROAD_SURFACE,ROAD_COND_1,ROAD_COND_2,LIGHTING,CONTROL_DEVICE,CHP_ROAD_TYPE,PEDESTRIAN_ACCIDENT,BICYCLE_ACCIDENT,MOTORCYCLE_ACCIDENT,TRUCK_ACCIDENT,NOT_PRIVATE_PROPERTY,ALCOHOL_INVOLVED,STWD_VEHTYPE_AT_FAULT,CHP_VEHTYPE_AT_FAULT,COUNT_SEVERE_INJ,COUNT_VISIBLE_INJ,COUNT_COMPLAINT_PAIN,COUNT_PED_KILLED,COUNT_PED_INJURED,COUNT_BICYCLIST_KILLED,COUNT_BICYCLIST_INJURED,COUNT_MC_KILLED,COUNT_MC_INJURED,PRIMARY_RAMP,SECONDARY_RAMP,LATITUDE,LONGITUDE,COUNTY,CITY,POINT_X,POINT_Y
8136034,2016,2016-10-06,3313,2016-08-08,0728,0282,E,1,5,7,3313,0,0,0,,0,T48,"SYCAMORE CANYON BL","SIERRA RIDGE DR",412.00,N,N,A,-,N,,,,,,,,,,Y,2,0,1,1,A,-,08,22107,,N,E,I,A,A,H,-,A,D,0,,,,,Y,,A,01,1,0,0,0,0,0,0,0,0,"- ","- ",33.935040000000001,-117.29861,RIVERSIDE,RIVERSIDE,-117.29863357000001,33.936195320000003
81360798,2020,2020-12-08,3300,2020-09-05,0430,4940,920A,6,5,4,3314,0,0,0,,0,070,"HEWITT ST","ESPLANADE AVE",0.00,,Y,A,-,N,,,,,,,,,,Y,1,1,2,2,A,-,12,21453,A,N,D,C,A,A,H,-,C,A,0,,,,,Y,Y,-,"- ",0,0,2,0,0,0,0,0,0,"- ","- ",33.772251129150391,-116.95089721679688,RIVERSIDE,"SAN JACINTO",-116.95097351074219,33.772369384765625
8136213,2016,2016-10-06,3313,2016-08-25,1353,1026,T52,4,5,7,3313,0,0,0,,0,00C,"MAGNOLIA AV","JACKSON ST",0.00,,Y,A,-,N,,,,,,,,,,Y,2,0,1,2,A,-,12,21453,A,N,D,G,A,A,H,-,A,A,0,,Y,,,Y,,L,04,1,0,0,0,0,0,1,0,0,"- ","- ",33.924520000000001,-117.43921,RIVERSIDE,RIVERSIDE,-117.43918005,33.924610059999999
81363504,2020,2020-12-10,3349,2020-07-07,0142,321,ME346,2,5,5,3341,0,0,0,,0,003,"NEWPORT RD","EVANS RD",111.00,E,N,A,-,N,,,,,,,,,,N,2,0,1,2,A,-,11,21954,A,N,G,B,E,A,H,-,C,A,0,Y,,,,Y,,N,60,1,0,0,0,1,0,0,0,0,"- ","- ",33.685089111328125,-117.19731903076172,RIVERSIDE,MENIFEE,-117.19693756103516,33.685050964355469
81363547,2020,2020-12-10,3349,2020-07-29,1717,321,ME244,3,5,5,3341,0,0,0,,0,002,"ROCKPORT RD","LAGUNA VISTA DR",10.00,W,N,A,-,N,,,,,,,,,,N,1,1,0,2,A,-,11,21950,B,N,G,B,B,A,H,-,A,A,0,Y,,,,Y,,N,60,0,0,0,1,0,0,0,0,0,"- ","- ",33.683158874511719,-117.14952087402344,RIVERSIDE,MENIFEE,-117.14954376220703,33.683181762695312
81363615,2020,2020-12-10,3349,2020-09-18,1327,353,,5,5,5,3341,0,0,0,,0,,"MURRIETA RD","MANTLE DR",260.00,S,N,A,-,N,,,,,,,,,,Y,2,0,1,1,D,-,00,,,N,F,A,A,A,H,-,A,D,0,,,,,Y,,-,"- ",1,0,0,0,0,0,0,0,0,"- ","- ",33.731819152832031,-117.20607757568359,RIVERSIDE,MENIFEE,-117.20625305175781,33.731048583984375
81363899,2020,2020-12-11,3306,2020-04-24,1644,708,,5,5,3,3306,0,0,0,,0,,"SUMAC DR","PIERSON BLVD",75.00,S,N,A,-,N,,,,,,,,,,Y,2,0,1,1,A,-,03,22350,,N,E,I,A,A,H,-,A,D,0,,,Y,,Y,,C,02,1,0,0,0,0,0,0,0,1,"- ","- ",,,RIVERSIDE,"DESERT HOT SPRINGS",-116.4871826171875,33.961166381835938
81363925,2020,2020-12-11,3306,2020-07-31,0547,708,3306,5,5,3,3306,0,0,0,,0,,"FLORA AVE","VERBENA DR",347.00,W,N,A,-,N,,,,,,,,,,Y,2,0,2,3,A,-,01,23152,F,F,C,E,A,A,H,-,B,D,0,,,,,Y,,A,01,1,0,1,0,0,0,0,0,0,"- ","- ",,,RIVERSIDE,"DESERT HOT SPRINGS",-116.49375915527344,33.955944061279297
81367983,2020,2020-12-16,3300,2020-11-30,1325,3613,916A,1,5,4,3312,0,0,0,,0,031,"ALDERWOOD WAY","MARIPOSA WAY",168.00,E,N,A,-,N,,,,,,,,,,Y,1,1,0,3,A,-,01,23152,F,F,E,B,F,A,H,-,A,D,0,Y,,,,Y,,A,07,0,0,0,1,0,0,0,0,0,"- ","- ",33.830711364746094,-117.20263671875,RIVERSIDE,PERRIS,-117.20223999023438,33.830692291259766
81368917,2020,2020-12-17,3300,2020-10-24,1654,4554,"601 E",6,5,6,3394,0,0,0,,0,MV16,"HEMLOCK AVE","WEBB ST",0.00,,Y,A,-,N,,,,,,,,,,Y,1,1,1,2,A,-,01,23152,F,N,A,E,A,A,H,-,A,D,0,,,,,Y,Y,A,01,0,1,0,0,0,0,0,0,0,"- ","- ",33.942638397216797,-117.24700927734375,RIVERSIDE,"MORENO VALLEY",-117.24704742431641,33.942588806152344
81371422,2020,2020-12-21,3300,2020-11-20,2108,3774,"604 C",5,5,6,3394,0,0,0,,0,MV44,"IRIS AVE","OLIVER ST",614.00,W,N,A,-,N,,,,,,,,,,Y,2,0,2,2,A,-,01,23152,A,N,D,C,A,A,H,-,C,D,0,,,,,Y,Y,A,01,1,0,1,0,0,0,0,0,0,"- ","- ",33.894821166992188,-117.18292236328125,RIVERSIDE,"MORENO VALLEY",-117.18494415283203,33.895328521728516
81373581,2020,2020-12-23,3300,2020-12-05,2233,5231,Y81,6,5,3,3305,0,0,0,,0,Y81,"CESAR CHAVEZ ST","51ST AV",0.00,,Y,A,-,N,,,,,,,,,,Y,2,0,1,2,A,-,01,23152,A,N,D,C,A,A,H,-,C,A,0,,,,,Y,Y,A,01,1,0,0,0,0,0,0,0,0,"- ","- ",33.678218841552734,-116.18157196044922,RIVERSIDE,COACHELLA,-116.18163800000001,33.678201999999999
81374501,2020,2020-12-24,3315,2020-04-19,1756,11119,4A,7,5,6,3315,0,0,0,,0,004,"VIA PACIFICA","WILLOWSPRING LN",0.00,,Y,A,-,N,,,,,,,,,,Y,1,1,0,1,A,-,01,23152,B,N,E,I,A,A,H,-,A,D,0,,,Y,,Y,Y,C,02,0,0,0,0,0,0,0,1,0,"- ","- ",33.867420196533203,-117.59333801269531,RIVERSIDE,CORONA,-117.59333801269531,33.867359161376953
81381508,2020,2021-01-06,3300,2020-12-18,1930,5127,LA41,5,5,3,3392,0,0,0,,0,LA41,"HWY 111","DUNE PALMS RD",378.00,W,N,A,-,N,,,,,,,,,,N,1,1,0,2,A,-,11,21955,,F,G,B,D,A,H,-,D,D,0,Y,,,,Y,Y,N,60,0,0,0,1,0,0,0,0,0,"- ","- ",33.707439422607422,-116.27744293212891,RIVERSIDE,"LA QUINTA",-116.27870941162109,33.70745849609375
81383755,2020,2021-01-08,3300,2020-11-24,2115,3343,001H,2,5,6,3345,0,0,0,,0,014,"FAIRBANKS AV","JURUPA RD",702.00,S,N,A,-,N,,,,,,,,,,N,2,0,1,1,A,-,03,22350,,N,E,I,A,A,H,-,C,D,0,,,Y,,Y,,C,02,1,0,0,0,0,0,0,0,1,"- ","- ",34.008319854736328,-117.43740081787109,RIVERSIDE,"JURUPA VALLEY",-117.43733978271484,34.006637573242188
81383769,2020,2021-01-08,3300,2020-10-22,1422,5397,905F,4,5,4,3307,0,0,0,,0,092,"AVENUE 6","BANCROFT WAY",874.00,N,N,A,-,N,,,,,,,,,,Y,1,1,0,2,A,-,03,22350,,N,A,C,A,A,H,-,A,D,0,,,Y,Y,Y,,C,02,0,0,0,0,0,0,0,1,0,"- ","- ",33.668468475341797,-117.310791015625,RIVERSIDE,"LAKE ELSINORE",-117.31195831298828,33.67041015625
81383782,2020,2021-01-08,3300,2020-12-01,1803,5199,803A,2,5,3,3343,0,0,0,,0,083,"BUNDY CANYON RD","ORANGE ST",20.00,W,N,A,-,N,,,,,,,,,,Y,2,0,1,2,A,-,11,21453,D,N,G,B,B,A,H,-,C,A,0,Y,,,,Y,Y,N,60,1,0,0,0,1,0,0,0,0,"- ","- ",33.628009796142578,-117.27543640136719,RIVERSIDE,WILDOMAR,-117.27542877197266,33.626899719238281
81385623,2020,2021-01-12,3300,2020-12-17,0120,4940,920H,4,5,4,3314,0,0,0,,0,074,"SAN JACINTO AVE","ESPLANADE AVE",132.00,S,N,A,-,N,,,,,,,,,,Y,2,0,1,2,A,-,01,23152,G,N,B,G,A,A,H,-,C,D,0,,Y,,,Y,Y,A,01,1,0,0,0,0,0,1,0,0,"- ","- ",33.772998809814453,-116.95868682861328,RIVERSIDE,"SAN JACINTO",-116.95880126953125,33.772628784179688
81391018,2021,2021-01-20,3300,2021-01-17,1719,5228,910Q,7,5,5,3335,0,0,0,,0,069,"TEMECULA PKY","JEDEDIAH SMITH RD",0.00,,Y,A,-,N,,,,,,,,,,Y,2,0,2,5,A,-,01,23153,B,N,D,C,A,A,H,-,B,A,0,,,Y,,Y,Y,D,22,2,0,0,0,0,0,0,0,0,"- ","- ",33.476100921630859,-117.12265014648438,RIVERSIDE,TEMECULA,-117.12267303466797,33.476184844970703
81392383,2020,2021-01-22,3300,2020-12-19,2033,5632,916A,6,5,4,3312,0,0,0,,0,031,"EVANS RD","ANIRA CT",0.00,,Y,A,-,N,,,,,,,,,,Y,2,0,1,1,A,-,01,23152,A,N,E,J,A,A,H,-,C,A,0,,,,,Y,Y,A,01,1,0,0,0,0,0,0,0,0,"- ","- ",,,RIVERSIDE,PERRIS,-117.20880889892578,33.853759765625
81392940,2020,2021-01-25,3300,2020-10-16,2047,5447,,5,5,6,3345,0,0,0,,0,,"MARKET ST","24TH ST",168.00,S,N,-,-,N,,,,,,,,,,N,2,0,1,3,A,-,09,21804,A,F,B,C,A,A,H,-,C,D,0,,,Y,,Y,Y,D,22,1,0,0,0,0,0,0,0,1,"- ","- ",34.011650085449219,-117.38340759277344,RIVERSIDE,"JURUPA VALLEY",-117.38320922851562,34.011478424072266
81392963,2021,2021-01-25,3300,2021-01-19,1859,4867,"602 A",2,5,6,3394,0,0,0,,0,MV22,"DAY ST","COTTONWOOD AVE",0.00,,Y,B,G,N,,,,,,,,,,Y,2,0,5,2,A,-,01,23152,A,N,D,C,A,A,H,-,C,A,0,,,,,Y,Y,A,01,2,0,3,0,0,0,0,0,0,"- ","- ",33.9244384765625,-117.27873229980469,RIVERSIDE,"MORENO VALLEY",-117.27878570556641,33.92413330078125
8139351,2016,2016-12-23,3309,2016-11-17,2500,294,3309,4,5,4,3309,0,0,0,,0,003,"JACKSON ST","AVE 52",0.00,,Y,A,-,N,,,,,,,,,,Y,2,0,2,2,A,-,12,22450,A,N,D,C,A,A,H,-,B,A,0,,,,,Y,,A,01,1,0,1,0,0,0,0,0,0,"- ","- ",,,RIVERSIDE,INDIO,-116.21642011,33.671000120000002
81398210,2020,2021-01-29,3300,2020-12-26,0607,5663,916D,6,5,4,3312,0,0,0,,0,031,"MAY RANCH PKWY","VINTAGE PL",0.00,,Y,A,-,N,,,,,,,,,,N,2,0,1,1,A,-,03,22350,,N,E,I,A,A,H,-,B,D,0,,,,,Y,Y,A,01,1,0,0,0,0,0,0,0,0,"- ","- ",33.837638854980469,-117.19859313964844,RIVERSIDE,PERRIS,-117.19859313964844,33.83782958984375
81402093,2020,2021-02-04,3300,2020-07-09,1016,3988,002,4,5,6,3345,0,0,0,,0,022,"ETIWANDA AV","RYDER RD",0.00,,Y,A,-,N,,,,,,,,,,N,1,1,5,2,A,-,12,21453,A,N,D,C,A,A,H,-,A,A,0,,,,,Y,,A,08,0,5,0,0,0,0,0,0,0,"- ","- ",,,RIVERSIDE,"JURUPA VALLEY",-117.52453,34.001750000000001
8140682,2016,2016-10-10,3300,2016-08-03,0001,4571,602C1,3,5,6,3394,0,0,0,,0,024,"HEACOCK ST","BAY AV",352.00,N,N,A,-,N,,,,,,,,,,Y,2,0,1,1,A,-,08,22107,,N,E,I,A,A,H,-,C,D,0,,,Y,,Y,,C,02,1,0,0,0,0,0,0,0,1,"- ","- ",33.920870000000001,-117.24370999999999,RIVERSIDE,"MORENO VALLEY",-117.24375833000001,33.921894209999998
8140696,2016,2016-10-10,3313,2016-04-18,0320,1820,W,1,5,7,3313,0,0,0,,0,A439,"VAN BUREN BL","MORRIS ST",443.00,N,N,A,-,N,,,,,,,,,,Y,2,0,1,1,A,-,08,22107,,N,E,I,A,A,H,-,C,A,0,,,,,Y,,A,01,1,0,0,0,0,0,0,0,0,"- ","- ",33.952869999999997,-117.45453999999999,RIVERSIDE,RIVERSIDE,-117.45512691,33.953832079999998
81407271,2021,2021-02-12,3300,2021-02-10,1734,5228,910C,3,5,5,3335,0,0,0,,0,062,"RANCHO CALIFORNIA RD","LYNDIE LN",0.00,,Y,A,-,N,,,,,,,,,,Y,2,0,2,2,A,-,01,23153,B,F,C,C,A,A,H,-,B,A,0,,,,,Y,Y,A,01,1,1,0,0,0,0,0,0,0,"- ","- ",33.506778717041016,-117.14203643798828,RIVERSIDE,TEMECULA,-117.14212799072266,33.506847381591797
81407272,2020,2021-02-12,3300,2020-11-01,2010,3343,001J,7,5,6,3345,0,0,0,,0,014,"MISSION BL","SOTO AV",481.00,E,N,A,-,N,,,,,,,,,,Y,1,1,0,2,A,-,11,21956,A,N,G,B,C,A,H,-,D,D,0,Y,,,,Y,,N,60,0,0,0,1,0,0,0,0,0,"- ","- ",34.011829376220703,-117.44074249267578,RIVERSIDE,"JURUPA VALLEY",-117.43917083740234,34.012046813964844
8140789,2016,2016-10-10,3300,2016-06-16,1816,4391,601C6,4,5,6,3394,0,0,0,,0,MV14,"CHAMBRAY DR","GLENDON DR",0.00,,Y,A,-,N,,,,,,,,,,N,2,0,1,2,A,-,01,23152,E,N,D,C,A,A,H,-,B,A,0,,,Y,,Y,Y,C,02,1,0,0,0,0,0,0,0,1,"- ","- ",33.944540000000003,-117.26294,RIVERSIDE,"MORENO VALLEY",-117.26299011,33.944460110000001
81412210,2020,2021-02-22,3306,2020-10-17,1800,735,3306,6,5,3,3306,0,0,0,,0,,"CACTUS DR","4TH ST",0.00,,Y,A,-,N,,,,,,,,,,N,2,0,1,2,A,-,06,21750,,N,D,C,A,A,H,-,B,D,0,,,Y,,Y,,O,05,1,0,0,0,0,0,0,0,1,"- ","- ",33.965099334716797,-116.50579833984375,RIVERSIDE,"DESERT HOT SPRINGS",-116.50572967529297,33.965068817138672
81414096,2021,2021-02-24,3315,2021-02-18,0011,003152,10A,4,5,6,3315,0,0,0,,0,002,"PROMENADE AV","WELLESLEY DR",45.00,W,N,A,-,N,,,,,,,,,,Y,2,0,1,1,A,-,01,23152,B,N,E,I,A,A,H,-,C,D,0,,,,,Y,Y,A,01,1,0,0,0,0,0,0,0,0,"- ","- ",,,RIVERSIDE,CORONA,-117.52775573730469,33.889011383056641
8141432,2016,2016-10-12,3309,2016-09-10,2113,276,3309,6,5,4,3309,0,0,0,,0,004,"MONROE ST","AVENIDA DEL MAR",141.00,N,N,A,-,N,,,,,,,,,,N,2,0,1,2,A,-,11,21954,A,N,G,B,D,A,H,-,C,D,0,Y,,,,Y,,N,60,1,0,0,0,1,0,0,0,0,"- ","- ",,,RIVERSIDE,INDIO,-116.23381756000001,33.716135700000002
8141637,2016,2016-10-12,3309,2016-08-19,2500,252,3309,5,5,4,3309,0,0,0,,0,005,"FRED WARING DR","CLINTON ST",210.00,W,N,A,-,N,,,,,,,,,,N,2,0,1,2,A,-,11,21954,A,F,G,B,D,A,H,-,C,A,0,Y,,,,Y,,N,60,1,0,0,0,1,0,0,0,0,"- ","- ",,,RIVERSIDE,INDIO,-116.2434476,33.729410000000001
81416640,2020,2021-02-26,3300,2020-11-09,1427,4300,920A,1,5,4,3314,0,0,0,,0,070,"WARREN RD","UPPERLINE AVE",1893.00,N,N,A,-,N,,,,,,,,,,Y,1,1,2,2,A,-,06,21751,,N,A,C,A,A,H,-,A,D,0,,,,,Y,,A,01,1,0,1,0,0,0,0,0,0,"- ","- ",,,RIVERSIDE,"SAN JACINTO",,
81417316,2021,2021-03-01,3300,2021-02-20,2348,3613,916A,6,5,4,3312,0,0,0,,0,031,"RAMONA EXPY","PERRIS BLVD",17.00,E,N,A,-,N,,,,,,,,,,N,2,0,1,2,A,-,10,21950,A,N,G,B,B,A,H,-,C,A,0,Y,,,,Y,Y,N,60,1,0,0,0,1,0,0,0,0,"- ","- ",33.844551086425781,-117.22534942626953,RIVERSIDE,PERRIS,-117.22614288330078,33.844478607177734
81422926,2021,2021-03-09,3300,2021-02-04,2122,5606,905I,4,5,4,3307,0,0,0,,0,095,"CENTRAL AVE","15 FREEWAY SOUTH OFF RAMP",0.00,,Y,A,-,N,,,,,,,,,,N,2,0,1,2,A,-,03,22350,,F,G,B,D,A,H,-,C,D,0,Y,,,,Y,Y,-,99,1,0,0,0,1,0,0,0,0,"- ","- ",,,RIVERSIDE,"LAKE ELSINORE",-117.33767700195312,33.691932678222656
81429706,2021,2021-03-18,3300,2021-03-09,2119,4867,"604 A",2,5,6,3394,0,0,0,,0,MV42,"MORRISON ST","EUCALYPTUS AVE",0.00,,Y,B,-,N,,,,,,,,,,Y,2,0,3,2,A,-,12,21453,A,N,D,C,A,A,H,-,C,A,0,,,,,Y,,A,01,1,0,2,0,0,0,0,0,0,"- ","- ",33.931770324707031,-117.20014190673828,RIVERSIDE,"MORENO VALLEY",-117.20024871826172,33.931789398193359
81431419,2021,2021-03-22,3300,2021-03-12,1417,5127,LA41,5,5,3,3392,0,0,0,,0,LA41,"WASHINGTON ST","HWY 111",187.00,N,N,A,-,N,,,,,,,,,,Y,2,0,2,2,A,-,05,21650,,N,A,C,A,A,H,-,A,A,0,,,,,Y,,A,01,1,0,1,0,0,0,0,0,0,"- ","- ",33.71514892578125,-116.29502868652344,RIVERSIDE,"LA QUINTA",-116.29499053955078,33.715789794921875
81434623,2021,2021-03-25,3300,2021-03-06,0402,5672,916A,6,5,4,3312,0,0,0,,0,031,"RAMONA EXPY","INDIAN AVE",0.00,,Y,A,-,N,,,,,,,,,,Y,2,0,1,2,A,-,12,21453,A,N,D,C,A,A,H,-,C,A,0,,,,,Y,,A,01,1,0,0,0,0,0,0,0,0,"- ","- ",33.844669342041016,-117.23468780517578,RIVERSIDE,PERRIS,-117.23049926757812,33.844482421875
81436566,2021,2021-03-26,3300,2021-03-11,1238,4546,910J,4,5,5,3335,0,0,0,,0,068,"SANTIAGO RD","QUIET MEADOW RD",0.00,,Y,B,-,N,,,,,,,,,,Y,2,0,1,1,A,-,03,22350,,F,E,I,A,A,H,-,A,D,0,,,,,Y,,A,01,1,0,0,0,0,0,0,0,0,"- ","- ",33.488750457763672,-117.13951110839844,RIVERSIDE,TEMECULA,-117.13961029052734,33.488605499267578
81437477,2021,2021-03-29,3300,2021-03-01,1445,3343,001L,1,5,6,3345,0,0,0,,0,016,"35TH ST","ARORA ST",62.00,E,N,A,-,N,,,,,,,,,,Y,2,0,1,1,A,-,03,22350,,N,F,A,A,A,H,-,A,D,0,,,Y,,Y,,C,02,1,0,0,0,0,0,0,0,1,"- ","- ",33.997978210449219,-117.40101623535156,RIVERSIDE,"JURUPA VALLEY",-117.40074157714844,33.998020172119141
81439854,2020,2021-03-31,3300,2020-11-30,0136,4339,"603 B",1,5,6,3394,0,0,0,,0,MV34,"HEACOCK ST","JOHN F KENNEDY DR",11.00,N,N,A,-,N,,,,,,,,,,Y,1,1,0,2,A,-,12,21453,A,F,G,B,B,A,H,-,C,A,0,Y,,,,Y,Y,A,07,0,0,0,1,0,0,0,0,0,"- ","- ",33.90277099609375,-117.24352264404297,RIVERSIDE,"MORENO VALLEY",-117.24358367919922,33.902820587158203
81440451,2021,2021-04-01,3300,2021-03-26,0630,5129,916B,5,5,4,3312,0,0,0,,0,035,"CASE RD","MURRIETA RD",530.00,W,N,B,-,N,,,,,,,,,,Y,2,0,1,2,A,-,01,23153,,F,A,C,A,A,H,-,D,D,0,,,,,Y,,D,22,1,0,0,0,0,0,0,0,0,"- ","- ",33.763359069824219,-117.20526885986328,RIVERSIDE,PERRIS,-117.20758056640625,33.764881134033203
81446619,2021,2021-04-09,3300,2021-03-15,0801,2812,011,1,5,4,3344,0,0,0,,0,063,"LIMONITE AV","SUMNER AV",233.00,E,N,B,-,N,,,,,,,,,,Y,2,0,1,2,A,-,01,23152,F,F,G,B,F,A,H,-,A,D,0,Y,,,,Y,Y,I,11,1,0,0,0,1,0,0,0,0,"- ","- ",33.975509643554688,-117.57576751708984,RIVERSIDE,EASTVALE,-117.57501220703125,33.975330352783203
81446640,2021,2021-04-09,3300,2021-03-27,2210,5199,905L,6,5,4,3307,0,0,0,,0,093,"GRAND AVE","BONNIE LEA DR",300.00,N,N,A,-,N,,,,,,,,,,Y,2,0,2,2,A,-,01,23153,A,N,C,C,A,A,H,-,C,D,0,,,Y,Y,Y,Y,C,02,1,1,0,0,0,0,0,0,2,"- ","- ",33.658519744873047,-117.37258911132812,RIVERSIDE,"LAKE ELSINORE",-117.37380981445312,33.657047271728516
81446671,2020,2021-04-09,3300,2020-12-16,0730,3611,"602 E",3,5,6,3394,0,0,0,,0,MV28,"EUCALYPTUS AVE","KITCHING ST",0.00,,Y,A,-,N,,,,,,,,,,Y,2,0,4,3,A,-,01,23152,A,N,D,C,A,A,H,-,A,A,0,,,,,Y,Y,D,22,3,0,1,0,0,0,0,0,0,"- ","- ",33.931598663330078,-117.21749877929688,RIVERSIDE,"MORENO VALLEY",-117.21765899658203,33.931819915771484
81448841,2021,2021-04-13,3300,2021-04-04,2227,5468,012F,7,5,4,3344,0,0,0,,0,064,"RIVER RD","HELLMAN AVE",100.00,E,N,A,-,N,,,,,,,,,,Y,2,0,1,1,A,-,03,22350,,N,E,I,A,A,H,-,C,A,0,,,,,Y,Y,A,01,1,0,0,0,0,0,0,0,0,"- ","- ",,,RIVERSIDE,EASTVALE,-117.61066436767578,33.931793212890625
8145599,2016,2016-10-14,3315,2016-09-17,1854,11119,3B,6,5,6,3315,0,0,0,,0,,"ONTARIO AV","SUMMERSET ST",0.00,,Y,A,-,N,,,,,,,,,,Y,2,0,1,2,A,-,09,21801,A,N,D,C,A,A,H,-,A,D,0,,,,,Y,,-,,1,0,0,0,0,0,0,0,0,"- ","- ",33.855930000000001,-117.5675,RIVERSIDE,CORONA,-117.56772006,33.856010050000002
81456652,2021,2021-04-23,3300,2021-01-01,1914,5447,,5,5,6,3345,0,0,0,,0,,"RUBIDOUX BL","26TH ST",0.00,,Y,A,-,N,,,,,,,,,,Y,1,1,2,2,A,-,01,23152,F,N,D,C,A,A,H,-,C,A,0,,,,,Y,,A,01,0,1,1,0,0,0,0,0,0,"- ","- ",34.012210845947266,-117.39337158203125,RIVERSIDE,"JURUPA VALLEY",-117.39337921142578,34.012367248535156
81456690,2021,2021-04-23,3300,2021-04-13,2049,5397,905L,2,5,4,3307,0,0,0,,0,093,"GRAND AVE","ORTEGA HIGHWAY",324.00,N,N,A,-,Y,,,,,,,,,,N,2,0,1,2,A,-,11,21954,A,N,G,B,D,A,H,-,D,D,0,Y,,,,Y,,N,60,1,0,0,0,1,0,0,0,0,"- ","- ",,,RIVERSIDE,"LAKE ELSINORE",-117.37663269042969,33.658805847167969
81457623,2021,2021-04-26,3311,2021-02-27,1420,15919,,6,5,4,3311,0,0,0,,0,001,"TIPTON ROAD","TIPTON ROAD (FROM THE TRAIN TRACK CROSSING)",551.00,W,N,A,-,N,,,,,,,,,,Y,2,0,4,1,A,-,03,22350,,N,F,I,A,A,H,-,A,D,0,,,,,Y,,A,01,4,0,0,0,0,0,0,0,0,"- ","- ",,,RIVERSIDE,"PALM SPRINGS",,
81459909,2021,2021-04-28,3311,2021-04-03,1956,16168,,6,5,4,3311,0,0,0,,0,006,"RAMON ROAD","COMPADRE ROAD",315.00,W,N,A,-,Y,,,,,,,,,,Y,2,0,1,2,A,-,07,21658,A,N,C,C,A,A,H,-,D,D,0,,,Y,,Y,,C,02,1,0,0,0,0,0,0,0,1,"- ","- ",33.815959930419922,-116.51502990722656,RIVERSIDE,"PALM SPRINGS",-116.51605224609375,33.815921783447266
81460986,2021,2021-04-29,3349,2021-03-22,1705,331,,1,5,5,3341,0,0,0,,0,001,"ADAMS AVE","3RD ST",145.00,W,N,A,-,N,,,,,,,,,,N,2,0,1,2,A,-,11,21954,A,N,G,B,D,A,H,-,A,D,0,Y,,,,Y,,N,60,1,0,0,0,1,0,0,0,0,"- ","- ",33.74761962890625,-117.17394256591797,RIVERSIDE,MENIFEE,-117.17447662353516,33.747772216796875
81464778,2021,2021-05-04,3300,2021-02-13,2355,5029,"602 D",6,5,6,3394,0,0,0,,0,MV26,"PERRIS BLVD","FIR AVE",314.00,S,N,A,-,N,,,,,,,,,,N,1,1,0,2,A,-,11,21950,B,F,G,B,D,A,H,-,C,A,0,Y,,,,Y,Y,N,60,0,0,0,1,0,0,0,0,0,"- ","- ",33.935371398925781,-117.22630310058594,RIVERSIDE,"MORENO VALLEY",-117.22629547119141,33.934558868408203
81466639,2021,2021-05-06,3311,2021-04-19,0124,15918,,1,5,4,3311,0,0,0,,0,001,"INDIAN CANYON DRIVE N","GARNET AVENUE",101.00,N,N,A,-,N,,,,,,,,,,Y,1,1,1,1,A,-,01,23153,A,N,E,I,A,A,H,-,C,A,0,,,,,Y,Y,A,01,0,1,0,0,0,0,0,0,0,"- ","- ",33.902240753173828,-116.54514312744141,RIVERSIDE,"PALM SPRINGS",-116.54548645019531,33.902595520019531
81467467,2021,2021-05-07,3300,2021-03-29,1241,3831,001C,1,5,6,3345,0,0,0,,0,010,"MARKET ST","VIA CERRO",1310.00,S,N,A,-,N,,,,,,,,,,Y,2,0,2,2,A,-,08,22107,,N,D,C,A,A,H,-,A,D,0,,,,,Y,,A,01,1,1,0,0,0,0,0,0,0,"- ","- ",34.011650085449219,-117.38340759277344,RIVERSIDE,"JURUPA VALLEY",-117.38154602050781,34.008682250976562
81467530,2021,2021-05-07,3311,2021-01-07,1709,15951,,4,5,4,3311,0,0,0,,0,004,"GENE AUTRY TRAIL","SALVIA ROAD",91.00,N,N,A,-,N,,,,,,,,,,Y,1,1,2,1,A,-,01,23152,A,N,F,A,A,A,H,-,B,D,0,,,,,Y,Y,A,01,0,2,0,0,0,0,0,0,0,"- ","- ",33.877338409423828,-116.50492858886719,RIVERSIDE,"PALM SPRINGS",-116.50519561767578,33.877262115478516