CASE_ID,ACCIDENT_YEAR,PROC_DATE,JURIS,COLLISION_DATE,COLLISION_TIME,OFFICER_ID,REPORTING_DISTRICT,DAY_OF_WEEK,CHP_SHIFT,POPULATION,CNTY_CITY_LOC,SPECIAL_COND,BEAT_TYPE,CHP_BEAT_TYPE,CITY_DIVISION_LAPD,CHP_BEAT_CLASS,BEAT_NUMBER,PRIMARY_RD,SECONDARY_RD,DISTANCE,DIRECTION,INTERSECTION,WEATHER_1,WEATHER_2,STATE_HWY_IND,CALTRANS_COUNTY,CALTRANS_DISTRICT,STATE_ROUTE,ROUTE_SUFFIX,POSTMILE_PREFIX,POSTMILE,LOCATION_TYPE,RAMP_INTERSECTION,SIDE_OF_HWY,TOW_AWAY,COLLISION_SEVERITY,NUMBER_KILLED,NUMBER_INJURED,PARTY_COUNT,PRIMARY_COLL_FACTOR,PCF_CODE_OF_VIOL,PCF_VIOL_CATEGORY,PCF_VIOLATION,PCF_VIOL_SUBSECTION,HIT_AND_RUN,TYPE_OF_COLLISION,MVIW,PED_ACTION,ROAD_SURFACE,ROAD_COND_1,ROAD_COND_2,LIGHTING,CONTROL_DEVICE,CHP_ROAD_TYPE,PEDESTRIAN_ACCIDENT,BICYCLE_ACCIDENT,MOTORCYCLE_ACCIDENT,TRUCK_ACCIDENT,NOT_PRIVATE_PROPERTY,ALCOHOL_INVOLVED,STWD_VEHTYPE_AT_FAULT,CHP_VEHTYPE_AT_FAULT,COUNT_SEVERE_INJ,COUNT_VISIBLE_INJ,COUNT_COMPLAINT_PAIN,COUNT_PED_KILLED,COUNT_PED_INJURED,COUNT_BICYCLIST_KILLED,COUNT_BICYCLIST_INJURED,COUNT_MC_KILLED,COUNT_MC_INJURED,PRIMARY_RAMP,SECONDARY_RAMP,LATITUDE,LONGITUDE,COUNTY,CITY,POINT_X,POINT_Y
81812547,2022,2022-07-08,3308,2022-05-12,1827,10746,505,4,5,5,3308,0,0,0,,0,NORTH,"KIRBY ST","OAKLAND AVE",0.00,,Y,A,-,N,,,,,,,,,,Y,2,0,5,2,A,-,09,21802,A,N,D,C,A,A,H,-,A,A,0,,,,,Y,,A,01,1,1,3,0,0,0,0,0,0,"- ","- ",33.754901885986328,-116.99788665771484,RIVERSIDE,HEMET,-116.99787139892578,33.754741668701172
81812557,2022,2022-07-08,3311,2022-06-12,2054,16021,,7,5,4,3311,0,0,0,,0,006,"RAMON ROAD","CALLE SANTA CRUZ",234.00,W,N,A,-,N,,,,,,,,,,N,2,0,1,2,A,-,11,21954,A,N,G,B,D,A,H,-,D,D,0,Y,,,,Y,Y,N,60,1,0,0,0,1,0,0,0,0,"- ","- ",33.815898895263672,-116.49955749511719,RIVERSIDE,"PALM SPRINGS",-116.5003662109375,33.81585693359375
81816579,2022,2022-07-14,3300,2022-05-16,1900,5199,905F,1,5,4,3307,0,0,0,,0,092,"LAKESHORE DR","HIGH ST",97.00,W,N,A,-,N,,,,,,,,,,Y,2,0,2,3,A,-,01,23152,F,N,B,C,A,A,H,-,A,D,0,,,,Y,Y,,A,01,1,1,0,0,0,0,0,0,0,"- ","- ",33.663040161132812,-117.31831359863281,RIVERSIDE,"LAKE ELSINORE",-117.31873321533203,33.662940979003906
81817716,2022,2022-07-15,3300,2022-05-06,1856,N3765,34F1,5,5,4,3318,0,0,0,,0,,"COOK ST","HOVLEY LN E",0.00,,Y,A,-,N,,,,,,,,,,Y,2,0,3,3,A,-,12,21453,A,F,D,C,A,A,H,-,A,A,0,,,,,Y,,A,01,1,2,0,0,0,0,0,0,0,"- ","- ",33.74700927734375,-116.35642242431641,RIVERSIDE,"PALM DESERT",-116.35636901855469,33.747028350830078
81821762,2022,2022-07-21,3300,2022-06-14,1911,N5791,002Y,2,5,6,3345,0,0,0,,0,026,"LUCRETIA AV","64TH ST",0.00,,Y,A,-,N,,,,,,,,,,Y,2,0,2,2,A,-,12,22450,A,N,D,C,A,A,H,-,A,A,0,,,Y,,Y,,C,02,1,1,0,0,0,0,0,0,1,"- ","- ",33.970870971679688,-117.53150177001953,RIVERSIDE,"JURUPA VALLEY",-117.53195190429688,33.971561431884766
81821824,2022,2022-07-21,3311,2022-07-03,0129,15918,,7,5,4,3311,0,0,0,,0,001,"RT 111","GATEWAY DRIVE",2956.00,N,N,A,G,Y,RIV,,111,,,55.255,H,,R,Y,1,1,2,2,A,-,01,23153,A,N,C,C,A,A,H,-,D,D,0,,,,,Y,Y,A,07,0,1,1,0,0,0,0,0,0,"- ","- ",33.861339569091797,-116.5611572265625,RIVERSIDE,"PALM SPRINGS",-116.56117248535156,33.861324310302734
81822707,2022,2022-07-22,3300,2022-06-17,1358,N5791,011F,5,5,6,3345,0,0,0,,0,062,"68TH ST","ESTONIAN DR",722.00,E,N,A,-,N,,,,,,,,,,Y,2,0,3,2,A,-,05,21650,,N,A,C,A,A,H,-,A,D,0,,,,,Y,,A,07,1,1,1,0,0,0,0,0,0,"- ","- ",33.964561462402344,-117.57354736328125,RIVERSIDE,"JURUPA VALLEY",-117.57121276855469,33.964500427246094
81822734,2022,2022-07-22,3300,2022-03-25,2043,5911,"603 C",5,5,6,3394,0,0,0,,0,MV32,"CACTUS AVE","PARKWOOD CT",0.00,,Y,A,-,N,,,,,,,,,,Y,2,0,1,2,A,-,09,21804,A,F,B,C,A,A,H,-,C,A,0,,,Y,,Y,,A,01,1,0,0,0,0,0,0,0,1,"- ","- ",33.939891815185547,-117.22038269042969,RIVERSIDE,"MORENO VALLEY",-117.22022247314453,33.910072326660156
81822791,2022,2022-07-22,3300,2022-06-01,0446,5971,920A,3,5,4,3314,0,0,0,,0,070,"RAMONA EXPY","WARREN RD",0.00,,Y,-,-,N,,,,,,,,,,N,2,0,1,2,A,-,02,22400,A,N,C,C,A,A,H,-,C,A,0,,,Y,Y,Y,,C,06,1,0,0,0,0,0,0,0,1,"- ","- ",33.823558807373047,-117.03346252441406,RIVERSIDE,"SAN JACINTO",-117.03372192382812,33.823459625244141
81823475,2022,2022-07-25,3300,2022-06-21,2355,4751,89H1,2,5,4,3318,0,0,0,,0,J89,"STATE HWY 111","CLUB ST",385.00,W,N,A,-,N,,,,,,,,,,Y,2,0,1,1,A,-,01,23152,F,N,E,J,A,A,H,-,C,A,0,,,,,Y,Y,-,"- ",1,0,0,0,0,0,0,0,0,"- ","- ",,,RIVERSIDE,"PALM DESERT",-116.32801055908203,33.721492767333984
81824703,2022,2022-07-26,3308,2022-06-01,2134,10515,519,3,5,5,3308,0,0,0,,0,NORTH,"FLORIDA AVE","SAN JACINTO ST",100.00,E,N,A,-,Y,,,,,,,,,,N,1,1,0,3,A,-,11,21954,A,F,G,B,D,A,H,-,C,A,0,Y,,,,Y,,N,60,0,0,0,1,0,0,0,0,0,"- ","- ",,,RIVERSIDE,HEMET,-116.95833587646484,33.747661590576172
81824706,2022,2022-07-26,3308,2022-06-08,1843,10515,505,3,5,5,3308,0,0,0,,0,NORTH,"SANDERSON AVE","DEVONSHIRE AVE",315.00,N,N,A,-,N,,,,,,,,,,Y,1,1,0,2,A,-,09,21801,A,N,D,C,A,A,H,-,A,A,0,,,Y,,Y,,A,01,0,0,0,0,0,0,0,1,0,"- ","- ",33.749111175537109,-117.00308227539062,RIVERSIDE,HEMET,-117.00655364990234,33.751823425292969
81826716,2022,2022-07-28,3300,2022-07-09,2143,5372,LA41,6,5,3,3392,0,0,0,,0,LA41,"HWY 111","WASHINGTON ST",0.00,,Y,A,-,N,,,,,,,,,,Y,2,0,3,4,A,-,01,23152,A,N,D,C,A,A,H,-,C,A,0,,,,,Y,Y,A,01,1,0,2,0,0,0,0,0,0,"- ","- ",33.71514892578125,-116.29502868652344,RIVERSIDE,"LA QUINTA",-116.29499053955078,33.715278625488281
81828546,2022,2022-07-29,3306,2022-01-29,2222,783,,6,5,3,3306,0,0,0,,0,,"PALM DR","ESTRELLA AVE",157.00,S,N,A,-,N,,,,,,,,,,Y,1,1,0,2,A,-,11,21954,A,N,G,B,D,A,H,-,C,D,0,Y,,,,Y,,N,60,0,0,0,1,0,0,0,0,0,"- ","- ",,,RIVERSIDE,"DESERT HOT SPRINGS",-116.50131225585938,33.956439971923828
81828632,2022,2022-07-29,3315,2022-07-27,2034,004516,,3,5,6,3315,0,0,0,,0,,"FULLERTON AV","MAGNOLIA AV",393.00,S,N,A,-,N,,,,,,,,,,N,2,0,1,2,A,-,11,21954,A,F,G,B,D,A,H,-,C,D,0,Y,,,,Y,Y,N,60,1,0,0,0,1,0,0,0,0,"- ","- ",33.861278533935547,-117.55030822753906,RIVERSIDE,CORONA,-117.55032348632812,33.860248565673828
81831826,2022,2022-08-03,3300,2022-07-13,1715,4765,87A2,3,5,4,3318,0,0,0,,0,J87,"FRED WARING DR","COLONY COVE",100.00,E,N,A,-,N,,,,,,,,,,N,2,0,2,3,A,-,07,21658,A,F,B,C,A,A,H,-,A,D,0,,,,,Y,,A,07,1,0,1,0,0,0,0,0,0,"- ","- ",33.728858947753906,-116.35630035400391,RIVERSIDE,"PALM DESERT",,
81832669,2022,2022-08-04,3306,2022-05-22,2213,773,3306,7,5,3,3306,0,0,0,,0,,"HACIENDA AVE","INAJA ST",0.00,,Y,A,-,N,,,,,,,,,,N,2,0,1,2,A,-,03,22350,,F,G,B,F,A,H,-,D,D,0,Y,,,,Y,,-,99,1,0,0,0,1,0,0,0,0,"- ","- ",,,RIVERSIDE,"DESERT HOT SPRINGS",-116.47766876220703,33.954139709472656
81834345,2022,2022-08-08,3300,2022-03-09,2007,4050,"601 Z",3,5,6,3394,0,0,0,,0,MV14,"BOX SPRINGS RD","LIGHT POLE #01806M",41.00,E,N,A,-,N,,,,,,,,,,Y,1,1,0,1,A,-,01,23152,A,N,E,I,A,A,H,-,C,D,0,,,,,Y,Y,A,01,0,0,0,0,0,0,0,0,0,"- ","- ",33.946479797363281,-117.28777313232422,RIVERSIDE,"MORENO VALLEY",,
81837731,2022,2022-08-11,3300,2022-06-22,2041,4808,920A,3,5,4,3314,0,0,0,,0,070,"STATE ST","SAGECREST DR",0.00,,Y,A,-,N,,,,,,,,,,Y,1,1,2,2,A,-,12,21453,A,N,A,C,A,A,H,-,C,A,0,,,,,Y,Y,A,01,1,0,1,0,0,0,0,0,0,"- ","- ",33.809829711914062,-116.97216796875,RIVERSIDE,"SAN JACINTO",-116.97210693359375,33.809669494628906
81838570,2022,2022-08-12,3300,2022-07-24,0828,5797,916A,7,5,4,3312,0,0,0,,0,031,"RAMONA EXPRESSWAY","CENTER ST",212.00,W,N,A,-,N,,,,,,,,,,N,2,0,1,2,A,-,08,22107,,N,D,G,A,A,H,-,A,A,0,,Y,,,Y,,L,04,1,0,0,0,0,0,1,0,0,"- ","- ",33.844371795654297,-117.20406341552734,RIVERSIDE,PERRIS,-117.20482635498047,33.844528198242188
81839913,2022,2022-08-15,3308,2022-06-01,1550,10515,,3,5,5,3308,0,0,0,,0,,"SANDERSON AVE","MUSTANG WAY",0.00,,Y,A,-,N,,,,,,,,,,Y,2,0,2,3,A,-,09,21801,A,N,D,C,A,A,H,-,A,A,0,,,,,Y,,A,01,1,0,1,0,0,0,0,0,0,"- ","- ",33.720741271972656,-117.006591796875,RIVERSIDE,HEMET,-117.00662994384766,33.720813751220703
81841034,2022,2022-08-16,3300,2022-08-14,1239,4440,920E,7,5,4,3314,0,0,0,,0,072,"STATE ST","SCOVELL AVE",0.00,,Y,A,-,Y,,,,,,,,,,Y,2,0,4,2,A,-,09,21810,A,N,A,C,A,A,H,-,A,D,0,,,,,Y,,A,01,2,0,2,0,0,0,0,0,0,"- ","- ",33.783771514892578,-116.97186279296875,RIVERSIDE,"SAN JACINTO",-116.97193145751953,33.783733367919922
8184136,2016,2016-12-13,3311,2016-11-22,1652,16034,,2,5,4,3311,0,0,0,,0,005,"EAST PALM CANYON DR","AUTO CENTER",940.00,W,N,A,-,N,,,,,,,,,,Y,2,0,1,2,A,-,09,21801,A,N,D,C,A,A,H,-,C,D,0,,,Y,,Y,Y,A,01,1,0,0,0,0,0,0,0,1,"- ","- ",,,RIVERSIDE,"PALM SPRINGS",-116.507738,33.796562000000002
8184140,2016,2016-12-13,3311,2016-11-22,0204,15951,,2,5,4,3311,0,0,0,,0,002,"NORTH INDIAN CANYON DR","E VISTA CHINO",378.00,N,N,A,-,N,,,,,,,,,,Y,2,0,2,1,A,-,01,23152,A,N,A,I,A,A,H,-,C,A,0,,,,,Y,Y,A,01,1,1,0,0,0,0,0,0,0,"- ","- ",,,RIVERSIDE,"PALM SPRINGS",-116.54559,33.845904580000003
8184148,2016,2016-12-13,3311,2016-11-04,1830,16029,DESER,5,5,4,3311,0,0,0,,0,006,"CROSSLEY RD","DINAH SHORE DR",2640.00,S,N,A,-,N,,,,,,,,,,N,2,0,1,2,A,-,11,21954,A,N,G,B,D,A,H,-,D,D,0,Y,,,,Y,,N,60,1,0,0,0,1,0,0,0,0,"- ","- ",33.808549999999997,-116.47417,RIVERSIDE,"PALM SPRINGS",-116.48417999999999,33.804070000000003
81841939,2022,2022-08-17,3300,2022-04-08,1303,5162,011A,5,5,4,3344,0,0,0,,0,060,"HAMNER AV","MICRO DR",0.00,,Y,A,-,N,,,,,,,,,,N,1,1,1,2,A,-,12,21453,A,N,D,C,A,A,H,-,A,A,0,,,,,Y,,D,22,0,1,0,0,0,0,0,0,0,"- ","- ",,,RIVERSIDE,EASTVALE,-117.55834197998047,34.006221771240234
81844732,2022,2022-08-22,3300,2022-07-01,1608,5059,"601 E",5,5,6,3394,0,0,0,,0,MV16,"IRONWOOD AVE","HEACOCK ST",0.00,,Y,A,-,N,,,,,,,,,,Y,1,1,1,2,A,-,01,23152,A,F,D,D,A,A,H,-,A,A,0,,,Y,,Y,Y,A,01,0,0,1,0,0,0,0,1,0,"- ","- ",33.946620941162109,-117.24388122558594,RIVERSIDE,"MORENO VALLEY",-117.24388885498047,33.946632385253906
81844794,2022,2022-08-22,3300,2022-07-31,1640,3701,Y85,7,5,3,3305,0,0,0,,0,Y85,"FILLMORE ST","51ST AV",50.00,S,N,A,-,N,,,,,,,,,,Y,2,0,1,1,A,-,01,23152,A,M,E,I,A,A,H,-,A,D,0,,,,,Y,Y,A,01,1,0,0,0,0,0,0,0,0,"- ","- ",33.678539276123047,-116.1292724609375,RIVERSIDE,COACHELLA,-116.12928009033203,33.678379058837891
81846291,2022,2022-08-23,3315,2022-08-01,0839,001874,,1,5,6,3315,0,0,0,,0,,"ONTARIO AV","COMPTON AV",0.00,,N,A,-,N,,,,,,,,,,N,2,0,1,1,A,-,08,22107,,N,E,A,A,A,H,-,A,A,0,,Y,,,Y,,L,04,1,0,0,0,0,0,1,0,0,"- ","- ",,,RIVERSIDE,CORONA,-117.53668212890625,33.845165252685547
81847163,2022,2022-08-24,3300,2022-06-15,1248,N7112,"601 E",3,5,6,3394,0,0,0,,0,MV16,"HEACOCK ST","BADGER SPRINGS TRL",0.00,,Y,A,-,N,,,,,,,,,,Y,2,0,1,2,A,-,09,21802,A,N,D,C,A,A,H,-,A,A,0,,,Y,,Y,,A,07,1,0,0,0,0,0,0,0,1,"- ","- ",33.957931518554688,-117.24394226074219,RIVERSIDE,"MORENO VALLEY",-117.24391937255859,33.957954406738281
81847202,2022,2022-08-24,3311,2022-07-30,2107,16057,,6,5,4,3311,0,0,0,,0,005,"SUNRISE WAY","PALM CANYON DRIVE E",88.00,N,N,A,-,Y,,,,,,,,,,Y,1,1,2,4,A,-,01,23153,A,N,C,C,A,A,H,-,C,A,0,,,,,Y,Y,A,01,2,0,0,0,0,0,0,0,0,"- ","- ",33.8013916015625,-116.52828979492188,RIVERSIDE,"PALM SPRINGS",-116.52828216552734,33.801639556884766
81848212,2022,2022-08-25,3300,2022-06-18,0718,4456,"604 D",6,5,6,3394,0,0,0,,0,MV46,"MORENO BEACH DR","BRODIAEA AVE",17.00,S,N,B,-,N,,,,,,,,,,Y,2,0,1,1,A,-,01,23152,G,N,E,I,A,A,H,-,A,D,0,,,,,Y,Y,A,01,1,0,0,0,0,0,0,0,0,"- ","- ",33.913600921630859,-117.17407989501953,RIVERSIDE,"MORENO VALLEY",-117.17411041259766,33.913673400878906
81850236,2022,2022-08-26,3300,2022-06-07,0739,N3642,011,2,5,4,3344,0,0,0,,0,061,"EASTVALE GATEWAY","PARKING LOT",0.00,,Y,A,-,N,,,,,,,,,,N,2,0,1,2,B,-,22,,,N,A,B,D,A,H,-,A,A,0,Y,,,,Y,,I,11,1,0,0,0,1,0,0,0,0,"- ","- ",,,RIVERSIDE,EASTVALE,,
81850287,2022,2022-08-26,3300,2022-08-18,2057,N3765,38H1,4,5,4,3318,0,0,0,,0,1T371,"COUNTRY CLUB DR","COOK ST",44.00,W,N,A,-,N,,,,,,,,,,Y,2,0,1,2,A,-,03,22350,,N,C,C,A,A,H,-,C,A,0,,,,,Y,,A,07,1,0,0,0,0,0,0,0,0,"- ","- ",33.758041381835938,-116.35624694824219,RIVERSIDE,"PALM DESERT",-116.35648345947266,33.757999420166016
81851057,2022,2022-08-29,3300,2022-08-10,1318,5950,LA41,3,5,3,3392,0,0,0,,0,LA41,"WASHINGTON ST","LAKE LA QUINTA DR",0.00,,Y,A,-,N,,,,,,,,,,Y,2,0,2,2,A,-,08,22107,,N,A,C,A,A,H,-,A,A,0,,,,,Y,,A,07,1,1,0,0,0,0,0,0,0,"- ","- ",33.704238891601562,-116.29505157470703,RIVERSIDE,"LA QUINTA",-116.29477691650391,33.704036712646484
81852539,2022,2022-08-30,3300,2022-06-06,2104,5467,908,1,5,3,3337,0,0,0,,0,060,"23861 CANYON LAKE DRIVE N.","CANYON LAKE DR. NORTH",100.00,S,Y,A,-,N,,,,,,,,,,Y,2,0,1,3,A,-,01,23152,B,N,B,E,A,A,H,-,C,D,0,,,,,Y,Y,M,96,1,0,0,0,0,0,0,0,0,"- ","- ",33.685638427734375,-117.24324035644531,RIVERSIDE,"CANYON LAKE",-117.25249481201172,33.683956146240234
8185337,2016,2016-12-15,3300,2016-10-25,1732,N3373,910E,2,5,5,3335,0,0,0,,0,061,"RANCHO CALIFORNIA RD","DIAZ RD",170.00,E,N,A,-,N,,,,,,,,,,Y,2,0,1,2,A,-,03,22350,,N,C,C,A,A,H,-,C,A,0,,,Y,,Y,,C,02,1,0,0,0,0,0,0,0,1,"- ","- ",,,RIVERSIDE,TEMECULA,-117.15656233999999,33.498148049999998
81854870,2022,2022-09-01,3306,2022-08-11,1543,708,3306,4,5,3,3306,0,0,0,,0,,"PALM DR","DILLON RD",108.00,S,N,A,-,N,,,,,,,,,,Y,2,0,4,2,A,-,09,21801,A,N,D,C,A,A,H,-,A,A,0,,,,,Y,,A,01,1,0,3,0,0,0,0,0,0,"- ","- ",33.924968719482422,-116.50173950195312,RIVERSIDE,"DESERT HOT SPRINGS",-116.50173187255859,33.924674987792969
81856601,2022,2022-09-05,3311,2022-08-13,0607,16343,DESER,6,5,4,3311,0,0,0,,0,004,"GENE AUTRY TRAIL","E CHIA ROAD",687.00,S,N,A,-,N,,,,,,,,,,Y,2,0,1,1,A,-,01,23152,A,N,F,A,A,A,H,-,A,D,0,,,,,Y,Y,A,01,1,0,0,0,0,0,0,0,0,"- ","- ",33.840248107910156,-116.50631713867188,RIVERSIDE,"PALM SPRINGS",-116.50628662109375,33.839389801025391
81857478,2022,2023-04-10,3308,2022-05-28,1300,10833,,6,5,5,3308,0,0,0,,0,,"SAN JACINTO AVE","MORTON PL.",0.00,,Y,A,-,N,,,,,,,,,,Y,2,0,1,3,A,-,09,21801,A,N,D,C,A,A,H,-,A,A,0,,,Y,,Y,,A,01,1,0,0,0,0,0,0,0,1,"- ","- ",,,RIVERSIDE,HEMET,-116.95864105224609,33.746696472167969
81857483,2022,2022-09-06,3308,2022-08-05,1455,10379,546,5,5,5,3308,0,0,0,,0,SOUTH,"STATE ST","STETSON AVE",182.00,S,N,A,-,N,,,,,,,,,,N,2,0,1,2,A,-,09,21804,A,N,D,C,A,B,H,-,A,A,0,,,Y,,Y,,A,01,1,0,0,0,0,0,0,0,1,"- ","- ",33.729400634765625,-116.97158050537109,RIVERSIDE,HEMET,-116.97154235839844,33.728870391845703
81861483,2022,2022-09-12,3300,2022-07-07,0843,3611,"601 G",4,5,6,3394,0,0,0,,0,MV18,"REDLANDS BLVD","IRONWOOD AVE",183.00,N,N,A,-,N,,,,,,,,,,Y,2,0,5,3,A,-,05,21460,A,N,A,C,A,A,H,-,A,D,0,,,,,Y,,A,01,1,2,2,0,0,0,0,0,0,"- ","- ",33.946208953857422,-117.15673065185547,RIVERSIDE,"MORENO VALLEY",-117.15673828125,33.946891784667969
81862799,2022,2022-09-13,3300,2022-08-15,1852,3552,916B,1,5,4,3312,0,0,0,,0,032,"REDLANDS AV","ORANGE AV",0.00,,Y,A,-,N,,,,,,,,,,N,1,1,0,2,A,-,11,21456,B,F,G,B,B,A,H,-,A,A,0,Y,,,,Y,,N,60,0,0,0,1,0,0,0,0,0,"- ","- ",33.815811157226562,-117.21736907958984,RIVERSIDE,PERRIS,-117.21738433837891,33.815662384033203
81863918,2022,2022-09-14,3300,2022-09-04,2038,N7126,82D6,7,5,3,3305,0,0,0,,0,Y82,"52ND AV","DOUMA ST",0.00,,Y,A,-,N,,,,,,,,,,N,2,0,1,2,A,-,03,22350,,F,F,G,A,A,H,-,D,D,0,,Y,,,Y,Y,A,01,1,0,0,0,0,0,1,0,0,"- ","- ",33.670879364013672,-116.18814849853516,RIVERSIDE,COACHELLA,-116.18819427490234,33.670825958251953
81866255,2022,2022-09-16,3315,2022-09-07,1954,002628,2B,3,5,6,3315,0,0,0,,0,002,"MAIN ST","RINCON ST",208.00,N,N,A,-,N,,,,,,,,,,Y,2,0,1,2,A,-,09,21801,A,N,D,C,A,A,H,-,C,D,0,,,Y,,Y,,A,01,1,0,0,0,0,0,0,0,1,"- ","- ",33.886631011962891,-117.56465148925781,RIVERSIDE,CORONA,-117.56465148925781,33.88720703125
81867020,2022,2022-09-19,3300,2022-09-15,1514,3552,916A,4,5,4,3312,0,0,0,,0,031,"HARLEY KNOX BL","INDIAN AV",0.00,E,N,A,-,N,,,,,,,,,,Y,2,0,2,2,A,-,03,22350,,N,C,C,A,A,H,-,A,A,0,,,,Y,Y,,A,01,1,0,1,0,0,0,0,0,0,"- ","- ",33.857280731201172,-117.23387908935547,RIVERSIDE,PERRIS,-117.23484802246094,33.857227325439453
81867051,2022,2022-09-19,3300,2022-04-11,2312,4867,"601 E",1,5,6,3394,0,0,0,,0,MV16,"INDIAN ST","IRONWOOD AVE",177.00,N,N,A,-,N,,,,,,,,,,Y,1,1,1,5,A,-,03,22350,,N,E,I,A,A,H,-,C,A,0,,,,,Y,,A,07,1,0,0,0,0,0,0,0,0,"- ","- ",33.946701049804688,-117.23523712158203,RIVERSIDE,"MORENO VALLEY",-117.23520660400391,33.947132110595703
81872408,2022,2022-09-26,3300,2022-09-03,1635,5329,002S,6,5,6,3345,0,0,0,,0,024,"RUTILE ST","53RD ST",216.00,N,N,A,-,N,,,,,,,,,,N,2,0,1,1,A,-,03,22350,,N,E,I,A,A,H,-,A,D,0,,,Y,,Y,,C,06,1,0,0,0,0,0,0,0,1,"- ","- ",33.990879058837891,-117.49727630615234,RIVERSIDE,"JURUPA VALLEY",-117.4971923828125,33.991481781005859
81874049,2022,2022-09-27,3300,2022-09-16,1712,4808,920A,5,5,4,3314,0,0,0,,0,070,"RAMONA EXPY","WARREN RD",34.00,W,N,A,-,N,,,,,,,,,,Y,2,0,3,5,A,-,01,23152,A,N,C,C,A,A,H,-,A,A,0,,,,,Y,Y,A,01,1,0,2,0,0,0,0,0,0,"- ","- ",33.823558807373047,-117.03346252441406,RIVERSIDE,"SAN JACINTO",-117.03382873535156,33.823471069335938
8187502,2016,2017-01-05,3300,2016-12-07,0730,3290,916A,3,5,4,3312,0,0,0,,0,031,"KESTREL GATE","BARN OWL DR",0.00,,Y,A,-,N,,,,,,,,,,N,2,0,2,3,A,-,10,21950,A,N,G,B,D,A,H,-,A,D,0,Y,,,,Y,,A,01,1,1,0,0,2,0,0,0,0,"- ","- ",33.827820000000003,-117.20401,RIVERSIDE,PERRIS,-117.2041301,33.827750049999999
81875173,2022,2022-09-28,3300,2022-09-18,1644,5950,41B4,7,5,3,3392,0,0,0,,0,LA41,"AVE 48","DUNE PALMS RD",0.00,,Y,A,-,N,,,,,,,,,,Y,2,0,4,2,A,-,01,23153,B,N,B,C,A,A,H,-,A,A,0,,,,,Y,Y,A,07,1,2,1,0,0,0,0,0,0,"- ","- ",33.699859619140625,-116.27738952636719,RIVERSIDE,"LA QUINTA",-116.27742767333984,33.699806213378906
81878388,2022,2022-09-30,3311,2022-08-27,0203,16199,,6,5,4,3311,0,0,0,,0,005,"PALM CANYON DRIVE S","CAMERON CENTER DR",0.00,,Y,A,-,N,,,,,,,,,,Y,2,0,1,1,A,-,01,23152,A,N,E,I,A,A,H,-,D,D,0,,,,Y,Y,Y,F,26,1,0,0,0,0,0,0,0,0,"- ","- ",,,RIVERSIDE,"PALM SPRINGS",,
81879718,2021,2022-10-03,3300,2021-06-14,1948,4339,"603 C",1,5,6,3394,0,0,0,,0,MV36,"LASSELLE ST","JOHN F KENNEDY DR",285.00,S,N,A,-,N,,,,,,,,,,Y,1,1,5,2,A,-,01,23152,F,N,B,C,A,A,H,-,B,A,0,,,,,Y,Y,A,07,3,1,1,0,0,0,0,0,0,"- ","- ",33.902790069580078,-117.20919036865234,RIVERSIDE,"MORENO VALLEY",-117.20891571044922,33.902019500732422
81879735,2022,2022-10-03,3300,2022-05-29,2230,5855,"604 E",7,5,6,3394,0,0,0,,0,MV48,"ALESSANDRO BLVD","GILMAN SPRINGS RD",0.00,,Y,A,-,N,,,,,,,,,,Y,2,0,5,2,A,-,12,22450,A,N,D,C,A,A,H,-,D,D,0,,,,,Y,Y,A,01,2,1,2,0,0,0,0,0,0,"- ","- ",33.920310974121094,-117.09632110595703,RIVERSIDE,"MORENO VALLEY",-117.10388946533203,33.919567108154297
81881110,2022,2022-10-04,3300,2022-09-18,0020,N3765,36P4,7,5,4,3318,0,0,0,,0,1T371,"FRED WARING DR","PORTOLA AVE",0.00,,Y,A,-,N,,,,,,,,,,N,2,0,1,2,A,-,11,21456,C,N,G,B,B,A,H,-,C,A,0,Y,,,,Y,,N,60,1,0,0,0,1,0,0,0,0,"- ","- ",33.728839874267578,-116.37377166748047,RIVERSIDE,"PALM DESERT",-116.37376403808594,33.728794097900391
81883524,2022,2022-10-06,3300,2022-09-17,1430,N7713,36R4,6,5,4,3318,0,0,0,,0,T36,"FRED WARING DR","TOWN CENTER WAY",394.00,E,N,A,-,N,,,,,,,,,,N,2,0,1,2,A,-,11,21954,A,N,G,B,D,A,H,-,A,D,0,Y,,,Y,Y,,N,60,1,0,0,0,1,0,0,0,0,"- ","- ",33.728660583496094,-116.39849853515625,RIVERSIDE,"PALM DESERT",-116.39707946777344,33.728549957275391
8188357,2016,2016-12-13,3300,2016-11-08,1540,3481,920C,2,5,4,3314,0,0,0,,0,070,"VIA LA SIERRA LN","COTTONWOOD LN",319.00,S,N,A,-,N,,,,,,,,,,N,2,0,1,1,A,-,21,22106,,N,H,J,A,A,H,-,A,D,0,,,,,Y,,A,01,1,0,0,0,0,0,0,0,0,"- ","- ",,,RIVERSIDE,"SAN JACINTO",,
81883650,2022,2022-10-06,3313,2022-07-07,2011,1935,1,4,5,7,3313,0,0,0,,0,3R12,"STREETER AV","JERRY LOUDER DR",0.00,,Y,A,-,N,,,,,,,,,,N,1,1,0,2,A,-,03,22350,,N,D,C,A,A,H,-,B,A,0,,,Y,,Y,,C,02,0,0,0,0,0,0,0,1,0,"- ","- ",,,RIVERSIDE,RIVERSIDE,-117.41870880126953,33.956001281738281