CASE_ID,ACCIDENT_YEAR,PROC_DATE,JURIS,COLLISION_DATE,COLLISION_TIME,OFFICER_ID,REPORTING_DISTRICT,DAY_OF_WEEK,CHP_SHIFT,POPULATION,CNTY_CITY_LOC,SPECIAL_COND,BEAT_TYPE,CHP_BEAT_TYPE,CITY_DIVISION_LAPD,CHP_BEAT_CLASS,BEAT_NUMBER,PRIMARY_RD,SECONDARY_RD,DISTANCE,DIRECTION,INTERSECTION,WEATHER_1,WEATHER_2,STATE_HWY_IND,CALTRANS_COUNTY,CALTRANS_DISTRICT,STATE_ROUTE,ROUTE_SUFFIX,POSTMILE_PREFIX,POSTMILE,LOCATION_TYPE,RAMP_INTERSECTION,SIDE_OF_HWY,TOW_AWAY,COLLISION_SEVERITY,NUMBER_KILLED,NUMBER_INJURED,PARTY_COUNT,PRIMARY_COLL_FACTOR,PCF_CODE_OF_VIOL,PCF_VIOL_CATEGORY,PCF_VIOLATION,PCF_VIOL_SUBSECTION,HIT_AND_RUN,TYPE_OF_COLLISION,MVIW,PED_ACTION,ROAD_SURFACE,ROAD_COND_1,ROAD_COND_2,LIGHTING,CONTROL_DEVICE,CHP_ROAD_TYPE,PEDESTRIAN_ACCIDENT,BICYCLE_ACCIDENT,MOTORCYCLE_ACCIDENT,TRUCK_ACCIDENT,NOT_PRIVATE_PROPERTY,ALCOHOL_INVOLVED,STWD_VEHTYPE_AT_FAULT,CHP_VEHTYPE_AT_FAULT,COUNT_SEVERE_INJ,COUNT_VISIBLE_INJ,COUNT_COMPLAINT_PAIN,COUNT_PED_KILLED,COUNT_PED_INJURED,COUNT_BICYCLIST_KILLED,COUNT_BICYCLIST_INJURED,COUNT_MC_KILLED,COUNT_MC_INJURED,PRIMARY_RAMP,SECONDARY_RAMP,LATITUDE,LONGITUDE,COUNTY,CITY,POINT_X,POINT_Y
8828463,2019,2019-04-09,3315,2019-03-18,1544,11119,3E,1,5,6,3315,0,0,0,,0,003,"RIMPAU AV","CALIFORNIA AV",347.00,N,N,A,-,N,,,,,,,,,,Y,2,0,4,2,A,-,09,21804,A,N,D,C,A,A,H,-,A,D,0,,,,,Y,,A,01,1,0,3,0,0,0,0,0,0,"- ","- ",,,RIVERSIDE,CORONA,-117.54459381103516,33.862628936767578
8829374,2019,2019-04-04,3300,2019-02-08,0450,3236,002Q,5,5,6,3345,0,0,0,,0,024,"VAN BUREN BL","LIMONITE AV",150.00,N,N,A,-,N,,,,,,,,,,N,2,0,1,2,A,-,04,21703,,N,G,G,A,A,H,-,D,D,0,,Y,,,Y,,A,01,1,0,0,0,0,0,1,0,0,"- ","- ",33.975990295410156,-117.47618103027344,RIVERSIDE,"JURUPA VALLEY",-117.47624969482422,33.97613525390625
8830172,2018,2019-03-28,3300,2018-12-28,1543,4658,,5,5,4,3314,0,0,0,,0,,"SAN JACINTO AV","MENLO AV",981.00,N,N,A,-,N,,,,,,,,,,N,2,0,1,2,A,-,06,21760,B,N,H,G,A,A,H,-,A,D,0,,Y,,,Y,,A,01,1,0,0,0,0,0,1,0,0,"- ","- ",33.758480072021484,-116.95874786376953,RIVERSIDE,"SAN JACINTO",-116.958740234375,33.761165618896484
8833896,2019,2019-07-08,3313,2019-03-15,2155,1881,1,5,5,7,3313,0,0,0,,0,3R18,"STRONG ST","SUNUP CIR",133.00,E,N,A,-,N,,,,,,,,,,N,1,1,0,3,A,-,08,22107,,F,G,B,E,A,H,-,C,A,0,Y,,,,Y,,A,01,0,0,0,1,0,0,0,0,0,"- ","- ",,,RIVERSIDE,RIVERSIDE,-117.37161254882812,34.004146575927734
8834258,2019,2019-06-21,3313,2019-03-15,1850,1798,2,5,5,7,3313,0,0,0,,0,T47,"LINDEN ST","IOWA AV",602.00,E,N,A,-,N,,,,,,,,,,Y,1,1,0,2,A,-,11,21954,A,N,G,B,D,A,H,-,B,D,0,Y,,,,Y,,N,60,0,0,0,1,0,0,0,0,0,"- ","- ",,,RIVERSIDE,RIVERSIDE,-117.33927154541016,33.979339599609375
8834744,2019,2019-04-19,3300,2019-03-29,0800,4415,916D,5,5,4,3312,0,0,0,,0,035,"4TH ST","NAVAJO RD",23.00,S,N,A,-,N,,,,,,,,,,Y,2,0,2,2,A,-,12,21453,A,N,A,C,A,A,H,-,A,A,0,,,,,Y,,D,22,1,0,1,0,0,0,0,0,0,"- ","- ",,,RIVERSIDE,PERRIS,-117.24334716796875,33.781131744384766
8835584,2019,2019-04-15,3313,2019-03-05,1937,0623,1,2,5,7,3313,0,0,0,,0,M10,"IOWA AV","CITRUS ST",27.00,S,N,B,-,N,,,,,,,,,,Y,2,0,1,2,A,-,03,22350,,F,C,C,A,B,H,-,C,A,0,,,,,Y,,A,07,1,0,0,0,0,0,0,0,0,"- ","- ",,,RIVERSIDE,RIVERSIDE,-117.33980560302734,34.010147094726562
8838667,2019,2019-05-06,3300,2019-03-14,0947,4300,920A,4,5,4,3314,0,0,0,,0,070,"SANDERSON AV","RAMONA EXPWY",2323.00,N,N,A,-,N,,,,,,,,,,Y,2,0,3,3,A,-,07,21658,A,N,B,C,A,A,H,-,A,D,0,,,,Y,Y,,D,22,1,0,2,0,0,0,0,0,0,"- ","- ",,,RIVERSIDE,"SAN JACINTO",-117.00359344482422,33.829990386962891
8838769,2019,2019-04-11,3300,2019-03-06,0954,3481,920G,3,5,4,3314,0,0,0,,0,074,"SAN JACINTO AV","7TH ST",380.00,S,N,C,-,N,,,,,,,,,,N,2,0,1,2,A,-,11,21954,A,N,G,B,D,B,H,-,A,D,0,Y,,,,Y,,N,60,1,0,0,0,1,0,0,0,0,"- ","- ",33.780269622802734,-116.95887756347656,RIVERSIDE,"SAN JACINTO",-116.95883941650391,33.779220581054688
8839734,2019,2020-01-11,3308,2019-03-28,0424,10550,513,4,5,5,3308,0,0,0,,0,SOUTH,"FLORIDA AV","WARREN RD",0.00,,N,A,-,Y,RIV,8,74,-,-,36.910,H,-,E,Y,2,0,2,4,A,-,03,22350,,N,C,C,E,A,H,-,C,A,0,Y,,,,Y,,A,01,1,0,1,0,1,0,0,0,0,"- ","- ",33.742168426513672,-117.02937316894531,RIVERSIDE,HEMET,-117.03312683105469,33.743831634521484
8843493,2019,2019-05-08,3315,2019-04-02,0213,002628,7A,2,5,6,3315,0,0,0,,0,004,"6TH ST","LINCOLN AV",43.00,E,N,A,-,N,,,,,,,,,,N,2,0,2,2,A,-,03,22350,,N,C,C,A,A,H,-,C,A,0,,,,,Y,,-,,2,0,0,0,0,0,0,0,0,"- ","- ",33.876380920410156,-117.58326721191406,RIVERSIDE,CORONA,-117.58313751220703,33.877174377441406
8844067,2019,2019-04-19,3313,2019-03-06,1200,1821,3,3,5,7,3313,0,0,0,,0,2R37,"APTOS ST","PINE NEEDLES CT",30.00,W,N,A,-,N,,,,,,,,,,N,2,0,1,2,A,-,10,21950,A,N,G,B,C,A,H,-,A,D,0,Y,,,,Y,,I,11,1,0,0,0,1,0,0,0,0,"- ","- ",,,RIVERSIDE,RIVERSIDE,-117.31040954589844,33.889358520507812
8844789,2019,2019-04-26,3300,2019-04-13,1214,2780,916B,6,5,4,3312,0,0,0,,0,034,"4TH ST","PARK AV",1057.00,W,N,A,-,N,,,,,,,,,,Y,2,0,3,2,A,-,09,21804,A,N,D,C,A,A,H,-,A,D,0,,,,,Y,,A,07,1,1,1,0,0,0,0,0,0,"- ","- ",,,RIVERSIDE,PERRIS,-117.24039459228516,33.782329559326172
8848144,2019,2019-04-25,3311,2019-03-31,0650,16067,,7,5,4,3311,0,0,0,,0,003,"E TAHQUITZ CANYON WY","N AVENIDA CABALLEROS",10.00,E,N,A,-,N,,,,,,,,,,N,2,0,1,2,A,-,10,21950,A,N,G,B,B,A,H,-,B,A,0,Y,,,,Y,,A,01,1,0,0,0,1,0,0,0,0,"- ","- ",,,RIVERSIDE,"PALM SPRINGS",-116.53692626953125,33.82318115234375
8851105,2019,2019-05-03,3311,2019-04-06,0929,16190,,6,5,4,3311,0,0,0,,0,001,"PALM CANYON DR N","STEVENS RD",50.00,N,N,A,-,N,,,,,,,,,,Y,2,0,1,2,A,-,06,21750,A,N,B,C,A,A,H,-,A,D,0,,,Y,,Y,,C,02,1,0,0,0,0,0,0,0,1,"- ","- ",33.842990875244141,-116.54685974121094,RIVERSIDE,"PALM SPRINGS",-116.54676818847656,33.843135833740234
8853326,2019,2019-05-11,3315,2019-04-16,1810,002628,14A,2,5,6,3315,0,0,0,,0,004,"RURAL CI","STRAWCROSS LN",512.00,E,N,A,-,N,,,,,,,,,,N,2,0,1,2,A,-,05,21202,A,N,H,G,A,A,H,-,A,D,0,,Y,,,Y,,L,04,1,0,0,0,0,0,1,0,0,"- ","- ",33.837078094482422,-117.58928680419922,RIVERSIDE,CORONA,-117.58721923828125,33.837158203125
8853370,2019,2019-05-11,3313,2019-04-12,1646,1537,1,5,5,7,3313,0,0,0,,0,M16,"COLUMBIA AV","MULBERRY ST",10.00,E,N,A,-,N,,,,,,,,,,N,2,0,1,2,A,-,11,21950,B,N,G,B,D,A,H,-,A,A,0,Y,,,,Y,,N,60,1,0,0,0,1,0,0,0,0,"- ","- ",34.000789642333984,-117.35347747802734,RIVERSIDE,RIVERSIDE,-117.35413360595703,34.002285003662109
8853975,2019,2019-05-09,3325,2019-02-06,1806,535C,DESER,3,5,4,3325,0,0,0,,0,002,"RAMON RD","NEUMA DR",0.00,,Y,A,-,N,,,,,,,,,,Y,2,0,1,2,A,-,17,23109,A,N,C,C,A,A,H,-,C,D,0,,,,,Y,,A,01,1,0,0,0,0,0,0,0,0,"- ","- ",,,RIVERSIDE,"CATHEDRAL CITY",-116.45136260986328,33.816001892089844
8854025,2019,2019-05-13,3325,2019-03-19,0305,1304,,2,5,4,3325,0,0,0,,0,001,"DATE PALM DR","CONVERSE RD",298.00,N,N,A,-,N,,,,,,,,,,Y,2,0,1,1,A,-,01,23152,A,N,A,J,A,A,H,-,C,D,0,,,,,Y,Y,D,22,1,0,0,0,0,0,0,0,0,"- ","- ",,,RIVERSIDE,"CATHEDRAL CITY",-116.45810699462891,33.791397094726562
8856627,2019,2019-05-14,3300,2019-04-26,1825,3613,506A,5,5,5,3341,0,0,0,,0,056,"MURRIETA RD","LAZY CREEK RD",0.00,,Y,A,-,N,,,,,,,,,,Y,2,0,3,2,A,-,09,21802,A,N,D,C,A,A,H,-,A,A,0,,,,,Y,,A,07,1,1,1,0,0,0,0,0,0,"- ","- ",33.688709259033203,-117.20574188232422,RIVERSIDE,MENIFEE,-117.20596313476562,33.688690185546875
8858549,2019,2019-05-16,3315,2019-04-08,0500,003653,,1,5,6,3315,0,0,0,,0,,"EAGLE GLEN PKWY","RYDER CUP DR",603.00,S,N,A,-,N,,,,,,,,,,Y,2,0,1,1,A,-,03,22350,,N,E,I,A,A,H,-,C,D,0,,,,,Y,,A,01,1,0,0,0,0,0,0,0,0,"- ","- ",33.808609008789062,-117.53623962402344,RIVERSIDE,CORONA,-117.53583526611328,33.807022094726562
8860319,2019,2019-05-30,3311,2019-05-09,0651,15302,,4,5,4,3311,0,0,0,,0,004,"GENE AUTRY TR","VIA ESCUELA",5280.00,N,N,A,-,N,,,,,,,,,,N,2,0,1,1,A,-,01,23152,F,N,F,A,A,A,H,-,A,D,0,,,,,Y,,A,01,1,0,0,0,0,0,0,0,0,"- ","- ",33.848358154296875,-116.50579071044922,RIVERSIDE,"PALM SPRINGS",-116.50581359863281,33.862960815429688
8860596,2019,2019-08-07,3315,2019-06-09,1531,003226,8E,7,5,6,3315,0,0,0,,0,004,"GREEN RIVER RD","SHOPPING CENTER WY",0.00,,Y,A,-,N,,,,,,,,,,N,2,0,2,2,A,-,12,21453,A,N,D,C,A,A,H,-,A,A,0,,,,,Y,,A,07,2,0,0,0,0,0,0,0,0,"- ","- ",33.870510101318359,-117.62317657470703,RIVERSIDE,CORONA,,
8862038,2019,2019-05-24,3300,2019-04-30,0852,5029,3300,2,5,6,3394,0,0,0,,0,MV34,"SAN MICHELE RD","INDIAN ST",36.00,E,N,B,-,N,,,,,,,,,,Y,2,0,1,1,A,-,03,22350,,N,E,I,A,B,H,-,A,D,0,,,,,Y,,A,01,1,0,0,0,0,0,0,0,0,"- ","- ",33.866249084472656,-117.23490142822266,RIVERSIDE,"MORENO VALLEY",-117.23470306396484,33.870059967041016
8870313,2019,2019-06-07,3300,2019-04-04,2029,N6251,920A,4,5,4,3314,0,0,0,,0,070,"COTTONWOOD AV","LYON AV",0.00,,Y,A,-,N,,,,,,,,,,Y,2,0,4,2,A,-,01,23152,A,F,D,C,A,A,H,-,C,A,0,,,,,Y,Y,D,22,3,0,1,0,0,0,0,0,0,"- ","- ",33.787368774414062,-116.9893798828125,RIVERSIDE,"SAN JACINTO",-116.98938751220703,33.787399291992188
8870569,2019,2021-05-20,3313,2019-05-19,0128,1892,4,7,5,7,3313,0,0,0,,0,1R49,"MAGNOLIA AV","ARLINGTON AV",191.00,W,N,C,-,N,,,,,,,,,,Y,1,1,1,1,A,-,01,23152,A,N,E,I,A,B,H,-,C,A,0,,,,,Y,Y,A,01,1,0,0,0,0,0,0,0,0,"- ","- ",33.946380615234375,-117.40103912353516,RIVERSIDE,RIVERSIDE,-117.40163421630859,33.945957183837891
8875111,2019,2019-06-14,3300,2019-05-23,1823,4283,8064,4,5,3,3305,0,0,0,,0,080,"JACKSON ST","ODLUM DR",80.00,N,N,A,-,N,,,,,,,,,,N,2,0,1,2,A,-,08,22107,,N,D,G,A,A,H,-,A,D,0,,Y,,,Y,,L,04,1,0,0,0,0,0,1,0,0,"- ","- ",,,RIVERSIDE,COACHELLA,-116.21646118164062,33.693309783935547
8876114,2019,2019-06-13,3300,2019-06-03,1320,4713,910J,1,5,5,3335,0,0,0,,0,068,"OLD TOWN FRONT ST","TEMECULA PKWY",797.00,N,N,A,-,N,,,,,,,,,,N,2,0,1,2,A,-,03,22350,,N,C,E,A,A,H,-,A,A,0,,,Y,,Y,,C,02,1,0,0,0,0,0,0,0,1,"- ","- ",,,RIVERSIDE,TEMECULA,-117.14346313476562,33.483566284179688
8876166,2019,2019-06-11,3300,2019-05-19,0509,5378,80A7,7,5,3,3305,0,0,0,,0,080,"AVENUE 50","VAN BUREN ST",36.00,,N,A,-,N,,,,,,,,,,Y,2,0,1,2,A,-,03,22350,,N,C,C,A,A,H,-,A,A,0,,,Y,,Y,,C,02,1,0,0,0,0,0,0,0,1,"- ","- ",,,RIVERSIDE,COACHELLA,-116.19908142089844,33.685459136962891
8877021,2019,2019-06-17,3313,2019-05-28,1844,1783,5,2,5,7,3313,0,0,0,,0,T40,"GRAMERCY PL","CREST AV",0.00,,Y,A,-,N,,,,,,,,,,,2,0,3,1,A,-,01,23152,A,N,E,I,A,A,H,-,A,A,0,,,,,Y,Y,A,01,1,1,1,0,0,0,0,0,0,"- ","- ",33.932868957519531,-117.47300720214844,RIVERSIDE,RIVERSIDE,-117.47292327880859,33.933048248291016
8877056,2019,2019-07-02,3342,2019-03-10,2014,963,653,7,5,4,3342,0,0,0,,0,006,"DATE ST","WINCHESTER CREEK AV",0.00,,Y,A,-,N,,,,,,,,,,Y,2,0,2,2,A,-,01,23152,A,N,A,C,A,A,H,-,C,A,0,,,,,Y,Y,A,01,1,0,1,0,0,0,0,0,0,"- ","- ",33.551120758056641,-117.14701080322266,RIVERSIDE,MURRIETA,-117.14691925048828,33.551261901855469
8878549,2019,2019-06-19,3313,2019-05-30,1818,1962,1,4,5,7,3313,0,0,0,,0,T47,"MISSION INN AV","REDWOOD DR",0.00,,Y,A,-,N,,,,,,,,,,N,2,0,2,2,A,-,09,21801,A,N,D,D,A,A,H,-,A,A,0,,,,,Y,,A,01,1,1,0,0,0,0,0,0,0,"- ","- ",33.986251831054688,-117.38308715820312,RIVERSIDE,RIVERSIDE,-117.38361358642578,33.987499237060547
8878921,2019,2019-11-14,3300,2019-04-25,0850,5470,87D1,4,5,2,3316,0,0,0,,0,087,"RT 111","DESERT HORIZONS DR",808.00,E,N,A,-,N,,,,,,,,,,N,2,0,2,2,A,-,03,22350,,N,C,G,A,A,H,-,A,D,0,,Y,,,Y,,L,04,2,0,0,0,0,0,1,0,0,"- ","- ",,,RIVERSIDE,"INDIAN WELLS",-116.34499359130859,33.721504211425781
8881774,2019,2019-07-08,3300,2019-04-26,0615,5403,34E2,5,5,4,3318,0,0,0,,0,MO872,"COUNTRY CLUB DR","WASHINGTON ST",320.00,W,N,A,-,N,,,,,,,,,,Y,2,0,1,1,A,-,07,21658,A,N,E,I,A,A,H,-,B,D,0,,,,,Y,,A,01,1,0,0,0,0,0,0,0,0,"- ","- ",33.757869720458984,-116.30265808105469,RIVERSIDE,"PALM DESERT",-116.30368041992188,33.758037567138672
8883318,2019,2019-07-11,3300,2019-06-22,2145,5447,,6,5,6,3345,0,0,0,,0,,"RUBIDOUX BL","RT 60",0.00,,Y,A,-,Y,,,,,,,,,,Y,2,0,2,2,A,-,01,23153,A,N,C,C,A,A,H,-,C,A,0,,,,,Y,Y,A,01,1,0,1,0,0,0,0,0,0,"- ","- ",,,RIVERSIDE,"JURUPA VALLEY",-117.40045928955078,34.004508972167969
8888204,2019,2019-07-05,3313,2019-05-23,0924,1389,5,4,5,7,3313,0,0,0,,0,T53,"COLLETT AV","PIERCE ST",0.00,,Y,B,-,N,,,,,,,,,,Y,2,0,3,2,A,-,12,21453,A,N,D,C,A,A,H,-,A,A,0,,,,,Y,,A,01,1,0,2,0,0,0,0,0,0,"- ","- ",33.902881622314453,-117.49830627441406,RIVERSIDE,RIVERSIDE,-117.49752807617188,33.902988433837891
8889776,2019,2019-07-17,3300,2019-05-02,1449,4300,920C,4,5,4,3314,0,0,0,,0,070,"7TH ST","STATE ST",0.00,,Y,A,-,N,,,,,,,,,,N,2,0,1,2,A,-,10,21954,B,N,G,B,B,A,H,-,A,A,0,Y,,,,Y,,A,01,1,0,0,0,1,0,0,0,0,"- ","- ",33.780208587646484,-116.97187805175781,RIVERSIDE,"SAN JACINTO",-116.97190093994141,33.780189514160156
8890077,2019,2019-07-03,3313,2019-04-29,1908,1860,5,1,5,7,3313,0,0,0,,0,T77,"MAGNOLIA AV","TYLER ST",26.00,E,N,B,-,N,,,,,,,,,,N,2,0,2,1,A,-,08,22107,,N,E,I,A,A,H,-,A,A,0,,,,,Y,,A,07,1,1,0,0,0,0,0,0,0,"- ","- ",33.911430358886719,-117.46199798583984,RIVERSIDE,RIVERSIDE,-117.46147155761719,33.911991119384766
8890179,2019,2019-07-24,3313,2019-06-06,1609,1962,4,4,5,7,3313,0,0,0,,0,T47,"JURUPA AV","STEARNS ST",19.00,S,N,A,-,N,,,,,,,,,,Y,2,0,2,2,A,-,09,21802,A,N,D,C,A,A,H,-,A,A,0,,,,,Y,,A,08,1,1,0,0,0,0,0,0,0,"- ","- ",33.961959838867188,-117.41420745849609,RIVERSIDE,RIVERSIDE,-117.4140625,33.961769104003906
8890786,2019,2019-07-15,3315,2019-06-23,1245,003693,7A,7,5,6,3315,0,0,0,,0,001,"WEST 6TH ST","S SMITH",831.00,E,N,A,-,N,,,,,,,,,,Y,2,0,2,3,A,-,03,22350,,N,C,C,F,A,H,-,A,D,0,Y,,,,Y,,A,01,1,0,1,0,1,0,0,0,0,"- ","- ",,,RIVERSIDE,CORONA,-117.59170532226562,33.878101348876953
8893903,2019,2019-07-19,3300,2019-05-28,2055,3536,602D3,2,5,6,3394,0,0,0,,0,MV26,"INDIAN ST","BAY AV",543.00,N,N,A,-,N,,,,,,,,,,N,2,0,1,2,A,-,11,21954,A,F,G,B,E,A,H,-,C,D,0,Y,,,,Y,Y,N,60,1,0,0,0,1,0,0,0,0,"- ","- ",,,RIVERSIDE,"MORENO VALLEY",-117.23501586914062,33.922386169433594
8895847,2019,2019-07-16,3300,2019-06-14,2234,5010,920H,5,5,4,3314,0,0,0,,0,074,"PARK AV","HEWITT ST",0.00,,Y,A,-,N,,,,,,,,,,Y,2,0,1,2,A,-,08,22107,,F,A,C,A,A,H,-,D,D,0,,,,,Y,Y,-,,1,0,0,0,0,0,0,0,0,"- ","- ",33.762931823730469,-116.95082855224609,RIVERSIDE,"SAN JACINTO",-116.95085906982422,33.763221740722656
8895872,2019,2019-07-18,3308,2019-06-14,0232,10741,547,5,5,5,3308,0,0,0,,0,SOUTH,"STETSON AV","BUENA VISTA ST",0.00,,Y,A,-,N,,,,,,,,,,Y,2,0,1,2,A,-,17,24250,,N,A,C,A,A,H,-,C,A,0,,,Y,,Y,,C,02,1,0,0,0,0,0,0,0,1,"- ","- ",33.729389190673828,-116.96726226806641,RIVERSIDE,HEMET,-116.96720123291016,33.729419708251953
8895895,2019,2019-07-16,3300,2019-06-13,2101,5583,42A5,4,5,3,3392,0,0,0,,0,5LA48,"WASHINGTON ST","HIGHLAND PALMS DR",760.00,S,N,A,-,N,,,,,,,,,,N,2,0,1,2,A,-,11,21954,A,N,G,B,D,A,H,-,D,D,0,Y,,,,Y,Y,N,60,1,0,0,0,1,0,0,0,0,"- ","- ",33.707710266113281,-116.29474639892578,RIVERSIDE,"LA QUINTA",-116.29495239257812,33.705482482910156
8899446,2019,2019-07-30,3300,2019-07-02,0750,4363,S20C5,2,5,3,3317,0,0,0,,0,S20,"BOB HOPE DR","RANCHO LAS PALMAS DR",8.00,N,N,A,-,N,,,,,,,,,,N,2,0,1,2,A,-,17,21451,A,N,G,B,B,A,H,-,A,A,0,Y,,,,Y,,A,01,1,0,0,0,0,0,0,0,0,"- ","- ",33.742771148681641,-116.40811920166016,RIVERSIDE,"RANCHO MIRAGE",-116.40817260742188,33.742870330810547
8903003,2019,2019-07-31,3300,2019-06-30,0555,5363,506B,7,5,5,3341,0,0,0,,0,056,"NEWPORT RD","LONE PINE DR",403.00,E,N,A,-,N,,,,,,,,,,Y,2,0,1,1,A,-,01,23152,A,N,F,I,A,A,H,-,A,D,0,,,,,Y,Y,A,01,1,0,0,0,0,0,0,0,0,"- ","- ",33.679409027099609,-117.22454833984375,RIVERSIDE,MENIFEE,-117.2235107421875,33.679653167724609
8903529,2019,2019-12-19,3300,2019-07-12,0514,4415,509C,5,5,5,3341,0,0,0,,0,057,"SCOTT RD","RT 215",0.00,,Y,A,-,Y,RIV,8,215,-,R,15.703,R,4,N,Y,2,0,1,2,A,-,01,23153,B,N,D,C,A,A,D,-,C,A,0,,,Y,,Y,Y,A,01,1,0,0,0,0,0,0,0,1,"- ",NO,,,RIVERSIDE,MENIFEE,-117.17107391357422,33.644268035888672
8907024,2019,2019-08-06,3306,2019-05-14,0101,140,INDIO,2,5,3,3306,0,0,0,,0,,"PALM DR","PARK LN",375.00,S,N,A,-,N,,,,,,,,,,N,2,0,1,2,A,-,00,21954,,F,G,B,D,A,H,-,D,D,0,Y,,,,Y,Y,N,60,1,0,0,0,1,0,0,0,0,"- ","- ",,,RIVERSIDE,"DESERT HOT SPRINGS",-116.50142669677734,33.942173004150391
8908181,2019,2019-08-01,3315,2019-07-02,2124,002628,14D,2,5,6,3315,0,0,0,,0,004,"LINCOLN AV","MOUNTAIN GATE DR",0.00,,Y,A,-,N,,,,,,,,,,,2,0,1,2,A,-,03,22350,,N,G,B,B,A,H,-,C,A,0,Y,,,,Y,,A,01,1,0,0,0,1,0,0,0,0,"- ","- ",33.838001251220703,-117.58399963378906,RIVERSIDE,CORONA,-117.58477020263672,33.838420867919922
8909285,2019,2019-08-09,3300,2019-07-22,1745,N1051,24C2,1,5,3,3317,0,0,0,,0,S304,"BOB HOPE DR","GINGER ROGERS",166.00,N,N,A,-,N,,,,,,,,,,Y,2,0,1,1,A,-,07,21658,A,N,E,J,A,A,H,-,A,A,0,,,,,Y,,D,22,1,0,0,0,0,0,0,0,0,"- ","- ",,,RIVERSIDE,"RANCHO MIRAGE",-116.40602874755859,33.794876098632812
8910874,2019,2020-03-24,3300,2019-07-20,1238,2744,001M,6,5,6,3345,0,0,0,,0,014,"LIMONITE AV","AVENUE JUAN BAUTISTA",322.00,W,N,A,-,N,,,,,,,,,,Y,1,1,1,1,A,-,08,22107,,N,E,I,A,A,H,-,A,D,0,,,,,Y,,-,,0,1,0,0,0,0,0,0,0,"- ","- ",33.982688903808594,-117.43286895751953,RIVERSIDE,"JURUPA VALLEY",-117.43457794189453,33.984062194824219
8910895,2020,2022-06-11,3309,2020-02-08,2341,326,3309,6,5,4,3309,0,0,0,,0,001,"JACKSON ST","RT 111",13.00,N,N,A,-,N,,,,,,,,,,Y,1,1,1,3,A,-,01,23153,A,F,G,B,B,A,H,-,C,A,0,Y,,,,Y,Y,A,07,0,0,1,1,1,0,0,0,0,"- ","- ",,,RIVERSIDE,INDIO,-116.21616363525391,33.714920043945312
8910964,2019,2020-04-16,3300,2019-01-27,0428,5129,507E,7,5,5,3341,0,0,0,,0,057,"DOMENIGONI PKWY","LINDENBERGER RD",940.00,E,N,A,-,N,,,,,,,,,,Y,1,1,0,1,A,-,01,23153,A,N,E,I,A,A,H,-,D,D,0,,,,,Y,Y,A,07,0,0,0,0,0,0,0,0,0,"- ","- ",33.68682861328125,-117.14517211914062,RIVERSIDE,MENIFEE,-117.14079284667969,33.692424774169922
8910983,2019,2021-05-24,3342,2019-11-17,1657,505,800,7,5,4,3342,0,0,0,,0,009,"WINCHESTER RD","BRIGGS RD",226.00,S,N,A,-,Y,RIV,8,79,-,M,7.460,H,-,S,Y,1,1,0,2,A,-,11,21954,A,N,G,B,E,A,H,-,B,A,0,Y,,,,Y,Y,N,60,0,0,0,1,0,0,0,0,0,"- ","- ",33.589511871337891,-117.12635040283203,RIVERSIDE,MURRIETA,-117.12713623046875,33.589862823486328
8910992,2019,2020-05-05,3300,2019-07-23,2207,3552,916B,2,5,4,3312,0,0,0,,0,032,"CATAMARAN WY","WILSON AV",147.00,E,N,A,-,N,,,,,,,,,,N,1,1,0,1,C,-,18,,,N,H,A,A,A,H,-,C,D,0,,,,,Y,Y,-,"- ",0,0,0,0,0,0,0,0,0,"- ","- ",33.80255126953125,-117.21304321289062,RIVERSIDE,PERRIS,-117.21254730224609,33.802589416503906
8911021,2020,2022-06-13,3315,2020-01-09,2149,001226,11E,4,5,6,3315,0,0,0,,0,002,"MCKINLEY ST","ESTELLE ST",0.00,,Y,A,-,N,,,,,,,,,,N,1,1,0,2,A,-,11,21954,A,N,G,B,D,A,H,-,C,A,0,Y,,,,Y,Y,N,60,0,0,0,1,0,0,0,0,0,"- ","- ",33.882900238037109,-117.51509857177734,RIVERSIDE,CORONA,-117.51506042480469,33.882888793945312
8911066,2020,2022-06-18,3300,2020-01-11,0907,4323,910N,6,5,5,3335,0,0,0,,0,064,"DE PORTOLA RD","CALLE RIVAS",471.00,W,N,A,-,N,,,,,,,,,,Y,1,1,3,1,A,-,01,23152,B,N,E,I,A,A,H,-,A,A,0,,,,,Y,Y,D,22,0,3,0,0,0,0,0,0,0,"- ","- ",,,RIVERSIDE,TEMECULA,-117.09911346435547,33.486637115478516
8911129,2020,2020-06-09,3325,2020-01-27,1942,2715,,1,5,4,3325,0,0,0,,0,003,"RAMON RD","AVENIDA EL MUNDO",121.00,W,N,A,-,N,,,,,,,,,,N,1,1,0,2,A,-,11,21954,A,N,G,B,D,A,H,-,C,D,0,Y,,,,Y,Y,A,07,0,0,0,1,0,0,0,0,0,"- ","- ",,,RIVERSIDE,"CATHEDRAL CITY",-116.46962738037109,33.81597900390625
8911138,2020,2022-06-18,3313,2020-03-10,2215,1990,4,2,5,7,3313,0,0,0,,0,3R48,"VAN BUREN BL","VICTORIA AV",357.00,N,N,B,-,N,,,,,,,,,,Y,1,1,0,2,A,-,11,21956,A,N,G,B,D,B,H,-,C,D,0,Y,,,,Y,,N,60,0,0,0,1,0,0,0,0,0,"- ","- ",33.904758453369141,-117.43366241455078,RIVERSIDE,RIVERSIDE,-117.43456268310547,33.905586242675781