CASE_ID,ACCIDENT_YEAR,PROC_DATE,JURIS,COLLISION_DATE,COLLISION_TIME,OFFICER_ID,REPORTING_DISTRICT,DAY_OF_WEEK,CHP_SHIFT,POPULATION,CNTY_CITY_LOC,SPECIAL_COND,BEAT_TYPE,CHP_BEAT_TYPE,CITY_DIVISION_LAPD,CHP_BEAT_CLASS,BEAT_NUMBER,PRIMARY_RD,SECONDARY_RD,DISTANCE,DIRECTION,INTERSECTION,WEATHER_1,WEATHER_2,STATE_HWY_IND,CALTRANS_COUNTY,CALTRANS_DISTRICT,STATE_ROUTE,ROUTE_SUFFIX,POSTMILE_PREFIX,POSTMILE,LOCATION_TYPE,RAMP_INTERSECTION,SIDE_OF_HWY,TOW_AWAY,COLLISION_SEVERITY,NUMBER_KILLED,NUMBER_INJURED,PARTY_COUNT,PRIMARY_COLL_FACTOR,PCF_CODE_OF_VIOL,PCF_VIOL_CATEGORY,PCF_VIOLATION,PCF_VIOL_SUBSECTION,HIT_AND_RUN,TYPE_OF_COLLISION,MVIW,PED_ACTION,ROAD_SURFACE,ROAD_COND_1,ROAD_COND_2,LIGHTING,CONTROL_DEVICE,CHP_ROAD_TYPE,PEDESTRIAN_ACCIDENT,BICYCLE_ACCIDENT,MOTORCYCLE_ACCIDENT,TRUCK_ACCIDENT,NOT_PRIVATE_PROPERTY,ALCOHOL_INVOLVED,STWD_VEHTYPE_AT_FAULT,CHP_VEHTYPE_AT_FAULT,COUNT_SEVERE_INJ,COUNT_VISIBLE_INJ,COUNT_COMPLAINT_PAIN,COUNT_PED_KILLED,COUNT_PED_INJURED,COUNT_BICYCLIST_KILLED,COUNT_BICYCLIST_INJURED,COUNT_MC_KILLED,COUNT_MC_INJURED,PRIMARY_RAMP,SECONDARY_RAMP,LATITUDE,LONGITUDE,COUNTY,CITY,POINT_X,POINT_Y
8911148,2020,2020-06-09,3311,2020-04-14,1605,15842,,2,5,4,3311,0,0,0,,0,004,"GENE AUTRY TRL","VIA ESCUELA",22.00,S,N,A,-,N,,,,,,,,,,Y,1,1,0,2,A,-,09,21453,B,N,D,G,A,A,H,-,A,A,0,,Y,,Y,Y,,L,04,0,0,0,0,0,1,0,0,0,"- ","- ",33.847988128662109,-116.50605773925781,RIVERSIDE,"PALM SPRINGS",-116.50588226318359,33.84844970703125
8911292,2020,2022-07-05,3300,2020-05-06,2223,3552,504A,3,5,5,3341,0,0,0,,0,054,"MCCALL BL","SUN CITY BL",0.00,,Y,A,-,N,,,,,,,,,,Y,1,1,0,1,A,-,08,22107,,N,E,I,A,A,H,-,C,A,0,,,,,Y,,A,01,0,0,0,0,0,0,0,0,0,"- ","- ",33.715179443359375,-117.19397735595703,RIVERSIDE,MENIFEE,-117.19406127929688,33.715301513671875
8911318,2020,2022-06-11,3313,2020-06-28,1633,1989,4,7,5,7,3313,0,0,0,,0,T43,"VICTORIA AV","JOHN ST",625.00,W,N,A,-,N,,,,,,,,,,Y,1,1,0,1,A,-,01,23152,A,N,E,J,A,A,H,-,A,D,0,,,Y,,Y,Y,C,02,0,0,0,0,0,0,0,1,0,"- ","- ",33.898540496826172,-117.44486999511719,RIVERSIDE,RIVERSIDE,-117.44649505615234,33.897403717041016
8911336,2020,2022-06-13,3306,2020-02-22,0440,134,3306,6,5,3,3306,0,0,0,,0,,"PALM DR","DILLON RD",4707.00,S,N,A,-,N,,,,,,,,,,Y,1,1,0,2,A,-,11,21954,A,N,G,B,E,A,H,-,D,D,0,Y,,,,Y,Y,N,60,0,0,0,1,0,0,0,0,0,"- ","- ",,,RIVERSIDE,"DESERT HOT SPRINGS",-116.50167083740234,33.912086486816406
8911346,2020,2022-06-13,3301,2020-05-19,1543,U291,28,2,5,4,3301,0,0,0,,0,003,"N SUNSET","WILSON ST",3582.00,N,N,A,-,N,,,,,,,,,,N,1,1,0,1,A,-,08,22107,,N,F,J,A,A,H,-,A,D,0,,,,,Y,Y,D,22,0,0,0,0,0,0,0,0,0,"- ","- ",33.932491302490234,-116.91181182861328,RIVERSIDE,BANNING,-116.91046905517578,33.941780090332031
8911384,2020,2022-06-13,3300,2020-05-18,0210,4097,001,1,5,6,3345,0,0,0,,0,014,"MISSION BELLS ST","GOLDEN WEST",650.00,W,N,A,-,N,,,,,,,,,,Y,1,1,0,2,A,-,01,23153,B,N,G,B,E,A,H,-,C,A,0,Y,,,,Y,Y,A,01,0,0,0,1,0,0,0,0,0,"- ","- ",,,RIVERSIDE,"JURUPA VALLEY",-117.43122100830078,34.009349822998047
8911386,2020,2022-06-18,3313,2020-06-12,1410,1831,4,5,5,7,3313,0,0,0,,0,T45,"ARLINGTON AV","MAGNOLIA AV",0.00,,Y,A,-,N,,,,,,,,,,Y,1,1,3,2,A,-,09,21453,C,N,A,C,A,A,H,-,A,A,0,,,,,Y,,A,01,3,0,0,0,0,0,0,0,0,"- ","- ",33.946380615234375,-117.40103912353516,RIVERSIDE,RIVERSIDE,-117.40110015869141,33.946231842041016
8911387,2020,2020-08-07,3308,2020-06-14,1414,10746,545,7,5,5,3308,0,0,0,,0,SOUTH,"STETSON AV","KIRBY ST",17.00,W,N,A,-,N,,,,,,,,,,N,1,1,0,2,A,-,11,21461,5,N,G,B,B,A,H,-,A,A,0,Y,,,,Y,,N,60,0,0,0,1,0,0,0,0,0,"- ","- ",33.729301452636719,-116.99765014648438,RIVERSIDE,HEMET,-116.99773406982422,33.729351043701172
8911388,2020,2022-06-13,3300,2020-06-26,2355,4516,Y84,5,5,3,3305,0,0,0,,0,Y84,"GRAPEFRUIT BL","LEOCO LN",930.00,N,N,A,-,N,,,,,,,,,,N,1,1,0,2,A,-,03,22350,,F,G,B,E,A,H,-,D,D,0,Y,,,,Y,Y,-,99,0,0,0,1,0,0,0,0,0,"- ","- ",33.685630798339844,-116.17881774902344,RIVERSIDE,COACHELLA,-116.17906188964844,33.685791015625
8911415,2020,2020-08-12,3300,2020-04-23,0652,3988,002O,4,5,6,3345,0,0,0,,0,024,"LIMONITE AV","CAMINO REAL",1500.00,E,N,A,-,N,,,,,,,,,,Y,1,1,2,4,A,-,08,22107,,N,G,B,E,A,H,-,A,D,0,Y,,,Y,Y,,A,01,0,1,1,1,1,0,0,0,0,"- ","- ",33.978481292724609,-117.45166778564453,RIVERSIDE,"JURUPA VALLEY",-117.44683074951172,33.978958129882812
8911443,2020,2022-06-13,3306,2020-04-25,1226,140,INDIO,6,5,3,3306,0,0,0,,0,,"RT 62","PIERSON BL",0.00,,Y,A,-,Y,RIV,8,62,-,R,3.344,I,5,E,Y,1,1,1,2,A,-,09,21804,A,N,D,C,A,A,H,-,A,A,0,,,Y,,Y,,A,01,1,0,0,0,0,0,0,1,0,"- ","- ",,,RIVERSIDE,"DESERT HOT SPRINGS",-116.59049224853516,33.961269378662109
8911516,2020,2022-06-13,3300,2020-05-14,2110,N4187,500A,4,5,5,3341,0,0,0,,0,050,"CASSANDRA DR","MOUNTAIN VIEW PL",396.00,E,N,A,-,N,,,,,,,,,,Y,1,1,1,2,A,-,17,21657,,N,A,C,A,A,H,-,C,D,0,,,Y,,Y,Y,C,06,0,1,0,0,0,0,0,1,1,"- ","- ",33.70465087890625,-117.24945831298828,RIVERSIDE,MENIFEE,-117.24805450439453,33.704296112060547
8911517,2020,2022-06-13,3300,2020-05-23,2025,3343,001B1,6,5,6,3345,0,0,0,,0,010,"RUBIDOUX BL","PRODUCTION CIR",150.00,N,N,A,-,N,,,,,,,,,,N,1,1,0,2,A,-,11,21955,,F,G,B,D,A,H,-,D,D,0,Y,,,,Y,,N,60,0,0,0,1,0,0,0,0,0,"- ","- ",34.021759033203125,-117.38873291015625,RIVERSIDE,"JURUPA VALLEY",-117.3900146484375,34.024200439453125
8911541,2019,2021-05-28,3306,2019-09-12,1226,,,4,5,3,3306,0,0,0,,0,,"PALM DR","PIERSON BL",0.00,,Y,A,-,N,,,,,,,,,,Y,1,1,1,2,A,-,01,23152,F,F,D,C,A,A,H,-,A,A,0,,,,,Y,,A,07,1,0,0,0,0,0,0,0,0,"- ","- ",33.961391448974609,-116.5013427734375,RIVERSIDE,"DESERT HOT SPRINGS",-116.50132751464844,33.961471557617188
8911587,2020,2020-09-22,3308,2020-05-12,2016,10597,295,2,5,5,3308,0,0,0,,0,NORTH,"KIRBY ST","FRUITVALE AV",192.00,S,N,A,-,N,,,,,,,,,,Y,1,1,1,1,A,-,08,22107,,N,E,I,A,A,H,-,C,A,0,,,,,Y,,A,01,0,1,0,0,0,0,0,0,0,"- ","- ",33.762031555175781,-116.99787139892578,RIVERSIDE,HEMET,-116.99793243408203,33.761363983154297
8911612,2020,2020-09-23,3300,2020-06-18,1005,407,901,4,5,4,3310,0,0,0,,0,051,"HAMNER AV","3RD ST",186.00,N,N,-,-,N,,,,,,,,,,N,1,1,2,3,A,-,01,23152,F,N,C,C,A,A,H,-,A,A,0,,,Y,,Y,,C,02,0,0,2,0,0,0,0,1,0,"- ","- ",33.916698455810547,-117.56015014648438,RIVERSIDE,NORCO,-117.55996704101562,33.917106628417969
8911613,2020,2022-07-05,3300,2020-06-11,0831,3343,002X,4,5,6,3345,0,0,0,,0,020,"MISSION BL","HUNTER ST",590.00,W,N,A,-,N,,,,,,,,,,N,1,1,0,2,A,-,06,21760,C,F,C,G,A,A,H,-,C,D,0,,Y,,,Y,,L,04,0,0,0,0,0,1,0,0,0,"- ","- ",34.01068115234375,-117.48854064941406,RIVERSIDE,"JURUPA VALLEY",-117.49154663085938,34.01171875
8911619,2019,2021-05-25,3300,2019-04-29,2010,4211,30B3,1,5,4,3318,0,0,0,,0,MO877,"TOWN CENTER WY","HAHN RD",390.00,N,N,A,-,N,,,,,,,,,,N,1,1,0,2,A,-,11,21954,A,N,G,B,D,A,H,-,C,A,0,Y,,,,Y,,N,60,0,0,0,1,0,0,0,0,0,"- ","- ",33.724880218505859,-116.39833068847656,RIVERSIDE,"PALM DESERT",-116.39836883544922,33.726215362548828
8911626,2019,2021-05-24,3301,2019-11-11,1918,U453,2,1,5,4,3301,0,0,0,,0,002,"W RAMSEY","W RAMSEY 1323",0.00,,-,A,-,N,,,,,,,,,,Y,1,1,2,2,A,-,09,21804,A,N,D,C,A,A,H,-,C,D,0,,,,,Y,Y,A,01,1,1,0,0,0,0,0,0,0,"- ","- ",33.925960540771484,-116.89108276367188,RIVERSIDE,BANNING,-116.891119,33.925415000000001
8911627,2019,2021-05-24,3301,2019-11-23,1651,U476,2,6,5,4,3301,0,0,0,,0,001,"RAMSEY ST","16TH ST",230.00,E,N,A,-,N,,,,,,,,,,N,1,1,0,2,A,-,11,21954,A,F,G,B,D,A,H,-,B,D,0,Y,,,,Y,Y,N,60,0,0,0,1,0,0,0,0,0,"- ","- ",33.925868988037109,-116.89360809326172,RIVERSIDE,BANNING,-116.8935546875,33.9254150390625
8911676,2020,2022-06-11,3300,2020-06-15,1850,3552,916B,1,5,4,3312,0,0,0,,0,032,"EVANS RD","LEMON AV",0.00,,Y,A,-,N,,,,,,,,,,Y,1,1,1,2,A,-,09,21802,A,N,D,C,A,A,H,-,A,A,0,,,Y,,Y,,A,01,0,1,0,0,0,0,0,1,0,"- ","- ",33.812030792236328,-117.19995880126953,RIVERSIDE,PERRIS,-117.19992000000001,33.812049999999999
8911840,2020,2020-12-01,3309,2020-09-23,0304,443,3309,3,5,4,3309,0,0,0,,0,002,"AVE 44","KING ST",77.00,E,N,A,-,N,,,,,,,,,,Y,1,1,0,2,A,-,11,21954,A,N,G,B,D,A,H,-,C,A,0,Y,,,,Y,,N,60,0,0,0,1,0,0,0,0,0,"- ","- ",,,RIVERSIDE,INDIO,-116.22257995605469,33.72943115234375
8911842,2020,2022-06-13,3309,2020-10-16,1604,443,3309,5,5,4,3309,0,0,0,,0,004,"AVE 49","HJORTH ST",100.00,W,N,A,-,N,,,,,,,,,,Y,1,1,0,1,A,-,08,22107,,N,E,I,A,A,H,-,A,A,0,,,,,Y,,D,22,0,0,0,0,0,0,0,0,0,"- ","- ",,,RIVERSIDE,INDIO,-116.24730682373047,33.692699432373047
8911854,2020,2022-06-13,3311,2020-10-21,0939,15951,,3,5,4,3311,0,0,0,,0,006,"RAMON RD","VELLA RD",0.00,,Y,A,-,N,,,,,,,,,,Y,1,1,2,3,A,-,01,23153,,N,D,C,A,A,H,-,A,A,0,,,,,Y,,D,22,0,1,1,0,0,0,0,0,0,"- ","- ",33.815509796142578,-116.49784851074219,RIVERSIDE,"PALM SPRINGS",-116.49736785888672,33.815841674804688
8911873,2020,2022-06-11,3300,2020-10-03,0718,4323,910H,6,5,5,3335,0,0,0,,0,063,"MARGARITA RD","PASEO BRILLANTE",0.00,,Y,A,-,N,,,,,,,,,,Y,1,1,0,2,A,-,09,21804,A,N,D,G,A,A,H,-,A,A,0,,Y,,,Y,,L,04,0,0,0,0,0,1,0,0,0,"- ","- ",,,RIVERSIDE,TEMECULA,-117.14276123046875,33.511638641357422
8911889,2020,2020-12-16,3300,2020-09-21,1910,3613,916B,1,5,4,3312,0,0,0,,0,032,"PERRIS BL","AVOCADO AV",600.00,N,N,A,-,N,,,,,,,,,,N,1,1,0,2,A,-,11,21954,A,N,G,B,E,A,H,-,D,D,0,Y,,,,Y,Y,N,60,0,0,0,1,0,0,0,0,0,"- ","- ",33.81024169921875,-117.22604370117188,RIVERSIDE,PERRIS,-117.22608947753906,33.811855316162109
8911909,2019,2021-05-24,3301,2019-12-08,1735,U363,,7,5,4,3301,0,0,0,,0,003,"W RAMEY","APEX AV",0.00,E,N,C,-,N,,,,,,,,,,Y,1,1,1,2,A,-,01,23153,A,F,G,B,E,B,H,-,C,D,0,Y,,,,Y,Y,A,01,0,1,0,1,0,0,0,0,0,"- ","- ",33.92919921875,-116.93813323974609,RIVERSIDE,BANNING,-116.93813323974609,33.929061889648438
8911984,2020,2022-06-18,3313,2020-11-06,2320,1959,2,5,5,7,3313,0,0,0,,0,1R23,"3RD ST","COMMERCE ST",220.00,E,N,C,-,N,,,,,,,,,,Y,1,2,0,1,A,-,01,23152,B,N,E,I,A,B,H,-,C,D,0,,,,,Y,Y,A,01,0,0,0,0,0,0,0,0,0,"- ","- ",33.983409881591797,-117.36370086669922,RIVERSIDE,RIVERSIDE,-117.36383056640625,33.983341217041016
8911992,2020,2022-06-13,3308,2020-12-12,0349,10470,515,6,5,5,3308,0,0,0,,0,SOUTH,"FLORIDA AV","KIRBY ST",39.00,W,N,A,-,Y,RIV,8,74,-,-,38.970,H,-,E,Y,1,2,2,2,A,-,03,22350,,N,C,C,A,A,H,-,C,A,0,,,,,Y,Y,A,01,1,0,1,0,0,0,0,0,0,"- ","- ",33.74755859375,-116.99784088134766,RIVERSIDE,HEMET,-116.99810028076172,33.747333526611328
8912269,2019,2019-08-21,3300,2019-07-24,1805,3613,509D,3,5,5,3341,0,0,0,,0,059,"SCOTT RD","MERRITT RD",0.00,,Y,A,-,N,,,,,,,,,,Y,2,0,1,2,A,-,03,22350,,N,B,C,A,A,H,-,A,A,0,,,Y,,Y,,C,02,1,0,0,0,0,0,0,0,1,"- ","- ",33.641399383544922,-117.12605285644531,RIVERSIDE,MENIFEE,-117.12608337402344,33.641559600830078
8913321,2019,2019-08-15,3300,2019-06-09,0610,3774,604E5,7,5,6,3394,0,0,0,,0,MV46,"GILMAN SPRINGS RD","VIRGINIA ST",444.00,N,N,A,-,N,,,,,,,,,,Y,2,0,2,2,A,-,01,23152,A,N,A,C,A,A,H,-,A,D,0,,,,,Y,Y,A,01,1,1,0,0,0,0,0,0,0,"- ","- ",33.928638458251953,-117.12127685546875,RIVERSIDE,"MORENO VALLEY",-117.12220001220703,33.929515838623047
8915247,2019,2019-08-12,3300,2019-06-08,0124,4153,910E,6,5,5,3335,0,0,0,,0,061,"RANCHO CALIFORNIA RD","OLD TOWN FRONT ST",0.00,,Y,A,-,N,,,,,,,,,,Y,2,0,1,2,A,-,01,23152,B,F,G,B,B,A,H,-,C,A,0,Y,,,,Y,Y,A,01,1,0,0,0,1,0,0,0,0,"- ","- ",33.499130249023438,-117.15402984619141,RIVERSIDE,TEMECULA,-117.15386962890625,33.499149322509766
8916791,2019,2019-08-19,3309,2019-06-23,1053,247,3309,7,5,4,3309,0,0,0,,0,004,"MONROE ST","DOCTOR CARREON BL",0.00,,Y,A,-,N,,,,,,,,,,Y,2,0,2,2,A,-,12,21453,A,N,D,C,A,A,H,-,A,A,0,,,,,Y,,A,01,1,1,0,0,0,0,0,0,0,"- ","- ",,,RIVERSIDE,INDIO,-116.23387145996094,33.707401275634766
8924042,2019,2019-11-13,3300,2019-06-26,1757,4024,905L,3,5,4,3307,0,0,0,,0,093,"RIVERSIDE DR","JOY ST",370.00,W,N,A,-,Y,RIV,8,74,-,-,13.720,H,-,W,Y,2,0,1,2,A,-,06,21755,,N,D,C,A,A,H,-,A,D,0,,,Y,,Y,,C,02,1,0,0,0,0,0,0,0,1,"- ","- ",33.679950714111328,-117.37074279785156,RIVERSIDE,"LAKE ELSINORE",-117.37155151367188,33.679058074951172
8924446,2019,2019-10-28,3313,2019-08-01,0105,1949,5,4,5,7,3313,0,0,0,,0,1R53,"LA SIERRA AV","CAMPBELL AV",19.00,N,N,-,-,N,,,,,,,,,,,2,0,1,2,A,-,12,21453,A,N,D,C,A,A,H,-,C,D,0,,,Y,,Y,,C,02,1,0,0,0,0,0,0,0,1,"- ","- ",33.932491302490234,-117.49550628662109,RIVERSIDE,RIVERSIDE,-117.49556732177734,33.932418823242188
8924579,2019,2019-11-26,3313,2019-07-13,1930,1916,1,6,5,7,3313,0,0,0,,0,3R10,"LOCUST ST","3RD ST",0.00,,Y,A,-,N,,,,,,,,,,,2,0,1,2,A,-,05,21650,A,N,F,B,D,A,H,-,A,D,0,Y,,,,Y,,A,01,1,0,0,0,1,0,0,0,0,"- ","- ",,,RIVERSIDE,RIVERSIDE,-117.37706756591797,33.989521026611328
8931813,2019,2019-12-17,3308,2019-07-06,2221,10741,515,6,5,5,3308,0,0,0,,0,SOUTH,"FLORIDA AV","LYON AV",33.00,E,N,A,-,Y,RIV,8,74,-,-,39.600,H,-,W,Y,2,0,1,1,A,-,08,22107,,N,E,I,A,A,H,-,C,A,0,,,,,Y,Y,D,22,1,0,0,0,0,0,0,0,0,"- ","- ",33.747539520263672,-116.98918151855469,RIVERSIDE,HEMET,-116.98891448974609,33.747505187988281
8934642,2019,2019-12-11,3313,2019-07-03,2245,1736,4,3,5,7,3313,0,0,0,,0,1R47,"JACKSON ST","COLORADO AV",0.00,,Y,A,-,N,,,,,,,,,,N,2,0,4,3,A,-,01,23152,G,N,D,E,A,A,H,-,C,A,0,,,,,Y,Y,A,01,1,0,3,0,0,0,0,0,0,"- ","- ",33.937049865722656,-117.44921112060547,RIVERSIDE,RIVERSIDE,-117.44930267333984,33.936969757080078
8935408,2019,2019-09-27,3300,2019-08-05,1525,3481,920A,1,5,4,3314,0,0,0,,0,070,"RAMONA EXPWY","SANDERSON AV E",475.00,E,N,A,-,N,,,,,,,,,,Y,2,0,2,2,A,-,08,22100,A,N,C,C,A,A,H,-,A,D,0,,,,Y,Y,,F,27,1,1,0,0,0,0,0,0,0,"- ","- ",33.823711395263672,-117.00298309326172,RIVERSIDE,"SAN JACINTO",-117.00208282470703,33.823345184326172
8938153,2019,2019-09-23,3300,2019-07-27,1356,3995,80A7,6,5,3,3305,0,0,0,,0,Y80,"REDONDO NORTE","REDONDO ESTE",0.00,,Y,A,-,N,,,,,,,,,,N,2,0,1,1,A,-,08,22107,,N,F,A,A,A,H,-,A,D,0,,,,,Y,,A,42,1,0,0,0,0,0,0,0,0,"- ","- ",33.687679290771484,-116.19096374511719,RIVERSIDE,COACHELLA,-116.19109344482422,33.687820434570312
8938965,2019,2020-01-27,3311,2019-08-28,1845,16210,,3,5,4,3311,0,0,0,,0,004,"RT 111","VISTA CHINO",0.00,,Y,A,-,Y,RIV,8,111,-,T,47.795,I,6,S,Y,2,0,2,1,A,-,07,21658,A,N,E,I,A,A,H,-,B,A,0,,,,,Y,,A,01,1,1,0,0,0,0,0,0,0,"- ","- ",33.844959259033203,-116.50581359863281,RIVERSIDE,"PALM SPRINGS",-116.49493408203125,33.793300628662109
8939066,2018,2019-10-17,3300,2018-12-29,1850,4097,001,6,5,6,3345,0,0,0,,0,010,"HALL AV","BELL AV",250.00,S,N,A,-,N,,,,,,,,,,N,1,1,1,3,A,-,10,21950,A,F,G,B,C,A,H,-,C,D,0,Y,,,,Y,Y,-,99,0,1,0,1,1,0,0,0,0,"- ","- ",34.011600494384766,-117.38735198974609,RIVERSIDE,"JURUPA VALLEY",-117.38779449462891,34.011272430419922
8939067,2018,2019-10-17,3300,2018-09-15,0953,4050,001M,6,5,6,3345,0,0,0,,0,016,"LIMONITE AV","PACIFIC AV",470.00,W,N,A,-,N,,,,,,,,,,Y,1,1,5,3,A,-,08,22107,,N,A,C,A,A,H,-,A,D,0,,,,,Y,,A,01,0,0,5,0,0,0,0,0,0,"- ","- ",33.991279602050781,-117.42513275146484,RIVERSIDE,"JURUPA VALLEY",-117.42594909667969,33.990264892578125
8939101,2019,2021-05-28,3313,2019-08-19,2026,1933,4,1,5,7,3313,0,0,0,,0,3R42,"INDIANA AV","JACKSON ST",0.00,,Y,A,-,N,,,,,,,,,,N,1,1,0,2,A,-,11,21954,A,F,G,B,D,A,H,-,C,D,0,Y,,,,Y,,N,60,0,0,0,1,0,0,0,0,0,"- ","- ",33.918228149414062,-117.40419006347656,RIVERSIDE,RIVERSIDE,-117.43402862548828,33.918331146240234
8939109,2018,2019-10-29,3313,2018-01-02,1751,1499,3,2,5,7,3313,0,0,0,,0,T42,"ARLINGTON AV","DIVISION ST",14.00,E,N,A,-,N,,,,,,,,,,Y,1,1,1,2,A,-,09,21801,A,N,D,C,A,A,H,-,C,A,0,,,Y,,Y,,A,01,0,0,1,0,0,0,0,1,0,"- ","- ",33.94635009765625,-117.38095855712891,RIVERSIDE,RIVERSIDE,-117.38095092773438,33.946399688720703
8939141,2018,2020-05-21,3300,2018-05-17,0920,N6158,20C4,4,5,3,3317,0,0,0,,0,020,"RT 111","INDIAN TRAIL RD",5.00,W,N,A,-,N,,,,,,,,,,Y,1,1,0,1,A,-,07,21658,A,N,E,I,A,A,H,-,A,A,0,,,,,Y,,A,01,0,0,0,0,0,0,0,0,0,"- ","- ",,,RIVERSIDE,"RANCHO MIRAGE",-116.41596221923828,33.745059967041016
8939142,2018,2020-05-22,3300,2018-10-27,2340,4649,905D,6,5,4,3307,0,0,0,,0,091,"MISSION TRL","SYLVESTER RD",0.00,,Y,A,-,N,,,,,,,,,,Y,1,1,0,2,A,-,11,21954,A,N,G,B,D,A,H,-,D,D,0,Y,,,,Y,,N,60,0,0,0,1,0,0,0,0,0,"- ","- ",33.650581359863281,-117.29557800292969,RIVERSIDE,"LAKE ELSINORE",-117.29563140869141,33.650661468505859
8939144,2019,2019-11-15,3313,2019-07-23,2210,1916,5,2,5,7,3313,0,0,0,,0,3R48,"INDIANA AV","VAN BUREN BL",0.00,,Y,-,-,N,,,,,,,,,,N,1,1,0,2,A,-,11,21456,B,N,G,B,B,A,H,-,E,A,0,Y,,,,Y,,N,60,0,0,0,1,0,0,0,0,0,"- ","- ",33.914089202880859,-117.44185638427734,RIVERSIDE,RIVERSIDE,-117.44149780273438,33.914058685302734
8939155,2019,2019-11-15,3313,2019-10-15,1248,1736,1,2,5,7,3313,0,0,0,,0,T49,"CHICAGO AV","SPRUCE ST",603.00,S,N,A,-,N,,,,,,,,,,Y,1,1,0,1,A,-,08,22107,,N,E,I,A,A,H,-,A,D,0,,,,,Y,,A,01,0,0,0,0,0,0,0,0,0,"- ","- ",33.990421295166016,-117.34853363037109,RIVERSIDE,RIVERSIDE,-117.34842681884766,33.988689422607422
8939170,2019,2019-11-21,3300,2019-05-05,1907,4867,601E1,7,5,6,3394,0,0,0,,0,MV16,"SKYLAND DR","HUBBARD ST",0.00,,Y,A,-,N,,,,,,,,,,N,1,1,0,1,A,-,01,23152,A,N,H,J,A,A,H,-,B,D,0,,,Y,,Y,Y,C,06,0,0,0,0,0,0,0,1,0,"- ","- ",33.957050323486328,-117.23078155517578,RIVERSIDE,"MORENO VALLEY",-117.23091125488281,33.95697021484375
8939171,2019,2021-05-20,3300,2019-07-18,1826,5059,604B4,4,5,6,3394,0,0,0,,0,042,"NASON ST","ALESSANDRO BL",0.00,,Y,A,-,N,,,,,,,,,,Y,1,1,3,3,A,-,03,22350,,N,C,C,A,A,H,-,A,A,0,,,,,Y,,A,01,0,2,1,0,0,0,0,0,0,"- ","- ",33.917339324951172,-117.1915283203125,RIVERSIDE,"MORENO VALLEY",-117.19155883789062,33.917350769042969
8939207,2019,2021-05-28,3311,2019-08-26,1641,15951,,1,5,4,3311,0,0,0,,0,001,"INDIAN CANYON DR N","TRAMVIEW RD",777.00,N,N,A,-,N,,,,,,,,,,N,1,2,2,5,C,-,18,,,N,C,C,A,A,H,-,A,D,0,,,,,Y,,-,"- ",1,0,1,0,0,0,0,0,0,"- ","- ",33.86669921875,-116.54546356201172,RIVERSIDE,"PALM SPRINGS",-116.54592895507812,33.866680145263672
8939243,2019,2021-05-28,3311,2019-10-21,2130,15951,,1,5,4,3311,0,0,0,,0,005,"SOUTH PALM CANYON DR","OCOTILLO AV",83.00,N,N,A,-,N,,,,,,,,,,N,1,1,0,2,A,-,03,22350,,F,H,G,A,A,H,-,C,D,0,,Y,,,Y,Y,A,01,0,0,0,0,0,1,0,0,0,"- ","- ",,,RIVERSIDE,"PALM SPRINGS",-116.54561614990234,33.806968688964844
8939330,2019,2021-05-28,3309,2019-08-23,2135,436,3309,5,5,4,3309,0,0,0,,0,001,"INDIO BL","RT 111",0.00,,Y,A,-,N,,,,,,,,,,Y,1,1,0,2,A,-,11,21954,A,N,A,B,E,A,H,-,C,A,0,Y,,,,Y,,N,60,0,0,0,1,0,0,0,0,0,"- ","- ",,,RIVERSIDE,INDIO,-116.20959000000001,33.716389999999997
8939333,2018,2019-10-22,3300,2018-11-30,1550,2764,38E3,5,5,4,3318,0,0,0,,0,MO875,"DESERT GREENS DR SOUTH","CHIMNEY FLATS DR",32.00,W,N,A,-,N,,,,,,,,,,Y,1,1,0,2,B,-,22,,,N,D,C,A,A,H,-,A,D,0,,,,,Y,,M,96,0,0,0,0,0,0,0,0,0,"- ","- ",,,RIVERSIDE,"PALM DESERT",-116.37734222412109,33.758419036865234
8939342,2019,2021-05-20,3300,2019-06-27,2234,4300,920E,4,5,4,3314,0,0,0,,0,072,"STATE ST","RAMONA BL",319.00,S,N,A,-,N,,,,,,,,,,Y,1,1,0,2,A,-,11,21954,A,N,G,B,D,A,H,-,C,D,0,Y,,,,Y,,N,60,0,0,0,1,0,0,0,0,0,"- ","- ",33.794368743896484,-116.97141265869141,RIVERSIDE,"SAN JACINTO",-116.97153472900391,33.793437957763672
8939347,2019,2021-05-20,3300,2019-07-31,2200,3701,43A2,3,5,3,3392,0,0,0,,0,LA43,"CALLE SINALOA","EISENHOWER DR",0.00,,Y,A,-,N,,,,,,,,,,Y,1,1,0,1,A,-,01,23152,A,N,E,I,A,A,H,-,C,A,0,,,,,Y,Y,A,01,0,0,0,0,0,0,0,0,0,"- ","- ",33.672439575195312,-116.30800628662109,RIVERSIDE,"LA QUINTA",-116.307924,33.672449999999998
8939373,2019,2021-04-21,3302,2019-07-19,1023,764,3302,5,5,3,3302,0,0,0,,0,003,"BEAUMONT AV","5TH ST",38.00,S,N,A,-,N,,,,,,,,,,Y,1,1,1,7,A,-,12,21453,A,N,G,B,F,A,H,-,A,A,0,Y,,,,Y,,A,01,0,0,1,1,0,0,0,0,0,"- ","- ",33.927871704101562,-116.97720336914062,RIVERSIDE,BEAUMONT,-116.9771728515625,33.927764892578125