CASE_ID,ACCIDENT_YEAR,PROC_DATE,JURIS,COLLISION_DATE,COLLISION_TIME,OFFICER_ID,REPORTING_DISTRICT,DAY_OF_WEEK,CHP_SHIFT,POPULATION,CNTY_CITY_LOC,SPECIAL_COND,BEAT_TYPE,CHP_BEAT_TYPE,CITY_DIVISION_LAPD,CHP_BEAT_CLASS,BEAT_NUMBER,PRIMARY_RD,SECONDARY_RD,DISTANCE,DIRECTION,INTERSECTION,WEATHER_1,WEATHER_2,STATE_HWY_IND,CALTRANS_COUNTY,CALTRANS_DISTRICT,STATE_ROUTE,ROUTE_SUFFIX,POSTMILE_PREFIX,POSTMILE,LOCATION_TYPE,RAMP_INTERSECTION,SIDE_OF_HWY,TOW_AWAY,COLLISION_SEVERITY,NUMBER_KILLED,NUMBER_INJURED,PARTY_COUNT,PRIMARY_COLL_FACTOR,PCF_CODE_OF_VIOL,PCF_VIOL_CATEGORY,PCF_VIOLATION,PCF_VIOL_SUBSECTION,HIT_AND_RUN,TYPE_OF_COLLISION,MVIW,PED_ACTION,ROAD_SURFACE,ROAD_COND_1,ROAD_COND_2,LIGHTING,CONTROL_DEVICE,CHP_ROAD_TYPE,PEDESTRIAN_ACCIDENT,BICYCLE_ACCIDENT,MOTORCYCLE_ACCIDENT,TRUCK_ACCIDENT,NOT_PRIVATE_PROPERTY,ALCOHOL_INVOLVED,STWD_VEHTYPE_AT_FAULT,CHP_VEHTYPE_AT_FAULT,COUNT_SEVERE_INJ,COUNT_VISIBLE_INJ,COUNT_COMPLAINT_PAIN,COUNT_PED_KILLED,COUNT_PED_INJURED,COUNT_BICYCLIST_KILLED,COUNT_BICYCLIST_INJURED,COUNT_MC_KILLED,COUNT_MC_INJURED,PRIMARY_RAMP,SECONDARY_RAMP,LATITUDE,LONGITUDE,COUNTY,CITY,POINT_X,POINT_Y
90848039,2018,2018-10-29,9655,2018-10-25,1728,018677,,4,2,9,3300,0,1,1,,2,206,"I-10 W/B","WHITEWATER CTF",1320.00,E,N,A,-,Y,,,10,,,,,,W,Y,2,0,2,2,A,-,03,22350,,N,C,C,A,A,H,-,B,D,0,,,,Y,Y,,A,08,2,0,0,0,0,0,0,0,0,"- ","- ",33.923141479492188,-116.63591766357422,RIVERSIDE,UNINCORPORATED,-116.63594055175781,33.923057556152344
90851164,2018,2018-11-01,9685,2018-10-27,2005,016096,,6,2,4,3307,0,2,4,,2,016,"GRAND AVE","SANGSTON ROAD",1.00,S,N,A,-,N,,,,,,,,,,N,2,0,1,2,A,-,11,21954,A,N,G,B,D,A,H,-,C,D,0,Y,,,,Y,,N,60,1,0,0,0,1,0,0,0,0,"- ","- ",33.653671264648438,-117.36879730224609,RIVERSIDE,"LAKE ELSINORE",-117.36866760253906,33.653858184814453
90852533,2018,2018-11-05,9840,2018-10-25,1825,021047,,4,2,9,3300,0,3,5,,2,004,"HARVILL AVE.","CAJALCO RD.",215.00,N,N,A,-,N,,,,,,,,,,Y,2,0,3,2,A,-,05,21460,A,N,A,C,A,A,H,-,C,D,0,,,,,Y,,A,01,2,0,1,0,0,0,0,0,0,"- ","- ",33.838348388671875,-117.25161743164062,RIVERSIDE,UNINCORPORATED,-117.2515869140625,33.838188171386719
90853391,2018,2018-11-08,9685,2018-10-03,0620,014267,,3,1,5,3341,0,1,1,,2,020,"INTERSTATE 215 (S/B)","SCOTT ROAD",6005.00,N,N,B,-,Y,,,215,,,,,,,Y,2,0,1,3,A,-,07,21658,A,N,B,C,A,A,H,-,B,D,0,,,,,Y,,A,01,1,0,0,0,0,0,0,0,0,"- ","- ",33.657131195068359,-117.17131042480469,RIVERSIDE,MENIFEE,-117.17128753662109,33.657131195068359
90854453,2018,2018-11-06,9840,2018-11-02,1746,021641,,5,2,7,3313,0,1,3,,2,021,"SR-91 W/B","MADISON ST",1500.00,E,N,A,-,Y,,,91,,,,,,W,Y,2,0,1,3,A,-,03,22350,,N,B,C,A,A,H,-,B,D,0,,,Y,,Y,,C,02,1,0,0,0,0,0,0,0,1,"- ","- ",33.938220977783203,-117.40057373046875,RIVERSIDE,RIVERSIDE,-117.40065002441406,33.938358306884766
9085461,2020,2020-05-07,3300,2020-01-26,0734,4060,012F,7,5,4,3344,0,0,0,,0,064,"RIVER RD","BARON DR N",123.00,E,N,B,-,N,,,,,,,,,,Y,2,0,1,1,A,-,01,23152,A,N,E,I,A,A,H,-,D,D,0,,,,,Y,Y,A,01,1,0,0,0,0,0,0,0,0,"- ","- ",33.931880950927734,-117.60424041748047,RIVERSIDE,EASTVALE,-117.59987640380859,33.927921295166016
90855578,2018,2018-11-07,9685,2018-10-29,1825,015757,,1,2,9,3300,0,3,5,,2,002,"ROBERTSON ST","NAUMAN AVE",365.00,W,N,A,-,N,,,,,,,,,,N,2,0,1,1,C,-,18,,,N,G,A,A,A,H,-,D,D,0,,,,,Y,,-,"- ",1,0,0,0,0,0,0,0,0,"- ","- ",33.741111755371094,-117.11518096923828,RIVERSIDE,UNINCORPORATED,-117.11514282226562,33.741035461425781
90855804,2018,2018-11-08,9840,2018-10-31,1600,015663,,3,2,6,3315,0,1,3,,2,031,"SR-91 E/B","MAIN ST",15.00,E,N,A,-,Y,,,91,,,,,,E,Y,2,0,1,2,A,-,03,22350,,N,C,C,A,A,H,-,A,D,0,,,Y,,Y,,C,02,1,0,0,0,0,0,0,0,1,"- ","- ",33.8797607421875,-117.56587219238281,RIVERSIDE,CORONA,-117.56584167480469,33.879993438720703
90855808,2018,2018-11-08,9840,2018-10-28,1205,018221,,7,1,7,3313,0,1,3,,2,020,"SR-91 W/B","LA SIERRA AVE.",20.00,W,N,A,-,Y,,,91,,,,,,W,Y,2,0,1,3,A,-,03,22350,,N,B,C,A,A,H,-,A,D,0,,,Y,,Y,,C,02,1,0,0,0,0,0,0,0,1,"- ","- ",33.899929046630859,-117.47341918945312,RIVERSIDE,RIVERSIDE,-117.47349548339844,33.900100708007812
90856541,2018,2018-11-08,9685,2018-11-06,1705,013925,,2,2,4,3342,0,1,1,,2,034,"INTERSTATE 215 NORTHBOUND","LINNEL LANE",750.00,N,N,A,-,Y,,,215,,,,,,N,Y,2,0,1,2,A,-,03,22350,,N,B,C,A,A,H,-,B,D,0,,,Y,,Y,,C,02,1,0,0,0,0,0,0,0,1,"- ","- ",33.607189178466797,-117.17134857177734,RIVERSIDE,MURRIETA,-117.17133331298828,33.607189178466797
90857747,2018,2018-11-12,9630,2018-11-03,1200,021162,,6,1,9,3300,0,1,3,,2,015,"SR-62 E/B","NORTH INDIAN CANYON DRIVE",3168.00,E,N,A,-,Y,,,62,,,,,,E,Y,2,0,1,1,A,-,08,22107,,N,E,I,A,A,H,-,A,D,0,,,Y,,Y,,C,02,1,0,0,0,0,0,0,0,1,"- ","- ",34.012119293212891,-116.57520294189453,RIVERSIDE,UNINCORPORATED,-116.57541656494141,34.012031555175781
90858520,2018,2018-11-13,9630,2018-11-03,1640,021796,,6,2,9,3300,0,2,S,,2,401,"DILLON RD","LANGLOIS RD",528.00,E,N,A,-,N,,,,,,,,,,Y,2,0,1,1,A,-,08,22107,,N,E,I,A,A,H,-,A,D,0,,,,,Y,,A,01,1,0,0,0,0,0,0,0,0,"- ","- ",33.925121307373047,-116.42945861816406,RIVERSIDE,UNINCORPORATED,-116.43003845214844,33.925052642822266
90858833,2018,2018-11-13,9685,2018-10-31,2315,14338,,3,3,9,3300,0,1,3,,1,012,SR-74,"MAZIE STREET",482.00,W,N,A,-,Y,,,74,,,,,,,Y,2,0,1,2,A,-,03,22350,,N,C,C,A,A,H,-,D,D,0,,,Y,,Y,,A,01,1,0,0,0,0,0,0,0,1,"- ","- ",33.726551055908203,-117.29225158691406,RIVERSIDE,UNINCORPORATED,-117.29220581054688,33.726531982421875
90862275,2018,2018-11-19,9840,2018-10-26,1548,021298,,5,2,9,3300,0,2,4,,2,043,"RAMONA EXPY","6TH ST",0.00,,Y,A,-,N,,,,,,,,,,Y,2,0,1,4,A,-,09,21801,A,N,A,C,A,A,H,-,A,D,0,,,,Y,Y,,D,22,1,0,0,0,0,0,0,0,0,"- ","- ",33.839801788330078,-117.10849761962891,RIVERSIDE,UNINCORPORATED,-117.10858154296875,33.839771270751953
90863730,2018,2018-11-20,9840,2018-10-23,0705,015789,,2,1,9,3300,0,3,5,,2,004,"VAN BUREN BLVD","KING AVE.",670.00,E,N,A,-,N,,,,,,,,,,Y,2,0,1,2,A,-,09,21804,A,N,D,C,A,A,H,-,A,D,0,,,Y,,Y,,A,01,1,0,0,0,0,0,0,0,1,"- ","- ",33.882400512695312,-117.36824035644531,RIVERSIDE,UNINCORPORATED,-117.36830139160156,33.882381439208984
90865714,2018,2018-11-23,9840,2018-11-02,2150,020262,,5,2,7,3313,0,1,3,,2,021,"SR-91 W/B","MADISON ST",25.00,W,N,A,-,Y,,,91,,,,,,W,Y,2,0,1,2,A,-,11,21954,A,N,G,B,E,A,H,-,D,D,0,Y,,,,Y,,N,60,1,0,0,0,1,0,0,0,0,"- ","- ",33.935760498046875,-117.40532684326172,RIVERSIDE,RIVERSIDE,-117.40529632568359,33.935699462890625
90865838,2018,2018-11-23,9840,2018-11-11,0404,019893,,7,3,6,3345,0,1,3,,2,010,"SR-60 W/B FROM MISSION BOULEVARD","MISSION BOULEVARD",632.00,W,N,A,-,Y,,,60,,,,R,,W,Y,2,0,2,2,A,-,01,23152,A,N,E,I,A,A,H,-,C,D,0,,,,,Y,Y,A,08,1,0,1,0,0,0,0,0,0,"- ","- ",34.018199920654297,-117.53262329101562,RIVERSIDE,"JURUPA VALLEY",-117.53262329101562,34.018199920654297
90865905,2018,2018-11-23,9840,2018-11-08,1800,015663,,4,2,4,3310,0,1,1,,2,011,"I-15 N/B","SIXTH ST",100.00,S,N,A,-,Y,,,15,,,,,,N,Y,2,0,1,2,A,-,08,22107,,N,B,C,A,A,D,-,D,D,0,,,,Y,Y,,A,01,1,0,0,0,0,0,0,0,0,"- ","- ",33.937511444091797,-117.55580902099609,RIVERSIDE,NORCO,-117.55580139160156,33.937511444091797
90866011,2018,2019-01-31,9840,2018-11-12,0500,019890,,1,3,9,3300,0,2,4,,2,045,"CAJALCO RD","EXTRAVAGANZA LN",532.00,E,N,A,-,N,,,,,,,,,,Y,2,0,2,2,A,-,05,21460,A,N,A,C,A,A,H,-,D,D,0,,,,,Y,Y,A,01,1,1,0,0,0,0,0,0,0,"- ","- ",33.836181640625,-117.34503173828125,RIVERSIDE,UNINCORPORATED,-117.34048461914062,33.836296081542969
90866194,2018,2018-11-26,9630,2018-11-11,0402,021882,,7,3,9,3300,0,1,1,,2,301,"I-10 E/B TO COTTONWOOD SPRINGS ROAD","COTTONWOOD SPRINGS ROAD OFF RAMP",4.00,S,N,A,-,Y,,,10,,,,R,,E,Y,2,0,1,1,A,-,01,23152,A,N,E,I,A,A,H,-,D,D,0,,,,,Y,Y,A,07,1,0,0,0,0,0,0,0,0,"- ","- ",33.659271240234375,-115.80209350585938,RIVERSIDE,UNINCORPORATED,-115.80209350585938,33.659271240234375
90866470,2018,2018-11-26,9655,2018-10-09,1210,020350,,2,1,9,3300,0,1,3,,1,110,"STATE ROUTE 243","FOSTER LAKE ROAD",0.00,,Y,A,-,Y,,,243,,,,,,,Y,1,1,0,1,A,-,08,22107,,N,E,I,A,A,H,-,A,D,0,,,,,Y,,D,22,0,0,0,0,0,0,0,0,0,"- ","- ",33.752708435058594,-116.72590637207031,RIVERSIDE,UNINCORPORATED,-116.72589111328125,33.752689361572266
90867595,2018,2018-11-26,9840,2018-04-01,0407,021641,,7,3,6,3345,0,1,3,,2,010,"SR-60 W/B","VALLEY WAY",1867.00,W,N,A,-,Y,,,,,,,,,,Y,1,1,1,2,A,-,01,23152,A,N,E,J,A,A,D,-,D,A,0,,,Y,,Y,Y,A,01,0,1,0,0,0,0,0,1,0,"- ","- ",34.003101348876953,-117.43984222412109,RIVERSIDE,"JURUPA VALLEY",-117.43968963623047,34.0130615234375
90869534,2018,2018-12-10,9655,2018-10-06,0143,019449,,6,3,3,3302,0,1,1,,2,202,"I-10 EASTBOUND","VEILE AVENUE",159.00,E,N,A,-,Y,,,10,,,,,,E,N,1,1,0,2,A,-,11,21954,A,N,G,B,E,A,H,-,C,D,0,Y,,,,Y,,N,60,0,0,0,1,0,0,0,0,0,"- ","- ",33.930709838867188,-116.98567962646484,RIVERSIDE,BEAUMONT,-116.98573303222656,33.930656433105469
90870361,2018,2018-11-29,9660,2018-11-20,2245,021591,,2,3,9,3300,0,1,3,,1,034,"22ND AVENUE","RT 78",2112.00,E,N,A,-,N,,,,,,,,,,Y,2,0,3,1,A,-,03,22350,,N,F,A,A,A,H,-,D,D,0,,,,,Y,,A,07,1,2,0,0,0,0,0,0,0,"- ","- ",33.544460296630859,-114.64836883544922,RIVERSIDE,UNINCORPORATED,-114.64970397949219,33.544425964355469
90874589,2018,2018-12-04,9685,2018-10-22,0500,017399,,1,3,9,3300,0,1,3,,1,012,"SR-74 E/B (ORTEGA HWY)","ETHANAC ROAD",100.00,W,N,A,-,Y,,,,,,,,,,Y,2,0,2,4,A,-,03,22350,,N,B,C,A,A,H,-,D,D,0,,,,Y,Y,,A,01,1,1,0,0,0,0,0,0,0,"- ","- ",33.739959716796875,-117.28167724609375,RIVERSIDE,UNINCORPORATED,-117.28195190429688,33.741889953613281
90875874,2018,2018-12-28,9630,2018-11-22,1352,021604,,4,1,9,3300,0,1,1,,2,301,"I-10 W/B","FRONTAGE RD",7392.00,E,N,A,-,Y,,,,,,,,,,Y,1,1,0,1,A,-,08,22107,,N,E,I,A,A,H,-,A,D,0,,,,,Y,Y,D,22,0,0,0,0,0,0,0,0,0,"- ","- ",33.665550231933594,-116.887939453125,RIVERSIDE,UNINCORPORATED,-115.8939208984375,33.666522979736328
9087615,2020,2020-10-13,3308,2020-03-17,1300,10702,515,2,5,5,3308,0,0,0,,0,NORTH,"FLORIDA AV","KIRBY ST",533.00,E,N,A,-,Y,RIV,8,74,-,-,38.987,I,5,W,Y,2,0,1,2,A,-,09,21801,A,N,D,C,A,A,H,-,A,D,0,,,,,Y,,A,01,1,0,0,0,0,0,0,0,0,"- ","- ",33.74755859375,-116.99784088134766,RIVERSIDE,HEMET,-116.99781036376953,33.747432708740234
90878361,2018,2018-12-07,9840,2018-12-01,2215,017546,,6,3,9,3300,0,1,1,,2,041,"I-215 S/B","PLACENTIA AVE",950.00,N,N,A,-,Y,,,215,,,,,,S,Y,2,0,3,4,A,-,03,22350,,N,C,C,A,A,H,-,D,D,0,,,,,Y,,A,01,1,1,1,0,0,0,0,0,0,"- ","- ",33.8255615234375,-117.24288177490234,RIVERSIDE,UNINCORPORATED,-117.24282836914062,33.825599670410156
90880604,2018,2018-12-11,9685,2018-11-20,1500,014519,,2,2,9,3300,0,3,5,,2,002,"HOLLAND ROAD","BRIGGS ROAD",2745.00,E,N,A,-,N,,,,,,,,,,Y,2,0,1,1,A,-,03,22350,,N,F,A,A,A,B,-,A,D,0,,,,,Y,,A,07,1,0,0,0,0,0,0,0,0,"- ","- ",33.670501708984375,-117.12680053710938,RIVERSIDE,UNINCORPORATED,-117.12765502929688,33.670528411865234
90880824,2018,2018-12-11,9685,2018-12-02,0640,015360,,7,1,5,3335,0,1,1,,2,030,"I-15 SOUTHBOUND","TEMECULA PARKWAY",1000.00,S,N,B,-,Y,,,,,,,,,,Y,2,0,1,1,A,-,01,23152,G,N,B,I,A,A,H,-,B,D,0,,,,,Y,Y,A,01,1,0,0,0,0,0,0,0,0,"- ","- ",33.223541259765625,-117.21456146240234,RIVERSIDE,TEMECULA,,
90880904,2018,2018-12-12,9840,2018-12-03,1004,014916,,1,1,9,3300,0,3,5,,2,004,"AVENIDA RAMADA","ALICANTE DR",5.00,S,N,A,-,N,,,,,,,,,,N,2,0,1,2,A,-,03,22350,,N,D,C,A,A,H,-,A,D,0,,,Y,,Y,,C,02,1,0,0,0,0,0,0,0,1,"- ","- ",33.754039764404297,-117.13146209716797,RIVERSIDE,UNINCORPORATED,-117.13144683837891,33.753986358642578
90882273,2018,2018-12-13,9655,2018-12-09,1325,015892,,7,1,9,3300,0,1,3,,1,117,"STATE ROUTE 74","KEEN CAMP ROAD",4752.00,E,N,B,-,Y,,,74,,,,,,,Y,2,0,1,1,A,-,08,22107,,N,F,A,A,A,H,-,A,D,0,,,Y,,Y,,C,02,1,0,0,0,0,0,0,0,1,"- ","- ",33.690631866455078,-116.70809936523438,RIVERSIDE,UNINCORPORATED,-116.70810699462891,33.690608978271484
90883102,2018,2018-12-14,9655,2018-12-05,2130,019484,,3,2,4,3301,0,1,1,,2,204,"I-10 E/B","SUNSET AVE",3696.00,W,N,B,C,Y,,,10,,,,,,E,Y,2,0,1,2,A,-,08,22107,,N,C,C,A,B,H,-,D,D,0,,,,,Y,,A,01,1,0,0,0,0,0,0,0,0,"- ","- ",33.925830841064453,-116.92318725585938,RIVERSIDE,BANNING,-116.92318725585938,33.925888061523438
90885038,2018,2019-04-22,9685,2018-12-09,1020,015757,,7,1,9,3300,0,1,3,,2,011,"SR-74 (ORTEGA HWY)","RIV / ORG CO LINE",19008.00,E,N,A,-,Y,,,74,,,,,,,Y,1,1,0,1,A,-,03,22350,,N,F,A,A,A,H,-,A,D,0,,,,,Y,,A,01,0,0,0,0,0,0,0,0,0,"- ","- ",33.619678497314453,-117.42310333251953,RIVERSIDE,UNINCORPORATED,-117.42316436767578,33.619712829589844
90885389,2018,2018-12-18,9685,2018-10-25,1654,016096,,4,2,4,3307,0,2,4,,2,016,"GRAND AVENUE","VAIL STREET",270.00,S,N,A,-,N,,,,,,,,,,Y,1,1,1,2,A,-,08,22107,,N,A,C,A,A,H,-,A,D,0,,,,,Y,,A,01,1,0,0,0,0,0,0,0,0,"- ","- ",33.632209777832031,-117.33370208740234,RIVERSIDE,"LAKE ELSINORE",-117.33304595947266,33.631782531738281
90885571,2018,2018-12-18,9840,2018-05-07,1414,019890,,1,2,9,3300,0,3,5,,2,003,"TEMESCAL CANYON ROAD (12500 BLOCK)","INDIAN TRUCK TRAIL",3982.00,S,N,A,-,N,,,,,,,,,,Y,1,1,0,1,A,-,08,22107,,N,E,I,A,A,H,-,A,D,0,,,,,Y,,A,01,0,0,0,0,0,0,0,0,0,"- ","- ",33.743961334228516,-117.43905639648438,RIVERSIDE,UNINCORPORATED,-117.43991088867188,33.744075775146484
90890315,2018,2018-12-26,9840,2018-12-13,2019,021198,,4,2,9,3300,0,3,5,,2,004,"JUNIPER FLATS RD","STAGECOACH ROAD",400.00,N,N,A,-,N,,,,,,,,,,Y,2,0,2,2,A,-,05,21460,A,N,A,C,A,A,H,-,D,D,0,,,,,Y,,J,48,2,0,0,0,0,0,0,0,0,"- ","- ",33.802410125732422,-117.09088897705078,RIVERSIDE,UNINCORPORATED,-117.09086608886719,33.80242919921875
90890488,2018,2018-12-26,9685,2018-12-18,1938,015050,,2,2,9,3300,0,1,1,,2,020,"STATE ROUTE 74","OLSEN RD.",0.00,,Y,A,-,Y,,,74,,,,,,,Y,2,0,1,2,A,-,09,21801,A,N,D,C,A,A,H,-,C,A,0,,,,,Y,,D,22,1,0,0,0,0,0,0,0,0,"- ","- ",33.743080139160156,-117.104736328125,RIVERSIDE,UNINCORPORATED,-117.10475158691406,33.743049621582031
90890914,2018,2018-12-27,9655,2018-12-21,1035,015795,,5,1,9,3300,0,1,3,,2,213,SR-79,"CALIFORNIA AVENUE",0.00,,Y,B,-,Y,,,79,,,,,,,Y,2,0,2,2,A,-,09,21801,A,N,D,C,A,A,H,-,A,A,0,,,,,Y,,A,01,1,0,1,0,0,0,0,0,0,"- ","- ",33.911128997802734,-116.98052215576172,RIVERSIDE,UNINCORPORATED,-116.98049926757812,33.911117553710938
90891283,2018,2018-12-27,9840,2018-12-17,1746,015663,,1,2,7,3313,0,1,3,,2,021,"SR-91 W/B","CENTRAL AVE.",800.00,W,N,A,-,Y,,,91,,,,,,W,Y,2,0,4,3,A,-,03,22350,,N,C,C,A,A,H,-,D,D,0,,,,,Y,,A,01,1,0,3,0,0,0,0,0,0,"- ","- ",33.951450347900391,-117.38522338867188,RIVERSIDE,RIVERSIDE,-117.38526916503906,33.951473236083984
90891296,2018,2019-02-25,9655,2018-11-04,1645,020669,,7,2,9,3300,0,1,3,,1,115,"STATE ROUTE 243 SOUTHBOUND","SAUNDERS MEADOW ROAD",927.00,N,N,A,-,Y,,,243,,,,,,S,Y,1,1,2,1,A,-,03,22350,,N,E,I,A,A,H,-,B,D,0,,,,,Y,,A,01,1,1,0,0,0,0,0,0,0,"- ","- ",33.730628967285156,-116.71984100341797,RIVERSIDE,UNINCORPORATED,-116.71998596191406,33.730670928955078
90895681,2018,2019-02-21,9630,2018-11-16,1814,015710,,5,2,9,3300,0,1,1,,2,301,"I-10 (WESTBOUND)","ALL AMERICAN CANAL",46464.00,E,N,A,-,Y,,,10,,,,,,,Y,1,1,0,1,A,-,08,22107,,N,F,A,A,A,H,-,D,D,0,,,,,Y,,A,01,0,0,0,0,0,0,0,0,0,"- ","- ",33.688400268554688,-116.03289794921875,RIVERSIDE,UNINCORPORATED,-116.03296661376953,33.688133239746094
90896636,2018,2019-01-03,9685,2018-12-09,2114,015050,,7,2,9,3300,0,1,3,,1,012,"STATE ROUTE 74","ELLIS AVE.",454.00,W,N,A,-,Y,,,74,,,,,,,Y,2,0,2,1,A,-,08,22107,,N,E,I,A,A,H,-,D,A,0,,,,,Y,,A,01,1,1,0,0,0,0,0,0,0,"- ","- ",33.770450592041016,-117.25331115722656,RIVERSIDE,UNINCORPORATED,-117.25328063964844,33.770393371582031
90897033,2018,2019-01-03,9685,2018-12-30,1410,016502,,7,2,9,3300,0,1,3,,1,045,SR-371,"LIZARD LANE",200.00,E,N,A,-,Y,,,,,,,,,,Y,2,0,1,1,A,-,08,22107,,N,F,A,A,A,H,-,A,D,0,,,Y,,Y,,C,02,1,0,0,0,0,0,0,0,1,"- ","- ",33.274898529052734,-116.51249694824219,RIVERSIDE,UNINCORPORATED,-116.85710144042969,33.463607788085938
90897177,2018,2019-01-03,9630,2018-11-19,1230,016674,,1,1,9,3300,0,2,S,,2,501,"HARRISON STREET","AVENUE 55",528.00,N,N,A,-,N,,,,,,,,,,Y,2,0,2,2,A,-,01,23153,A,F,D,C,A,A,H,-,A,D,0,,,,,Y,Y,A,01,2,0,0,0,0,0,0,0,0,"- ","- ",33.6514892578125,-116.18141937255859,RIVERSIDE,UNINCORPORATED,-116.18135833740234,33.650890350341797
90899321,2019,2019-04-05,9840,2019-01-03,1715,020058,,4,2,6,3315,0,1,1,,2,034,"I-15 S/B","ONTARIO AVE",604.00,N,N,A,-,Y,,,15,,,,,,S,Y,2,0,1,2,A,-,08,22107,,N,C,C,A,A,H,-,C,D,0,,,,,Y,,A,01,1,0,0,0,0,0,0,0,0,"- ","- ",33.845851898193359,-117.53504943847656,RIVERSIDE,CORONA,-117.53497314453125,33.845840454101562
90899403,2019,2019-01-07,9840,2019-01-06,0010,019844,,7,3,7,3313,0,1,1,,2,023,"I-215 S/B","FAIR ISLE DRIVE",740.00,S,N,C,-,Y,,,,,,,,,,Y,2,0,1,1,A,-,03,22350,,N,E,I,A,B,H,-,D,D,0,,,,,Y,,A,01,1,0,0,0,0,0,0,0,0,"- ","- ",33.947151184082031,-117.29473876953125,RIVERSIDE,RIVERSIDE,,
90900402,2019,2019-01-09,9630,2019-01-01,1630,020445,,2,2,4,3309,0,1,1,,2,021,"I-10 E/B","JACKSON STREET",318.00,W,N,A,-,Y,,,10,,,,,,E,Y,2,0,3,1,A,-,08,22107,,N,F,A,A,A,H,-,B,D,0,,,,,Y,,A,07,1,2,0,0,0,0,0,0,0,"- ","- ",33.737838745117188,-116.21764373779297,RIVERSIDE,INDIO,-116.21761322021484,33.737968444824219
90900797,2018,2019-01-09,9685,2018-12-29,1545,017169,,6,2,9,3300,0,3,5,,2,003,"RANCHO CALIFORNIA ROAD","GLEN OAKS ROAD",170.00,W,N,A,-,N,,,,,,,,,,Y,2,0,1,2,A,-,11,21954,A,F,G,B,A,A,H,-,A,D,0,,,,,Y,,D,22,1,0,0,0,0,0,0,0,0,"- ","- ",33.55316162109375,-117.03772735595703,RIVERSIDE,UNINCORPORATED,-117.03762817382812,33.553085327148438
90901029,2019,2019-01-09,9840,2019-01-02,1919,020058,,3,2,6,3315,0,1,1,,2,034,"I-15 N/B","ONTARIO AVE",650.00,S,N,A,-,Y,,,15,,,,,,N,Y,2,0,2,1,A,-,08,22107,,N,E,I,A,A,H,-,C,D,0,,,,,Y,,A,07,1,1,0,0,0,0,0,0,0,"- ","- ",33.840511322021484,-117.53389739990234,RIVERSIDE,CORONA,-117.53416442871094,33.840381622314453
90901899,2018,2019-01-10,9840,2018-08-17,2019,021096,,5,2,9,3300,0,3,5,,2,002,"IOWA AVE.","W. CHURCH ST.",265.00,N,N,A,-,N,,,,,,,,,,Y,1,1,0,2,A,-,01,23152,A,N,C,E,A,A,H,-,C,D,0,,,Y,,Y,Y,C,02,0,0,0,0,0,0,0,1,0,"- ","- ",34.017711639404297,-117.33976745605469,RIVERSIDE,UNINCORPORATED,-117.33994293212891,34.017597198486328
90902621,2018,2019-01-11,9840,2018-09-19,0405,020102,,3,3,9,3300,0,3,5,,2,004,"EL SOBRANTE ROAD","MOCKINGBIRD CANYON ROAD",0.00,,Y,A,-,N,,,,,,,,,,Y,1,1,0,2,A,-,08,22107,,N,E,I,A,A,H,-,C,D,0,,,,,Y,,A,01,0,0,0,0,0,0,0,0,0,"- ","- ",33.845661163330078,-117.37550354003906,RIVERSIDE,UNINCORPORATED,-117.37541961669922,33.845760345458984
90902846,2019,2019-01-11,9655,2019-01-04,1933,019796,,5,2,9,3300,0,3,5,,2,003,"DOMENIGONI PKWY",SR-79,95.00,E,N,A,-,N,,,79,,,,,,,Y,2,0,2,5,A,-,01,23152,A,M,C,C,A,A,H,-,C,A,0,,,,,Y,Y,A,01,1,0,1,0,0,0,0,0,0,"- ","- ",33.696208953857422,-117.08441925048828,RIVERSIDE,UNINCORPORATED,-117.08486938476562,33.696231842041016
90904746,2018,2019-01-15,9655,2018-11-04,1300,018383,,7,1,9,3300,0,1,1,,2,204,"I-10 WESTBOUND","MALKI ROAD",104.00,E,N,B,-,Y,,,10,,,,,,W,Y,1,1,1,2,A,-,01,23152,A,N,A,C,A,A,H,-,A,D,0,,,,,Y,Y,A,01,1,0,0,0,0,0,0,0,0,"- ","- ",33.93096923828125,-116.82122039794922,RIVERSIDE,UNINCORPORATED,-116.82122039794922,33.930976867675781
90906431,2019,2019-01-17,9840,2019-01-12,0555,017802,,6,3,7,3313,0,1,1,,2,023,"I-215 S/B","SPRUCE ST.",1400.00,N,N,C,-,Y,,,215,,,,,,S,Y,2,0,1,1,A,-,08,22107,,N,F,C,A,B,H,-,D,D,0,,,,Y,Y,,G,25,1,0,0,0,0,0,0,0,0,"- ","- ",33.99224853515625,-117.35597229003906,RIVERSIDE,RIVERSIDE,-117.35552978515625,33.992565155029297