CASE_ID,ACCIDENT_YEAR,PROC_DATE,JURIS,COLLISION_DATE,COLLISION_TIME,OFFICER_ID,REPORTING_DISTRICT,DAY_OF_WEEK,CHP_SHIFT,POPULATION,CNTY_CITY_LOC,SPECIAL_COND,BEAT_TYPE,CHP_BEAT_TYPE,CITY_DIVISION_LAPD,CHP_BEAT_CLASS,BEAT_NUMBER,PRIMARY_RD,SECONDARY_RD,DISTANCE,DIRECTION,INTERSECTION,WEATHER_1,WEATHER_2,STATE_HWY_IND,CALTRANS_COUNTY,CALTRANS_DISTRICT,STATE_ROUTE,ROUTE_SUFFIX,POSTMILE_PREFIX,POSTMILE,LOCATION_TYPE,RAMP_INTERSECTION,SIDE_OF_HWY,TOW_AWAY,COLLISION_SEVERITY,NUMBER_KILLED,NUMBER_INJURED,PARTY_COUNT,PRIMARY_COLL_FACTOR,PCF_CODE_OF_VIOL,PCF_VIOL_CATEGORY,PCF_VIOLATION,PCF_VIOL_SUBSECTION,HIT_AND_RUN,TYPE_OF_COLLISION,MVIW,PED_ACTION,ROAD_SURFACE,ROAD_COND_1,ROAD_COND_2,LIGHTING,CONTROL_DEVICE,CHP_ROAD_TYPE,PEDESTRIAN_ACCIDENT,BICYCLE_ACCIDENT,MOTORCYCLE_ACCIDENT,TRUCK_ACCIDENT,NOT_PRIVATE_PROPERTY,ALCOHOL_INVOLVED,STWD_VEHTYPE_AT_FAULT,CHP_VEHTYPE_AT_FAULT,COUNT_SEVERE_INJ,COUNT_VISIBLE_INJ,COUNT_COMPLAINT_PAIN,COUNT_PED_KILLED,COUNT_PED_INJURED,COUNT_BICYCLIST_KILLED,COUNT_BICYCLIST_INJURED,COUNT_MC_KILLED,COUNT_MC_INJURED,PRIMARY_RAMP,SECONDARY_RAMP,LATITUDE,LONGITUDE,COUNTY,CITY,POINT_X,POINT_Y
91056642,2019,2019-08-21,9655,2019-06-25,0733,015795,,2,1,9,3300,0,3,5,,2,003,"DOMENIGONI PARKWAY","LEON ROAD",27.00,W,N,A,-,N,,,,,,,,,,Y,1,1,0,1,A,-,08,22107,,N,E,I,A,A,H,-,A,A,0,,,,,Y,,A,07,0,0,0,0,0,0,0,0,0,"- ","- ",33.692588806152344,-117.119873046875,RIVERSIDE,UNINCORPORATED,-117.11967468261719,33.692489624023438
91056986,2019,2019-08-22,9630,2019-08-11,0040,021908,,7,3,9,3300,0,1,3,,1,074,SR-74,"CAHUILLA WAY",21120.00,W,N,A,-,Y,,,,,,,,,,Y,2,0,1,1,A,-,08,22107,,N,F,A,A,A,H,-,D,D,0,,,Y,,Y,,C,02,1,0,0,0,0,0,0,0,1,"- ","- ",33.608760833740234,-116.39601135253906,RIVERSIDE,UNINCORPORATED,,
91057267,2019,2019-08-22,9840,2019-07-21,0105,018849,,7,3,6,3315,0,1,3,,2,030,"SR-91 E/B","SMITH ST",525.00,W,N,A,-,Y,,,91,,,,,,E,Y,2,0,2,5,A,-,03,22350,,N,C,C,A,A,H,-,D,D,0,,,,,Y,,A,01,1,0,1,0,0,0,0,0,0,"- ","- ",33.881160736083984,-117.59586334228516,RIVERSIDE,CORONA,-117.59588623046875,33.881340026855469
91057406,2019,2019-08-22,9685,2019-08-14,1900,015757,,3,2,4,3342,0,1,1,,2,030,"I-15 N/B (TEMECULA VALLEY FWY)","CALIFORNIA OAKS RD",2112.00,S,N,A,-,Y,,,15,,,,,,N,Y,2,0,1,3,A,-,03,22350,,N,B,C,A,A,H,-,A,D,0,,,Y,,Y,,C,02,1,0,0,0,0,0,0,0,1,"- ","- ",33.561660766601562,-117.20165252685547,RIVERSIDE,MURRIETA,-117.20162963867188,33.561687469482422
91057576,2019,2019-09-23,9660,2019-06-27,1848,022114,,4,2,9,3300,0,1,1,,2,030,"I-10 E/B","CORN SPRINGS RD.",4224.00,W,N,A,-,Y,,,10,,,,,,E,Y,1,2,2,1,A,-,08,22107,,N,F,A,A,A,H,-,A,D,0,,,,,Y,,A,07,2,0,0,0,0,0,0,0,0,"- ","- ",33.686538696289062,-115.25795745849609,RIVERSIDE,UNINCORPORATED,-115.25794982910156,33.686580657958984
91057997,2019,2019-08-23,9840,2019-07-21,0207,020210,,7,3,6,3315,0,1,3,,2,030,"SR-91 W/B","GREEN RIVER RD",4300.00,W,N,A,-,Y,,,91,,,,,,W,Y,2,0,3,2,A,-,01,23152,A,N,C,C,A,A,H,-,D,D,0,,,,,Y,Y,A,01,1,2,0,0,0,0,0,0,0,"- ","- ",33.870819091796875,-117.66898345947266,RIVERSIDE,CORONA,-117.66895294189453,33.870746612548828
91058016,2019,2019-08-23,9630,2019-08-16,2130,021604,,5,2,9,3300,0,3,5,,2,404,"MONTEREY AVE","I-10 E/B",0.00,,Y,A,-,N,,,,,,,,,,Y,2,0,2,2,A,-,01,23152,A,N,A,C,A,A,H,-,C,A,0,,,,,Y,Y,A,07,1,1,0,0,0,0,0,0,0,"- ","- ",33.805820465087891,-116.38804626464844,RIVERSIDE,UNINCORPORATED,-116.38816199999999,33.805771
91059072,2019,2019-08-26,9840,2019-08-14,0505,015683,,3,3,9,3300,0,3,5,,2,004,"HARVILL AVENUE","ORANGE AVENUE",1584.00,S,N,A,-,N,,,,,,,,,,Y,2,0,1,1,A,-,03,22350,,N,E,J,A,A,H,-,D,D,0,,,Y,,Y,,C,02,1,0,0,0,0,0,0,0,1,"- ","- ",33.811210632324219,-117.24302673339844,RIVERSIDE,UNINCORPORATED,-117.24303436279297,33.811454772949219
91059573,2019,2019-08-26,9840,2019-04-18,0040,021261,,4,3,6,3315,0,1,3,,2,031,"STATE ROUTE 91 E/B","S BUENA VISTA AVE",100.00,E,N,A,-,Y,,,91,,,,,,E,Y,1,1,1,5,A,-,03,22350,,N,C,C,A,A,H,-,D,D,0,,,,,Y,,A,01,1,0,0,0,0,0,0,0,0,"- ","- ",33.88092041015625,-117.57514190673828,RIVERSIDE,CORONA,-117.57513427734375,33.880985260009766
91059799,2019,2019-08-26,9655,2019-08-25,0210,019484,,7,3,9,3300,0,3,5,,2,003,"STANFORD ST","MARINE DR",12.00,S,N,A,-,Y,,,,,,,,,,Y,2,0,4,2,A,-,01,23152,A,N,A,C,A,A,H,-,C,D,0,,,,,Y,Y,A,01,3,1,0,0,0,0,0,0,0,"- ","- ",33.746311187744141,-116.93256378173828,RIVERSIDE,UNINCORPORATED,-116.93254852294922,33.746345520019531
91060188,2019,2019-08-27,9840,2019-08-05,1725,020058,,1,2,7,3313,0,1,3,,2,025,"SR-60 E/B","DAY ST",1050.00,W,N,A,-,Y,,,60,,,,,,E,Y,2,0,1,2,A,-,07,21658,A,N,B,C,A,A,H,-,A,D,0,,,,Y,Y,,G,25,1,0,0,0,0,0,0,0,0,"- ","- ",33.943088531494141,-117.28241729736328,RIVERSIDE,RIVERSIDE,-117.28241729736328,33.943119049072266
91061682,2019,2019-08-28,9685,2019-08-15,0158,015800,,4,3,4,3342,0,1,1,,2,030,I-15,"CLINTON KEITH ROAD",2500.00,S,N,A,-,Y,,,,,,,,,,Y,2,0,1,1,A,-,01,23152,A,N,E,I,A,A,H,-,C,D,0,,,,,Y,Y,A,01,1,0,0,0,0,0,0,0,0,"- ","- ",33.589378356933594,-117.23858642578125,RIVERSIDE,MURRIETA,-117.239990234375,33.590381622314453
91061939,2019,2019-08-28,9685,2019-08-03,1500,015027,,6,2,9,3300,0,1,1,,2,020,"I-215 SOUTHBOUND","ETHANAC RD",100.00,N,N,A,-,Y,,,,,,,,,,N,2,0,1,2,A,-,21,22106,,N,G,B,E,A,H,-,A,D,0,Y,,,,Y,,A,01,1,0,0,0,1,0,0,0,0,"- ","- ",33.445388793945312,-117.11224365234375,RIVERSIDE,UNINCORPORATED,,
91062362,2019,2019-08-29,9685,2019-08-20,1525,013376,,2,2,9,3300,0,1,3,,1,045,SR-371,"CAHUILLA CREEK",90.00,W,N,A,-,Y,,,371,,,,,,,Y,2,0,1,1,A,-,08,22107,,N,E,J,A,A,H,-,A,D,0,,,,,Y,,A,01,1,0,0,0,0,0,0,0,0,"- ","- ",33.525520324707031,-116.77382659912109,RIVERSIDE,UNINCORPORATED,-116.77385711669922,33.525566101074219
91064710,2019,2019-08-30,9840,2019-08-22,0351,021218,,4,3,7,3313,0,1,1,,2,023,"I-215 S/B","FAIR ISLE DR",1446.00,S,N,A,-,Y,,,215,,,,,,S,Y,2,0,1,2,A,-,03,22350,,N,C,C,A,A,H,-,D,D,0,,,,,Y,,A,01,1,0,0,0,0,0,0,0,0,"- ","- ",33.94580078125,-117.29740142822266,RIVERSIDE,RIVERSIDE,-117.29737854003906,33.945842742919922
91065445,2019,2019-09-23,9655,2019-04-05,1700,019440,,5,2,3,3302,0,1,3,,2,212,"STATE ROUNTE 60","POTRERO BOULEVARD OVERCROSSING",359.00,E,N,A,-,Y,,,,,,,,,,Y,1,1,0,3,A,-,08,22107,,N,G,B,E,A,H,-,A,D,0,Y,,,Y,Y,Y,A,01,0,0,0,1,0,0,0,0,0,"- ","- ",33.933540344238281,-117.01509857177734,RIVERSIDE,BEAUMONT,,
91065740,2019,2019-09-03,9840,2019-08-23,0208,021047,,5,3,4,3307,0,1,1,,2,037,"I-15 SOUTHBOUND","HORSETHIEF CANYON RD.",1280.00,N,N,A,-,Y,,,,,,,,,,Y,2,0,1,1,A,-,01,23152,A,N,E,J,A,A,H,-,D,A,0,,,,,Y,Y,D,22,1,0,0,0,0,0,0,0,0,"- ","- ",33.740928649902344,-117.43241882324219,RIVERSIDE,"LAKE ELSINORE",-117.43209838867188,33.741008758544922
91066362,2019,2019-09-03,9685,2019-08-22,1835,012979,,4,2,4,3312,0,1,1,,2,020,"I-215 NORTHBOUND","SAN JACINTO RIVER",1.70,S,N,A,-,Y,,,215,,,,,,N,Y,2,0,4,2,A,-,08,22107,,N,B,C,A,A,H,-,A,D,0,,,,,Y,,A,01,2,2,0,0,0,0,0,0,0,"- ","- ",33.766971588134766,-117.19043731689453,RIVERSIDE,PERRIS,-117.19048309326172,33.766925811767578
91066453,2019,2019-09-03,9840,2019-08-19,1148,012191,,1,1,4,3344,0,1,1,,2,011,"I-15 S/B (ONTARIO FWY)","68TH ST",471.00,S,N,A,-,Y,,,,,,,,,,Y,2,0,1,2,A,-,08,22107,,N,C,E,A,A,D,-,A,D,0,,,,,Y,,A,01,1,0,0,0,0,0,0,0,0,"- ","- ",34.962791442871094,-117.54898071289062,RIVERSIDE,EASTVALE,-117.54902648925781,33.963237762451172
91067888,2019,2019-09-05,9840,2019-08-22,1926,019492,,4,2,9,3300,0,2,4,,2,039,"MCKINLEY ST","MAGNOLIA AVE",0.00,,Y,A,-,N,,,,,,,,,,Y,2,0,1,2,A,-,12,21453,A,N,D,G,A,A,H,-,B,A,0,,Y,,,Y,,L,04,1,0,0,0,0,0,1,0,0,"- ","- ",33.881820678710938,-117.51416015625,RIVERSIDE,UNINCORPORATED,-117.51429748535156,33.881969451904297
91068008,2019,2019-09-05,9685,2019-07-06,1116,015906,,6,1,4,3342,0,1,1,,2,034,"I-215 SOUTHBOUND TO MURRIETA HOT SPRING","MURRIETA HOT SPRINGS",240.00,N,N,A,-,Y,,,215,,,,R,,S,N,2,0,1,2,A,-,21,22106,,N,G,B,E,A,H,-,A,D,0,Y,,,,Y,,E,22,1,0,0,0,1,0,0,0,0,"- ","- ",33.557048797607422,-117.18212890625,RIVERSIDE,MURRIETA,-117.18212890625,33.557048797607422
91068105,2019,2019-09-05,9685,2019-08-29,1710,016185,,4,2,5,3335,0,1,1,,2,030,"I-15 N/B","RANCHO CALIFORNIA ROAD",502.00,N,N,A,-,Y,,,15,,,,,,N,Y,2,0,1,2,A,-,03,22350,,N,B,A,A,A,H,-,A,D,0,,,Y,,Y,,C,02,1,0,0,0,0,0,0,0,1,"- ","- ",33.502300262451172,-117.15180206298828,RIVERSIDE,TEMECULA,-117.15184783935547,33.502277374267578
91069509,2019,2019-09-06,9840,2019-09-02,1730,014571,,1,2,9,3300,0,2,4,,2,045,"CAJALCO RD.","DAY ST.",528.00,E,N,A,-,N,,,,,,,,,,Y,2,0,1,2,A,-,03,22350,,N,C,C,A,A,H,-,A,D,0,,,Y,,Y,,C,02,1,0,0,0,0,0,0,0,1,"- ","- ",33.837200164794922,-117.2760009765625,RIVERSIDE,UNINCORPORATED,-117.27724456787109,33.837322235107422
91069831,2019,2019-09-09,9840,2019-08-15,2025,015683,,4,2,9,3300,0,3,5,,2,003,"CAJALCO RD","TEMESCAL CANYON RD",3168.00,E,N,A,-,N,,,,,,,,,,N,2,0,1,2,A,-,05,21460,A,N,D,C,A,A,H,-,D,D,0,,,Y,,Y,,A,01,1,0,0,0,0,0,0,0,1,"- ","- ",33.824840545654297,-117.50013732910156,RIVERSIDE,UNINCORPORATED,-117.5184326171875,33.820968627929688
91069988,2019,2019-09-09,9840,2019-08-09,2235,021042,,5,3,6,3315,0,1,3,,2,031,"SR-91 W/B","MCKINLEY ST",2025.00,E,N,A,-,Y,,,91,,,,,,W,Y,2,0,1,2,A,-,08,22107,,F,B,C,A,A,H,-,C,D,0,,,Y,,Y,,C,02,1,0,0,0,0,0,0,0,1,"- ","- ",33.892261505126953,-117.50566864013672,RIVERSIDE,CORONA,-117.50563812255859,33.892196655273438
91070109,2018,2019-09-09,9840,2018-12-01,1915,021198,,6,2,9,3300,0,1,1,,2,041,"I-215 S/B","NUEVO RD",3916.00,N,N,A,-,Y,,,215,,,,,,S,Y,1,1,1,2,A,-,01,23152,A,N,E,I,A,A,H,-,D,D,0,,,,,Y,Y,A,07,0,1,0,0,0,0,0,0,0,"- ","- ",33.812511444091797,-117.23783111572266,RIVERSIDE,UNINCORPORATED,-117.2379150390625,33.812473297119141
9107314,2020,2020-11-18,3300,2020-05-22,2311,5397,905K,5,5,4,3307,0,0,0,,0,094,"LAKE ST","MOUNTAIN ST",630.00,N,N,A,-,N,,,,,,,,,,N,2,0,1,1,A,-,08,22107,,N,F,A,A,A,H,-,D,D,0,,,Y,,Y,,C,02,1,0,0,0,0,0,0,0,1,"- ","- ",33.698501586914062,-117.39010620117188,RIVERSIDE,"LAKE ELSINORE",-117.39006042480469,33.700214385986328
91075849,2019,2019-09-16,9655,2019-09-08,1510,015892,,7,2,9,3300,0,1,3,,1,115,"STATE ROUTE 243","SAUNDERS MEADOW ROAD (SOUTH)",2640.00,S,N,A,-,Y,,,243,,,,,,,N,2,0,1,2,A,-,05,21460,A,N,B,C,A,A,H,-,A,D,0,,,Y,,Y,,C,02,1,0,0,0,0,0,0,0,1,"- ","- ",33.722999572753906,-116.72402191162109,RIVERSIDE,UNINCORPORATED,-116.72408294677734,33.722984313964844
91079000,2019,2019-09-19,9655,2019-08-19,1253,015795,,1,1,9,3300,0,1,3,,1,312,"STATE ROUTE 74","OLD STATE HIGHWAY",253.00,E,N,A,-,Y,,,74,,,,,,,Y,1,2,2,2,A,-,05,21651,B,N,A,C,A,A,H,-,A,D,0,,,,,Y,,A,01,2,0,0,0,0,0,0,0,0,"- ","- ",33.738868713378906,-117.08255004882812,RIVERSIDE,UNINCORPORATED,-117.08255004882812,33.738903045654297
91079373,2019,2019-09-20,9655,2019-09-12,1925,020350,,4,2,9,3300,0,1,3,,1,119,SR-371,"IVAN DRIVE",16.00,E,N,A,-,Y,,,371,,,,,,,Y,2,0,2,4,A,-,03,22350,,N,C,C,A,A,H,-,B,D,0,,,,,Y,,A,07,1,1,0,0,0,0,0,0,0,"- ","- ",33.546291351318359,-116.72599792480469,RIVERSIDE,UNINCORPORATED,-116.72600555419922,33.546306610107422
91080425,2019,2019-09-23,9840,2019-09-11,1615,021311,,3,2,7,3313,0,1,3,,2,020,"SR-91 W/B","LA SIERRA AVE",1200.00,E,N,A,-,Y,,,91,,,,,,W,Y,2,0,3,6,A,-,08,22107,,N,B,C,A,A,H,-,A,D,0,,,,,Y,,A,01,1,1,1,0,0,0,0,0,0,"- ","- ",33.901588439941406,-117.46672821044922,RIVERSIDE,RIVERSIDE,-117.46680450439453,33.901844024658203
91080467,2019,2019-09-23,9840,2019-09-15,1534,019719,,7,2,9,3300,0,2,4,,2,042,"MOCKINGBIRD CANYON RD","MARIPOSA AVE",2988.00,N,N,A,-,N,,,,,,,,,,Y,2,0,2,2,A,-,09,21801,A,N,D,C,A,A,H,-,A,D,0,,,,,Y,,A,07,2,0,0,0,0,0,0,0,0,"- ","- ",33.870998382568359,-117.38896942138672,RIVERSIDE,UNINCORPORATED,-117.3887939453125,33.870780944824219
91081013,2019,2019-09-23,9685,2019-09-14,0805,017833,,6,1,9,3300,0,1,3,,2,011,"SR-74 E/B (ORTEGA HWY)","TENAJA TRUCK TRAIL",1584.00,E,N,A,-,Y,,,74,,,,,,E,Y,2,0,1,1,A,-,08,22107,,N,E,I,A,A,H,-,A,D,0,,,,,Y,,A,01,1,0,0,0,0,0,0,0,0,"- ","- ",33.620689392089844,-117.42330169677734,RIVERSIDE,UNINCORPORATED,-117.42333984375,33.620647430419922
91083438,2019,2019-09-26,9840,2019-09-18,2110,015663,,3,2,6,3345,0,1,3,,2,010,"SR-60 E/B","ETIWANDA AVE",2109.00,E,N,A,-,Y,,,60,,,,,,E,Y,2,0,1,1,A,-,08,22107,,N,E,I,A,A,H,-,C,D,0,,,,,Y,,A,01,1,0,0,0,0,0,0,0,0,"- ","- ",34.018409729003906,-117.518310546875,RIVERSIDE,"JURUPA VALLEY",-117.51830291748047,34.018283843994141
91085295,2019,2019-09-27,9840,2019-07-12,1955,018498,,5,2,6,3345,0,1,3,,2,010,"SR-60 W/B","PYRITE ST",2110.00,W,N,A,-,Y,,,60,,,,,,W,Y,2,0,1,5,A,-,08,22107,,N,B,C,E,A,H,-,B,D,0,Y,,,Y,Y,,A,01,1,0,0,0,1,0,0,0,0,"- ","- ",34.017471313476562,-117.46898651123047,RIVERSIDE,"JURUPA VALLEY",-117.46900177001953,34.017364501953125
91089456,2019,2019-10-03,9840,2019-09-21,1135,018221,,6,1,6,3315,0,1,1,,2,034,"I-15 S/B","MAGNOLIA AVE.",1457.00,N,N,A,-,Y,,,,,,,,,,Y,2,0,5,3,A,-,08,22107,,N,C,C,A,A,D,-,A,D,0,,,Y,,Y,,C,02,1,1,3,0,0,0,0,0,1,"- ","- ",33.849620819091797,-117.54425811767578,RIVERSIDE,CORONA,-117.54439544677734,33.869415283203125
91089773,2019,2019-10-03,9840,2019-08-12,2500,017893,,1,4,6,3315,0,1,3,,2,031,"SR-91 W/B TO I-15 N/B","I-15 N/B",330.00,E,N,A,-,Y,,,91,,,,R,,W,Y,1,1,0,1,A,-,01,23152,A,N,F,A,A,A,H,-,D,D,0,,,,,Y,Y,A,01,0,0,0,0,0,0,0,0,0,"- ","- ",33.88330078125,-117.54779815673828,RIVERSIDE,CORONA,-117.54779815673828,33.88330078125
91089877,2019,2019-10-03,9840,2019-09-19,1220,018221,,4,1,9,3300,0,3,5,,2,003,"PASEO GRANDE","VIA SANTIAGO",0.00,,Y,A,-,N,,,,,,,,,,N,2,0,1,2,A,-,09,21800,A,N,D,C,A,A,H,-,A,A,0,,,Y,,Y,,A,01,1,0,0,0,0,0,0,0,1,"- ","- ",33.87738037109375,-117.60173797607422,RIVERSIDE,UNINCORPORATED,-117.60172271728516,33.877368927001953
91090385,2019,2019-10-04,9840,2019-09-22,0159,018072,,7,3,7,3313,0,1,3,,2,010,"SR-60 W/B","MARKET STREET",500.00,W,N,A,-,Y,,,60,,,,,,W,Y,2,0,1,3,A,-,01,23152,A,N,C,C,A,A,H,-,D,D,0,,,,Y,Y,Y,A,01,1,0,0,0,0,0,0,0,0,"- ","- ",34.003288269042969,-117.38070678710938,RIVERSIDE,RIVERSIDE,-117.3807373046875,34.003219604492188
91090575,2019,2019-10-04,9630,2019-09-27,1535,019860,,5,2,9,3300,0,3,5,,2,401,"LONG CANYON RD","15TH AVE",70.00,N,N,A,-,N,,,,,,,,,,Y,2,0,1,1,A,-,08,22107,,N,E,I,A,A,H,-,A,D,0,,,,,Y,,D,22,1,0,0,0,0,0,0,0,0,"- ","- ",33.939811706542969,-116.45767211914062,RIVERSIDE,UNINCORPORATED,-116.45761108398438,33.939861297607422
91090693,2019,2019-10-04,9655,2019-04-20,1928,019440,,6,2,9,3300,0,1,3,,2,212,"STATE ROUTE 60 EASTBOUND","JACK RABBIT TRAIL",11616.00,W,N,A,-,Y,,,,,,,,,,Y,1,1,1,1,A,-,08,22107,,N,F,A,A,A,H,-,B,A,0,,,,,Y,,A,07,0,0,1,0,0,0,0,0,0,"- ","- ",33.564838409423828,-117.03536987304688,RIVERSIDE,UNINCORPORATED,-117.06691741943359,33.946269989013672
91091858,2019,2019-10-07,9840,2019-08-13,0455,012191,,2,3,6,3315,0,1,1,,2,034,"I-15 N/B","E. ONTARIO AVENUE",3168.00,N,N,A,-,Y,,,15,,,,,,N,Y,1,1,1,3,A,-,08,22107,,N,B,C,A,A,H,-,D,D,0,,,,Y,Y,,D,22,1,0,0,0,0,0,0,0,0,"- ","- ",33.852249145507812,-117.53479766845703,RIVERSIDE,CORONA,-117.53473663330078,33.852268218994141
91092538,2019,2019-10-08,9840,2019-03-16,0510,020262,,6,3,9,3300,0,2,4,,2,045,"CAJALCO RD","GAVILAN RD",1276.00,E,N,A,-,N,,,,,,,,,,Y,1,4,0,2,A,-,05,21460,A,N,A,C,A,A,H,-,D,D,0,,,,,Y,Y,D,22,0,0,0,0,0,0,0,0,0,"- ","- ",33.833740234375,-117.35832977294922,RIVERSIDE,UNINCORPORATED,-117.35845947265625,33.833675384521484
91093793,2019,2019-10-09,9840,2019-09-27,2046,015663,,5,2,6,3345,0,1,3,,2,010,"SR-60 E/B","RUBIDOUX BLVD.",100.00,W,N,A,-,Y,,,60,,,,,,E,Y,2,0,1,1,A,-,01,23152,A,N,E,I,A,A,H,-,D,D,0,,,Y,,Y,Y,C,02,1,0,0,0,0,0,0,0,1,"- ","- ",34.004550933837891,-117.40106201171875,RIVERSIDE,"JURUPA VALLEY",-117.40105438232422,34.004436492919922
91093987,2019,2019-10-09,9685,2019-09-27,1345,014488,,5,1,9,3300,0,1,3,,2,011,"SR-74 E/B (ORTEGA HWY)","GRAND AVE.",13200.00,W,N,A,-,Y,,,,,,,,,,Y,2,0,1,1,A,-,03,22350,,N,E,I,A,A,H,-,A,D,0,,,Y,,Y,,C,02,1,0,0,0,0,0,0,0,1,"- ","- ",33.383029937744141,-117.22406768798828,RIVERSIDE,UNINCORPORATED,-116.91896820068359,33.747764587402344
91095132,2019,2019-10-10,9630,2019-09-30,1355,015710,,1,1,9,3300,0,1,1,,2,302,"I-10 (EASTBOUND)","HAYFILED RD.",6336.00,W,N,A,-,Y,,,10,,,,,,,Y,2,0,1,1,A,-,08,22107,,N,F,A,A,A,H,-,A,D,0,,,,Y,Y,,G,26,1,0,0,0,0,0,0,0,0,"- ","- ",33.666301727294922,-115.67320251464844,RIVERSIDE,UNINCORPORATED,-115.67322540283203,33.666645050048828
91095426,2019,2019-10-11,9840,2019-04-07,1430,015683,,7,2,9,3300,0,3,5,,2,004,"OLD ELSINORE ROAD","MARIE STREET",612.00,N,N,A,-,N,,,,,,,,,,N,2,0,1,2,A,-,09,21801,A,N,A,C,A,A,H,-,A,D,0,,,Y,,Y,,A,07,1,0,0,0,0,0,0,0,1,"- ","- ",33.807830810546875,-117.27706146240234,RIVERSIDE,UNINCORPORATED,-117.27704620361328,33.807769775390625
91097267,2019,2019-10-15,9630,2019-10-09,0813,020061,,3,1,9,3300,0,3,5,,2,402,"19TH AVE","KRIS AVE",0.00,,Y,A,-,N,,,,,,,,,,Y,2,0,2,2,A,-,09,21802,A,N,D,C,A,A,H,-,A,A,0,,,,,Y,,A,07,1,0,1,0,0,0,0,0,0,"- ","- ",33.911540985107422,-116.39954376220703,RIVERSIDE,UNINCORPORATED,-116.39926147460938,33.911048889160156
91097537,2019,2019-10-15,9840,2019-06-24,0150,021177,,1,3,6,3315,0,1,1,,2,034,"INTERSTATE 15 S/B TO STATE ROUTE 91 W/B","STATE ROUTE 91",750.00,N,N,A,-,Y,,,15,,,,R,,S,Y,1,1,0,1,A,-,01,23152,A,N,H,J,A,A,D,-,C,D,0,,,Y,,Y,Y,C,02,0,0,0,0,0,0,0,1,0,"- ","- ",33.883750915527344,-117.54894256591797,RIVERSIDE,CORONA,-117.54894256591797,33.883750915527344
91098083,2019,2019-10-15,9840,2019-10-03,1555,017504,,4,2,9,3300,0,3,5,,2,004,"OLD ELSINORE RD.","ALOHA RD.",2961.00,N,N,A,-,N,,,,,,,,,,N,2,0,1,2,A,-,05,21460,A,N,B,C,A,A,H,-,A,D,0,,,,,Y,,D,22,1,0,0,0,0,0,0,0,0,"- ","- ",33.801078796386719,-117.27435302734375,RIVERSIDE,UNINCORPORATED,-117.27433776855469,33.800956726074219
91098270,2019,2019-10-16,9685,2019-10-06,0420,016347,,7,3,4,3312,0,1,1,,2,020,"I-215 S/B","SR-74 (HEMET)",3168.00,N,N,A,-,Y,,,215,,,,,,S,Y,2,0,1,1,A,-,08,22107,,N,E,I,A,A,H,-,D,D,0,,,,,Y,,D,22,1,0,0,0,0,0,0,0,0,"- ","- ",33.763359069824219,-117.18948364257812,RIVERSIDE,PERRIS,-117.18943786621094,33.763359069824219
91100008,2019,2019-10-17,9685,2019-03-19,2012,017399,,2,2,9,3300,0,1,3,,1,012,"SR-74 WESTBOUND","GREENWALD AVENUE",365.00,W,N,A,-,Y,,,,,,,,,,N,1,1,0,2,A,-,11,21956,,F,G,B,E,A,H,-,D,D,0,Y,,,,Y,Y,N,60,0,0,0,1,0,0,0,0,0,"- ","- ",33.432701110839844,-117.17359924316406,RIVERSIDE,UNINCORPORATED,-117.29315185546875,33.724033355712891
91100099,2019,2019-10-17,9685,2019-09-13,1355,016381,,5,1,9,3300,0,2,4,,2,016,"GRAND AVE","ROME HILL RD",0.00,,Y,A,-,N,,,,,,,,,,Y,2,0,3,2,A,-,09,21802,A,N,C,C,A,A,H,-,A,A,0,,,Y,,Y,,A,01,1,1,1,0,0,0,0,0,1,"- ","- ",33.625801086425781,-117.32319641113281,RIVERSIDE,UNINCORPORATED,-117.32318115234375,33.625709533691406
91100307,2019,2019-10-18,9655,2019-10-08,1540,019630,,2,2,9,3300,0,1,3,,2,213,"SR-79 S/B","GILMAN SPRINGS RD",975.00,S,N,A,-,Y,,,79,,,,,,S,Y,2,0,3,3,A,-,05,21651,A,N,B,C,A,A,H,-,A,D,0,,,,,Y,,A,01,1,1,1,0,0,0,0,0,0,"- ","- ",33.842918395996094,-117.00366973876953,RIVERSIDE,UNINCORPORATED,-117.00358581542969,33.842918395996094
91100884,2019,2019-10-18,9655,2019-10-12,1250,020669,,6,1,9,3300,0,1,3,,1,117,"SR-74 W/B","MAY VALLEY RD",1056.00,W,N,A,-,Y,,,74,,,,,,W,Y,2,0,1,1,A,-,03,22350,,N,E,I,A,A,H,-,A,D,0,,,Y,,Y,,C,02,1,0,0,0,0,0,0,0,1,"- ","- ",33.690448760986328,-116.70758819580078,RIVERSIDE,UNINCORPORATED,-116.70762634277344,33.690380096435547
91102670,2019,2019-10-22,9630,2019-10-13,0458,021908,,7,3,9,3300,0,3,5,,2,401,"DILLON ROAD","FARGO CANYON RD",5280.00,W,N,A,-,N,,,,,,,,,,Y,2,0,1,1,A,-,08,22107,,N,E,I,A,A,H,-,D,D,0,,,,,Y,,D,22,1,0,0,0,0,0,0,0,0,"- ","- ",33.760780334472656,-116.16944885253906,RIVERSIDE,UNINCORPORATED,-116.16413879394531,33.743999481201172