CASE_ID,ACCIDENT_YEAR,PROC_DATE,JURIS,COLLISION_DATE,COLLISION_TIME,OFFICER_ID,REPORTING_DISTRICT,DAY_OF_WEEK,CHP_SHIFT,POPULATION,CNTY_CITY_LOC,SPECIAL_COND,BEAT_TYPE,CHP_BEAT_TYPE,CITY_DIVISION_LAPD,CHP_BEAT_CLASS,BEAT_NUMBER,PRIMARY_RD,SECONDARY_RD,DISTANCE,DIRECTION,INTERSECTION,WEATHER_1,WEATHER_2,STATE_HWY_IND,CALTRANS_COUNTY,CALTRANS_DISTRICT,STATE_ROUTE,ROUTE_SUFFIX,POSTMILE_PREFIX,POSTMILE,LOCATION_TYPE,RAMP_INTERSECTION,SIDE_OF_HWY,TOW_AWAY,COLLISION_SEVERITY,NUMBER_KILLED,NUMBER_INJURED,PARTY_COUNT,PRIMARY_COLL_FACTOR,PCF_CODE_OF_VIOL,PCF_VIOL_CATEGORY,PCF_VIOLATION,PCF_VIOL_SUBSECTION,HIT_AND_RUN,TYPE_OF_COLLISION,MVIW,PED_ACTION,ROAD_SURFACE,ROAD_COND_1,ROAD_COND_2,LIGHTING,CONTROL_DEVICE,CHP_ROAD_TYPE,PEDESTRIAN_ACCIDENT,BICYCLE_ACCIDENT,MOTORCYCLE_ACCIDENT,TRUCK_ACCIDENT,NOT_PRIVATE_PROPERTY,ALCOHOL_INVOLVED,STWD_VEHTYPE_AT_FAULT,CHP_VEHTYPE_AT_FAULT,COUNT_SEVERE_INJ,COUNT_VISIBLE_INJ,COUNT_COMPLAINT_PAIN,COUNT_PED_KILLED,COUNT_PED_INJURED,COUNT_BICYCLIST_KILLED,COUNT_BICYCLIST_INJURED,COUNT_MC_KILLED,COUNT_MC_INJURED,PRIMARY_RAMP,SECONDARY_RAMP,LATITUDE,LONGITUDE,COUNTY,CITY,POINT_X,POINT_Y
9134093,2020,2020-08-07,3301,2020-04-20,2241,U489,11,1,5,4,3301,0,0,0,,0,001,"E WILLIAMS ST","N MARTIN ST",10.00,E,N,A,-,N,,,,,,,,,,N,2,0,1,1,A,-,01,23152,A,N,E,I,A,A,H,-,C,D,0,,,,,Y,Y,A,01,1,0,0,0,0,0,0,0,0,"- ","- ",33.927188873291016,-116.87460327148438,RIVERSIDE,BANNING,-116.87355804443359,33.927169799804688
91340992,2020,2020-11-06,9840,2020-10-29,1320,019874,,4,1,9,3300,0,3,5,,2,004,"ELLIS ST","READ ST",0.00,,Y,A,-,N,,,,,,,,,,N,2,0,1,2,A,-,05,21752,D,N,B,C,A,A,H,-,A,A,0,,,Y,,Y,,C,02,1,0,0,0,0,0,0,0,1,"- ","- ",33.771900177001953,-117.28872680664062,RIVERSIDE,UNINCORPORATED,-117.28872680664062,33.771888732910156
91341221,2020,2020-11-06,9685,2020-10-24,2215,017304,,6,3,9,3300,0,1,3,,1,039,"BUTTERFIELD STAGE RD","PAUBA RD",1056.00,N,N,A,-,N,,,,,,,,,,Y,2,0,1,1,A,-,01,23152,A,N,E,I,A,A,H,-,C,D,0,,,,,Y,Y,D,22,1,0,0,0,0,0,0,0,0,"- ","- ",33.513191223144531,-117.01219177246094,RIVERSIDE,UNINCORPORATED,-117.08946990966797,33.511062622070312
91341753,2020,2020-11-09,9655,2020-11-02,1745,018320,,1,2,4,3301,0,1,1,,2,204,"I-10 E/B TO HARGRAVE STREET","HARGRAVE ST",1056.00,W,N,A,-,Y,,,10,,,,R,,E,N,2,0,1,2,A,-,11,21954,A,N,G,B,E,A,H,-,D,D,0,Y,,,Y,Y,,N,60,1,0,0,0,1,0,0,0,0,"- ","- ",33.924041748046875,-116.87152099609375,RIVERSIDE,BANNING,-116.87152099609375,33.924041748046875
91342295,2020,2020-11-09,9685,2020-10-31,1410,016502,,6,2,9,3300,0,1,3,,1,012,SR-74,"W. ELLIS AVE.",60.00,E,N,A,-,Y,,,74,,,,,,,Y,2,0,1,1,A,-,08,22107,,N,F,A,A,A,H,-,A,A,0,,,Y,,Y,,C,02,1,0,0,0,0,0,0,0,1,"- ","- ",33.771701812744141,-117.25099945068359,RIVERSIDE,UNINCORPORATED,-117.25105285644531,33.771766662597656
91342751,2020,2020-11-10,9655,2020-11-04,1104,018168,,3,1,4,3301,0,1,1,,2,204,"I-10 E/B","HIGHLAND SPRINGS AVE",4224.00,E,N,A,-,Y,,,10,,,,,,E,Y,2,0,1,2,A,-,11,21954,A,N,G,B,E,A,D,-,A,D,0,Y,,,Y,Y,,N,60,1,0,0,0,1,0,0,0,0,"- ","- ",33.926151275634766,-116.93264007568359,RIVERSIDE,BANNING,-116.93264007568359,33.926223754882812
91343214,2020,2020-11-10,9630,2020-10-29,2305,021908,,4,3,9,3300,0,1,3,,1,074,"SR-74 E/B","74 RIV 89.56",20.00,W,N,A,-,Y,,,74,,,,,,E,N,2,0,1,1,A,-,03,22350,,N,E,I,A,A,H,-,D,D,0,,,Y,,Y,,C,02,1,0,0,0,0,0,0,0,1,"- ","- ",33.645591735839844,-116.40756225585938,RIVERSIDE,UNINCORPORATED,-116.40756225585938,33.645591735839844
91343788,2020,2020-11-12,9840,2020-11-10,0755,012208,,2,1,4,3312,0,1,1,,2,041,"INTERSTATE-215 N/B {ARMED FORCES FWY}","CAJALCO EXPRESSWAY",2309.00,S,N,A,-,Y,,,215,,,,,,N,Y,2,0,5,3,A,-,03,22350,,F,C,C,A,A,H,-,A,D,0,,,,,Y,,A,07,1,1,3,0,0,0,0,0,0,"- ","- ",33.837589263916016,-117.24870300292969,RIVERSIDE,PERRIS,-117.24866485595703,33.837608337402344
91343966,2020,2020-11-12,9655,2020-11-06,1138,019462,,5,1,9,3300,0,1,3,,1,117,SR-74,"DEVILS LADDER ROAD",0.00,,Y,B,-,Y,,,74,,,,,,,Y,2,0,3,2,A,-,09,21802,A,N,D,C,A,A,H,-,A,D,0,,,,,Y,,D,22,1,0,2,0,0,0,0,0,0,"- ","- ",33.592700958251953,-116.60700225830078,RIVERSIDE,UNINCORPORATED,-116.60699462890625,33.592704772949219
91344070,2020,2020-11-12,9655,2020-11-08,0730,018320,,7,1,2,3336,0,1,1,,2,202,"I-10 E/B","SINGLETON RD",2112.00,E,N,B,C,Y,,,10,,,,,,E,Y,2,0,3,2,A,-,03,22350,,N,C,C,A,B,H,-,A,D,0,,,,,Y,,A,01,1,0,2,0,0,0,0,0,0,"- ","- ",33.974510192871094,-117.04524993896484,RIVERSIDE,CALIMESA,-117.04526519775391,33.974479675292969
91344116,2020,2020-11-12,9655,2020-11-10,1900,019630,,2,2,9,3300,0,1,3,,1,314,"SR-74 E/B","HEMET ST",0.00,,Y,A,-,Y,,,74,,,,,,E,Y,2,0,2,2,A,-,01,23152,A,N,D,C,A,A,H,-,C,A,0,,,,,Y,Y,A,01,1,0,1,0,0,0,0,0,0,"- ","- ",33.747669219970703,-116.92385864257812,RIVERSIDE,UNINCORPORATED,-116.92385864257812,33.747756958007812
91344708,2020,2020-11-13,9655,2020-11-11,1728,019440,,3,2,9,3300,0,1,3,,1,314,"SAN JACINTO AVE","IDYLLWILD DR",789.00,N,N,A,-,N,,,,,,,,,,N,2,0,1,2,A,-,01,23153,A,F,C,G,A,A,H,-,C,D,0,,Y,,,Y,Y,A,01,1,0,0,0,0,0,1,0,0,"- ","- ",33.791301727294922,-116.95886993408203,RIVERSIDE,UNINCORPORATED,-116.95894622802734,33.791122436523438
91346025,2020,2022-03-03,9630,2020-11-05,1800,020445,,4,2,9,3300,0,3,5,,2,002,"BUCKHORN TRAIL","CHOLLA WAY",20.00,S,N,A,-,N,,,,,,,,,,N,2,0,2,1,A,-,08,22107,,N,E,I,A,A,H,-,D,D,0,,,Y,,Y,,C,06,2,0,0,0,0,0,0,0,2,"- ","- ",33.6885986328125,-116.40892028808594,RIVERSIDE,UNINCORPORATED,-116.40900421142578,33.688644409179688
91346043,2020,2020-11-16,9655,2020-11-11,1625,019462,,3,2,9,3300,0,3,5,,2,001,"TULE PEAK ROAD","COPPER CIENEGA TRUCK TRAIL",2000.00,W,N,A,-,N,,,,,,,,,,Y,2,0,2,2,A,-,05,21650,,N,A,C,A,A,A,H,B,D,0,,,Y,,Y,Y,C,02,1,0,1,0,0,0,0,0,2,"- ","- ",33.283649444580078,-116.41155242919922,RIVERSIDE,UNINCORPORATED,-116.69167327880859,33.475440979003906
91347331,2020,2020-11-18,9660,2020-10-02,1603,021509,,5,2,9,3300,0,1,1,,2,031,"I-10 W/B","MESA DR O/C",25872.00,W,N,A,-,Y,,,10,,,,,,W,Y,1,1,0,1,A,-,08,22107,,N,F,A,A,A,H,-,A,D,0,,,,,Y,,D,22,0,0,0,0,0,0,0,0,0,"- ","- ",33.610279083251953,-114.80934143066406,RIVERSIDE,UNINCORPORATED,-114.80934143066406,33.610149383544922
91347722,2020,2021-01-13,9685,2020-06-16,2038,013925,,2,2,5,3341,0,1,1,,2,020,"INTERSTATE 215 SOUTHBOUND","SCOTT ROAD",5718.00,N,N,A,-,Y,,,215,,,,,,S,Y,1,1,3,3,A,-,01,23152,F,N,C,C,A,A,D,-,D,A,0,,,,,Y,,D,22,1,0,2,0,0,0,0,0,0,"- ","- ",33.659019470214844,-117.17118072509766,RIVERSIDE,MENIFEE,-117.17121124267578,33.659019470214844
91351097,2020,2020-11-23,9840,2020-11-14,0040,019844,,6,3,6,3315,0,1,3,,2,030,"SR-91 E/B","GREEN RIVER RD",750.00,E,N,A,-,Y,,,91,,,,,,E,Y,2,0,1,1,A,-,08,22107,,N,E,I,A,A,H,-,C,D,0,,,Y,,Y,,C,02,1,0,0,0,0,0,0,0,1,"- ","- ",33.880840301513672,-117.65177917480469,RIVERSIDE,CORONA,-117.65175628662109,33.880733489990234
91353314,2020,2020-11-25,9840,2020-11-20,1345,021037,,5,1,4,3344,0,1,1,,2,011,"I-15 S/B","CANTU GALLEANO RANCH RD.",3000.00,N,N,A,-,Y,,,15,,,,,,S,N,2,0,1,3,A,-,07,21658,A,N,B,C,A,A,D,-,A,D,0,,,Y,,Y,,A,01,1,0,0,0,0,0,0,0,1,"- ","- ",34.010658264160156,-117.55039978027344,RIVERSIDE,EASTVALE,-117.55051422119141,34.010658264160156
91355135,2020,2021-02-03,9840,2020-08-23,0934,019527,,7,1,7,3313,0,1,1,,2,023,"I-215 NB TO I-215 NB","EAST LA CADENA DRIVE",1149.00,N,N,A,-,Y,,,215,,,,R,,N,Y,1,1,0,1,C,-,18,,,N,F,A,A,D,G,-,A,D,0,,,Y,,Y,,-,"- ",0,0,0,0,0,0,0,1,0,"- ","- ",33.995059967041016,-117.35591888427734,RIVERSIDE,RIVERSIDE,-117.35591888427734,33.995059967041016
91355488,2020,2020-11-30,9840,2020-09-05,0300,019844,,6,3,6,3315,0,1,1,,2,034,"INTERSTATE 15 NORTHBOUND","MAGNOLIA AVENUE",1744.00,S,N,A,-,Y,,,15,,,,,,N,Y,1,2,1,1,A,-,01,23152,G,N,E,I,A,A,D,-,C,D,0,,,,,Y,Y,A,01,0,1,0,0,0,0,0,0,0,"- ","- ",33.862339019775391,-117.53814697265625,RIVERSIDE,CORONA,-117.53822326660156,33.862274169921875
91356816,2020,2020-12-01,9630,2020-11-22,1734,021570,,7,2,9,3300,0,3,5,,2,001,"N. INDIAN CANYON DR","DILLON RD",300.00,S,N,A,-,N,,,,,,,,,,Y,2,0,1,2,A,-,09,21801,A,N,A,C,A,A,H,-,D,D,0,,,Y,Y,Y,,F,55,1,0,0,0,0,0,0,0,1,"- ","- ",33.923938751220703,-116.54531860351562,RIVERSIDE,UNINCORPORATED,-116.54529571533203,33.924018859863281
91357574,2020,2020-12-02,9655,2020-11-27,0820,018677,,5,1,9,3300,0,1,3,,1,314,"STATE ROUTE 74 (E/B)","LINCOLN AVE",810.00,E,N,A,-,Y,,,74,,,,,,,Y,2,0,1,2,A,-,01,23152,A,N,D,C,A,A,H,-,A,A,0,,,,,Y,Y,A,01,1,0,0,0,0,0,0,0,0,"- ","- ",33.747928619384766,-116.88099670410156,RIVERSIDE,UNINCORPORATED,-116.88099670410156,33.747913360595703
91357680,2020,2020-12-02,9655,2020-11-30,0730,016885,,1,1,9,3300,0,3,5,,2,003,"MINTO WAY","SAGE ROAD",1000.00,E,N,A,-,N,,,,,,,,,,Y,2,0,1,1,A,-,08,22107,,N,F,A,A,A,H,-,A,D,0,,,,,Y,,A,07,1,0,0,0,0,0,0,0,0,"- ","- ",33.649559020996094,-116.93833923339844,RIVERSIDE,UNINCORPORATED,-116.9383544921875,33.649509429931641
91358861,2020,2020-12-04,9655,2020-12-02,2325,018905,,3,3,9,3300,0,3,5,,2,003,"SOBOBA RD","CHABELA DR",6864.00,W,N,G,-,N,,,,,,,,,,Y,2,0,2,1,A,-,08,22107,,N,E,I,A,A,B,-,D,D,0,,,,,Y,,A,07,2,0,0,0,0,0,0,0,0,"- ","- ",33.810291290283203,-116.94738006591797,RIVERSIDE,UNINCORPORATED,-116.94650268554688,33.810020446777344
91361583,2020,2020-12-08,9630,2020-11-14,0940,021128,,6,1,9,3300,0,3,5,,2,402,"DILLON RD","ANGEL VIEW RD",20.00,W,N,A,-,N,,,,,,,,,,N,2,0,1,2,A,-,11,21954,A,F,G,B,E,A,H,-,A,D,0,Y,,,,Y,,N,60,1,0,0,0,1,0,0,0,0,"- ","- ",33.924911499023438,-116.42745208740234,RIVERSIDE,UNINCORPORATED,-116.42756652832031,33.925010681152344
91361716,2020,2020-12-09,9840,2020-11-27,1254,014868,,5,1,7,3313,0,1,3,,2,021,"SR-91 E/B","UNIVERSITY AVE",768.00,W,N,A,-,Y,,,91,,,,,,E,Y,2,0,2,2,A,-,08,22107,,N,B,C,A,A,H,-,A,D,0,,,,Y,Y,,A,01,1,1,0,0,0,0,0,0,0,"- ","- ",33.979290008544922,-117.37081146240234,RIVERSIDE,RIVERSIDE,-117.37068939208984,33.97918701171875
9136383,2020,2020-10-06,3313,2020-07-28,1932,0282,4,2,5,7,3313,0,0,0,,0,T48,"ADAMS ST","DUFFERIN AV",0.00,,Y,A,-,N,,,,,,,,,,Y,2,0,4,2,A,-,01,23152,A,N,D,C,A,A,H,-,A,A,0,,,,,Y,Y,A,01,1,2,1,0,0,0,0,0,0,"- ","- ",33.909908294677734,-117.40688323974609,RIVERSIDE,RIVERSIDE,-117.40621185302734,33.910919189453125
91366200,2020,2020-12-14,9655,2020-09-09,2009,019440,,3,2,9,3300,0,1,3,,1,314,"STATE ROUTE 74","4 TH STREET",116.00,W,N,A,-,Y,,,74,,,,,,,N,1,1,0,2,A,-,11,21954,A,N,G,B,D,A,H,-,D,D,0,Y,,,,Y,,N,60,0,0,0,1,0,0,0,0,0,"- ","- ",33.747871398925781,-116.89230346679688,RIVERSIDE,UNINCORPORATED,-116.89230346679688,33.747856140136719
91366288,2020,2020-12-14,9655,2020-11-11,1315,015795,,3,1,9,3300,0,1,3,,2,315,"STATE ROUTE 79","CATLIN AVENUE",770.00,S,N,A,-,Y,,,79,,,,,,,Y,1,1,0,3,A,-,03,22350,,N,C,C,A,A,H,-,A,D,0,,,Y,Y,Y,,C,02,0,0,0,0,0,0,0,1,0,"- ","- ",33.734401702880859,-117.07639312744141,RIVERSIDE,UNINCORPORATED,-117.07635498046875,33.734397888183594
91366744,2020,2020-12-22,9840,2020-12-11,1545,021873,,5,2,9,3300,0,3,5,,2,004,"HANSEN AVE.","LAKEVIEW AVE E",81.00,N,N,B,-,N,,,,,,,,,,Y,1,1,0,1,A,-,08,22107,,N,E,I,A,A,H,-,A,D,0,,,,,Y,,D,22,0,0,0,0,0,0,0,0,0,"- ","- ",33.835090637207031,-117.11689758300781,RIVERSIDE,UNINCORPORATED,-117.11698913574219,33.835113525390625
91367335,2020,2020-12-15,9840,2020-11-18,1011,017802,,3,1,9,3300,0,2,4,,2,045,"CALJALCO RD.","CLARK ST.",760.00,W,N,A,-,N,,,,,,,,,,N,2,0,1,2,C,-,18,,,N,E,J,E,A,D,-,A,A,0,Y,,,,Y,,-,"- ",1,0,0,0,1,0,0,0,0,"- ","- ",33.837200164794922,-117.29020690917969,RIVERSIDE,UNINCORPORATED,-117.29014599999999,33.837181999999999
91371711,2020,2020-12-22,9840,2020-10-01,2155,018072,,4,2,6,3345,0,1,3,,2,010,"SR-60 W/B","SANTA ANA RIVER",689.00,W,N,A,-,Y,,,60,,,,,,W,Y,1,1,0,1,A,-,03,22350,,N,E,I,A,A,D,-,C,D,0,,,,,Y,,A,01,0,0,0,0,0,0,0,0,0,"- ","- ",34.004798889160156,-117.38597106933594,RIVERSIDE,"JURUPA VALLEY",-117.38597869873047,34.004756927490234
91374316,2020,2020-12-23,9630,2020-12-12,1925,021416,,6,2,9,3300,0,3,5,,2,002,"VAN BUREN ST","CORREGIDOR AVE",0.00,,Y,A,-,N,,,,,,,,,,Y,2,0,1,2,A,-,03,22350,,N,A,C,A,A,H,-,D,D,0,,,Y,,Y,,C,02,1,0,0,0,0,0,0,0,1,"- ","- ",33.702369689941406,-116.19891357421875,RIVERSIDE,UNINCORPORATED,-116.19905853271484,33.702301025390625
91375189,2020,2020-12-25,9655,2020-12-02,1650,019049,,3,2,9,3300,0,1,1,,2,206,"INTERSTATE 10 EASTBOUND","HAUGEN-LEHMANN WAY",6864.00,W,N,A,G,Y,,,10,,,,,,E,Y,1,1,5,1,A,-,08,22107,,N,E,I,A,A,D,-,D,D,0,,,,,Y,,A,07,1,1,3,0,0,0,0,0,0,"- ","- ",33.921451568603516,-116.70532989501953,RIVERSIDE,UNINCORPORATED,-116.70541381835938,33.921764373779297
91377024,2020,2020-12-29,9630,2020-11-11,0045,020996,,3,3,9,3300,0,1,3,,2,014,"STATE ROUTE 111 SOUTHBOUND","ANGEL CANYON TRAIL",1056.00,N,N,A,-,Y,,,111,,,,,,S,Y,1,1,0,1,A,-,01,23152,A,N,F,A,A,A,H,-,D,D,0,,,,,Y,Y,A,07,0,0,0,0,0,0,0,0,0,"- ","- ",33.878799438476562,-116.5894775390625,RIVERSIDE,UNINCORPORATED,-116.58941650390625,33.878875732421875
91377812,2020,2021-02-05,9685,2020-08-16,1518,016113,,7,2,9,3300,0,1,3,,1,039,"STATE ROUTE 79","DUGAN DRIVE",676.00,N,N,A,-,Y,,,,,,,,,,Y,1,1,3,2,A,-,05,21460,A,N,A,C,A,A,H,-,A,D,0,,,,,Y,,A,01,2,1,0,0,0,0,0,0,0,"- ","- ",33.466850280761719,-117.92710113525391,RIVERSIDE,UNINCORPORATED,-116.92701721191406,33.466812133789062
91378065,2020,2020-12-30,9840,2020-12-28,1135,017546,,1,1,9,3300,0,3,5,,2,004,"MERIDIAN PARKWAY S/B","INNOVATION DR",165.00,S,N,B,-,N,,,,,,,,,,Y,2,0,1,1,A,-,08,22107,,N,E,I,A,B,H,-,A,D,0,,,,,Y,,A,07,1,0,0,0,0,0,0,0,0,"- ","- ",33.900730133056641,-117.28484344482422,RIVERSIDE,UNINCORPORATED,-117.28498077392578,33.900741577148438
91378459,2020,2020-12-31,9840,2020-12-28,1545,021198,,1,2,9,3300,0,3,5,,2,003,"CAJALCO RD","LA SIERRA AVE",4497.00,W,N,B,C,N,,,,,,,,,,Y,2,0,1,3,A,-,05,21460,A,N,A,C,A,B,H,-,A,D,0,,,,Y,Y,,D,22,1,0,0,0,0,0,0,0,0,"- ","- ",33.828201293945312,-117.47518157958984,RIVERSIDE,UNINCORPORATED,-117.47248077392578,33.827796936035156
91378625,2020,2020-12-31,9630,2020-12-24,2340,021515,,4,3,9,3300,0,3,5,,2,001,"DILLON RD","AVENIDA MANZANA",920.00,E,N,A,-,N,,,,,,,,,,N,2,0,1,2,A,-,11,21954,A,N,G,B,D,A,H,-,D,D,0,Y,,,,Y,Y,N,60,1,0,0,0,1,0,0,0,0,"- ","- ",33.924980163574219,-116.49315643310547,RIVERSIDE,UNINCORPORATED,-116.49017333984375,33.924968719482422
91379158,2020,2021-01-01,9685,2020-12-09,1720,017399,,3,2,9,3300,0,1,3,,1,031,"SR-79 NB","AULD ROAD",100.00,S,N,A,-,Y,,,79,,,,,,N,Y,2,0,1,2,A,-,03,22350,,N,C,C,A,A,H,-,B,A,0,,,Y,,Y,,C,02,1,0,0,0,0,0,0,0,1,"- ","- ",33.582019805908203,-117.13288116455078,RIVERSIDE,UNINCORPORATED,-117.13298034667969,33.582065582275391
91380718,2020,2021-01-05,9630,2020-12-30,1516,020845,,3,2,9,3300,0,3,5,,2,401,"DILLON ROAD","JOHNSON STREET",660.00,W,N,A,-,N,,,,,,,,,,Y,2,0,1,2,A,-,03,22350,,F,C,C,A,A,H,-,A,D,0,,,Y,,Y,,A,01,1,0,0,0,0,0,0,0,1,"- ","- ",33.925281524658203,-116.44489288330078,RIVERSIDE,UNINCORPORATED,-116.44482421875,33.925251007080078
91383255,2020,2021-01-07,9840,2020-12-15,2245,019492,,2,3,6,3345,0,1,3,,2,010,"SR-60 W/B","VALLEY WAY",2750.00,W,N,A,-,Y,,,60,,,,,,W,Y,2,0,2,4,A,-,01,23152,A,N,A,C,A,A,H,-,A,D,0,,,,Y,Y,Y,A,08,1,1,0,0,0,0,0,0,0,"- ","- ",34.013450622558594,-117.44310760498047,RIVERSIDE,"JURUPA VALLEY",-117.44309997558594,34.013591766357422
91384771,2021,2021-01-11,9840,2021-01-04,0309,021218,,1,3,6,3315,0,1,S,,2,310,"SR-91 E/B","SERFAS CLUB DR",1925.00,W,N,A,-,Y,,,91,,,,,,E,Y,2,0,1,1,A,-,08,22107,,N,E,I,A,A,H,-,D,D,0,,,,,Y,Y,A,01,1,0,0,0,0,0,0,0,0,"- ","- ",33.881458282470703,-117.61903381347656,RIVERSIDE,CORONA,-117.61904144287109,33.881397247314453
91385431,2020,2021-01-11,9655,2020-12-02,1610,015892,,3,2,9,3300,0,1,3,,1,119,"STATE ROUTE 371","HOWARD ROAD",0.00,,Y,A,-,Y,,,371,,,,,,,Y,1,1,0,2,A,-,09,21801,A,N,A,C,A,A,H,-,B,D,0,,,,,Y,,D,22,0,0,0,0,0,0,0,0,0,"- ","- ",33.548511505126953,-116.71846771240234,RIVERSIDE,UNINCORPORATED,-116.71849822998047,33.548591613769531
91386095,2021,2021-01-12,9685,2021-01-08,0915,017399,,5,1,9,3300,0,3,5,,2,003,"DE PORTOLA ROAD","VIA VERDE",0.00,,Y,A,-,N,,,,,,,,,,Y,2,0,1,2,A,-,05,21460,A,N,A,C,A,A,H,-,A,D,0,,,,,Y,,A,07,1,0,0,0,0,0,0,0,0,"- ","- ",33.517841339111328,-117.01963043212891,RIVERSIDE,UNINCORPORATED,-117.01959991455078,33.517799377441406
91387093,2021,2021-01-13,9660,2021-01-04,2052,021189,,1,2,3,3303,0,1,1,,2,040,"I-10 W/B","CA/AZ STATELINE",1153.00,W,N,A,-,Y,,,10,,,,,,W,Y,2,0,1,2,A,-,08,22107,,N,C,C,A,A,H,-,C,A,0,,,,Y,Y,,A,01,1,0,0,0,0,0,0,0,0,"- ","- ",33.605861663818359,-114.53424072265625,RIVERSIDE,BLYTHE,-114.53427886962891,33.605690002441406
91387459,2021,2021-01-14,9840,2021-01-01,1010,014916,,5,1,9,3300,0,3,5,,2,004,"OLD ELSINORE RD.","SAN JACINTO AVE",0.00,,Y,A,-,N,,,,,,,,,,Y,2,0,2,1,A,-,03,22350,,N,E,I,A,A,H,-,A,A,0,,,,,Y,,A,01,2,0,0,0,0,0,0,0,0,"- ","- ",33.787269592285156,-117.27371978759766,RIVERSIDE,UNINCORPORATED,-117.27339935302734,33.786521911621094
91388192,2021,2021-01-15,9685,2021-01-10,1006,017285,,7,1,9,3300,0,1,3,,2,011,"SR-74 (ORTEGA HWY)","GRAND AVENUE",12672.00,W,N,A,-,Y,,,74,,,,,,,Y,2,0,1,1,A,-,08,22107,,N,E,I,A,A,H,-,A,D,0,,,Y,,Y,,C,02,1,0,0,0,0,0,0,0,1,"- ","- ",33.641651153564453,-117.38224792480469,RIVERSIDE,UNINCORPORATED,-117.38228607177734,33.641506195068359
91388219,2020,2021-01-15,9840,2020-12-27,0231,021862,,7,3,9,3300,0,1,3,,2,025,"SR-60 W/B","GILMAN SPRINGS RD",1595.00,W,N,A,-,Y,,,60,,,,,,W,Y,2,0,2,2,A,-,01,23152,A,N,B,C,A,A,H,-,D,D,0,,,,,Y,Y,D,22,1,1,0,0,0,0,0,0,0,"- ","- ",33.938240051269531,-117.131591796875,RIVERSIDE,UNINCORPORATED,-117.131591796875,33.938270568847656
91388331,2021,2021-01-15,9655,2021-01-06,1310,014516,,3,1,9,3300,0,3,5,,2,002,"POTRERO BLVD","S/EDGE POTRERO BLVD O/C",204.00,S,N,A,-,N,,,,,,,,,,Y,2,0,1,1,A,-,08,22107,,N,E,I,A,A,H,-,A,D,0,,,,,Y,,D,22,1,0,0,0,0,0,0,0,0,"- ","- ",33.932598114013672,-117.01689910888672,RIVERSIDE,UNINCORPORATED,,
91389428,2020,2021-01-18,9840,2020-10-27,0640,015444,,2,1,9,3300,0,1,1,,2,040,"I-215 S/B","VAN BUREN BLVD",1428.00,S,N,A,-,Y,,,215,,,,,,S,Y,1,1,2,6,A,-,03,22350,,N,C,C,A,A,H,-,C,D,0,,,,Y,Y,,D,22,1,0,1,0,0,0,0,0,0,"- ","- ",33.8837890625,-117.26882934570312,RIVERSIDE,UNINCORPORATED,-117.26896667480469,33.883750915527344
91389470,2020,2021-04-20,9840,2020-05-04,0238,021261,,1,3,6,3315,0,1,3,,2,030,"STATE ROUTE 91 W/B","NORTH SMITH AVENUE",200.00,E,N,A,-,Y,,,91,,,,,,W,Y,1,1,1,2,A,-,03,22350,,N,C,C,A,A,H,-,D,D,0,,,,Y,Y,,F,26,1,0,0,0,0,0,0,0,0,"- ","- ",33.882110595703125,-117.59342956542969,RIVERSIDE,CORONA,-117.59339141845703,33.881893157958984
91389520,2020,2021-01-18,9840,2020-10-23,2036,018281,,5,2,6,3315,0,1,3,,2,031,"SR-91 EASTBOUND","MCKINLEY ST",2012.00,W,N,A,-,Y,,,91,,,,,,E,Y,1,1,0,2,A,-,11,21954,A,N,G,B,E,A,H,-,D,D,0,Y,,,,Y,,N,60,0,0,0,1,0,0,0,0,0,"- ","- ",33.884189605712891,-117.5240478515625,RIVERSIDE,CORONA,-117.52404022216797,33.884136199951172
91390354,2020,2021-12-03,9840,2020-08-23,0400,019893,,7,3,6,3315,0,1,3,,2,030,"SR-91 W/B TO SR-71 N/B",SR-71,701.00,E,N,A,-,Y,,,91,,,,R,,W,Y,1,1,0,2,A,-,03,22350,,N,C,C,A,A,H,-,C,D,0,,,Y,,Y,Y,D,22,0,0,0,0,0,0,0,1,0,"- ","- ",33.884510040283203,-117.63841247558594,RIVERSIDE,CORONA,-117.63841247558594,33.884510040283203
91390372,2021,2021-01-19,9840,2021-01-08,1305,014366,,5,1,9,3300,0,3,5,,2,003,"TERETICORNIS AVE (18300 BLOCK)","RED GUM DR",121.00,W,N,A,-,N,,,,,,,,,,N,2,0,1,2,A,-,11,21954,A,N,G,B,D,A,H,-,A,D,0,Y,,,,Y,,N,60,1,0,0,0,1,0,0,0,0,"- ","- ",33.703800201416016,-117.33879852294922,RIVERSIDE,UNINCORPORATED,-117.33875274658203,33.703899383544922