CASE_ID,ACCIDENT_YEAR,PROC_DATE,JURIS,COLLISION_DATE,COLLISION_TIME,OFFICER_ID,REPORTING_DISTRICT,DAY_OF_WEEK,CHP_SHIFT,POPULATION,CNTY_CITY_LOC,SPECIAL_COND,BEAT_TYPE,CHP_BEAT_TYPE,CITY_DIVISION_LAPD,CHP_BEAT_CLASS,BEAT_NUMBER,PRIMARY_RD,SECONDARY_RD,DISTANCE,DIRECTION,INTERSECTION,WEATHER_1,WEATHER_2,STATE_HWY_IND,CALTRANS_COUNTY,CALTRANS_DISTRICT,STATE_ROUTE,ROUTE_SUFFIX,POSTMILE_PREFIX,POSTMILE,LOCATION_TYPE,RAMP_INTERSECTION,SIDE_OF_HWY,TOW_AWAY,COLLISION_SEVERITY,NUMBER_KILLED,NUMBER_INJURED,PARTY_COUNT,PRIMARY_COLL_FACTOR,PCF_CODE_OF_VIOL,PCF_VIOL_CATEGORY,PCF_VIOLATION,PCF_VIOL_SUBSECTION,HIT_AND_RUN,TYPE_OF_COLLISION,MVIW,PED_ACTION,ROAD_SURFACE,ROAD_COND_1,ROAD_COND_2,LIGHTING,CONTROL_DEVICE,CHP_ROAD_TYPE,PEDESTRIAN_ACCIDENT,BICYCLE_ACCIDENT,MOTORCYCLE_ACCIDENT,TRUCK_ACCIDENT,NOT_PRIVATE_PROPERTY,ALCOHOL_INVOLVED,STWD_VEHTYPE_AT_FAULT,CHP_VEHTYPE_AT_FAULT,COUNT_SEVERE_INJ,COUNT_VISIBLE_INJ,COUNT_COMPLAINT_PAIN,COUNT_PED_KILLED,COUNT_PED_INJURED,COUNT_BICYCLIST_KILLED,COUNT_BICYCLIST_INJURED,COUNT_MC_KILLED,COUNT_MC_INJURED,PRIMARY_RAMP,SECONDARY_RAMP,LATITUDE,LONGITUDE,COUNTY,CITY,POINT_X,POINT_Y
92288183,2024,2024-01-16,9840,2024-01-16,"850 ",017546,,2,1,6,3345,0,1,3,,2,010,"SR-60 E/B","HALL AVENUE",1695.00,E,N,A,-,Y,RIV,,60," "," ",10.294,H,,R,Y,2,0,1,2,A,-,07,21658,A,N,C,C,A,A,H,-,A,D,0,,,Y,,Y,,A,01,1,0,0,0,0,0,0,0,1,"- ","- ",34.004928588867188,-117.38765716552734,RIVERSIDE,"JURUPA VALLEY",-117.38766479492188,34.004917144775391
92290991,2023,2024-01-18,9840,2023-05-21,"250 ",022448,,7,3,6,3315,0,1,3,,2,030,"STATE ROUTE 91 EASTBOUND","SERFAS CLUB DRIVE",2159.00,W,N,A,-,Y,RIV,,91," ",R,3.301,H,,R,Y,1,1,1,2,A,-,11,21954,A,N,G,B,E,A,H,-,C,D,0,Y,,,,Y,Y,N,60,0,1,0,1,0,0,0,0,0,"- ","- ",33.881511688232422,-117.62030792236328,RIVERSIDE,CORONA,-117.62030029296875,33.881557464599609
92291041,2023,2024-01-18,9840,2023-06-18,"441 ",021872,,7,3,6,3315,0,1,1,,2,034,"INTERSTATE 15 SOUTHBOUND","CAJALCO ROAD",1311.00,S,N,A,-,Y,RIV,,15," "," ",36.600,H,,L,Y,1,1,1,1,A,-,01,23152,A,N,E,8,A,A,H,-,D,D,0,,,,,Y,Y,D,22,0,1,0,0,0,0,0,0,0,"- ","- ",33.818679809570312,-117.51571655273438,RIVERSIDE,CORONA,-117.51564788818359,33.818744659423828
92295695,2024,2024-01-24,9685,2024-01-18,1258,016347,,4,1,9,3300,0,1,3,,2,011,"SR-74 (ORETGA HWY) W/B","GRAND AVENUE",12672.00,W,N,B,-,Y,RIV,,74," "," ",9.457,H,,L,Y,2,0,1,1,A,-,03,22350,,N,E,I,A,A,H,-,A,D,0,,,Y,,Y,,C,02,1,0,0,0,0,0,0,0,1,"- ","- ",33.641609191894531,-117.38227081298828,RIVERSIDE,UNINCORPORATED,-117.38228607177734,33.641498565673828
92295912,2024,2024-01-24,9840,2024-01-16,"45  ",023574,,2,3,4,3307,0,1,1,,2,037,"I-15 N/B","INDIAN TRUCK TRAIL",5280.00,S,N,A,-,Y,RIV,,15," "," ",29.345,H,,R,Y,2,0,2,1,A,-,08,22107,,N,F,A,A,A,H,-,D,D,0,,,,,Y,,A,01,1,1,0,0,0,0,0,0,0,"- ","- ",33.742290496826172,-117.43589782714844,RIVERSIDE,"LAKE ELSINORE",-117.43590545654297,33.742279052734375
92295933,2024,2024-01-24,9840,2024-01-13,"630 ",023430,,6,1,4,3312,0,1,1,,2,041,"I-215 S/B","D STREET",35.00,N,N,A,-,Y,RIV,,215," "," ",27.249,H,,L,Y,2,0,2,1,A,-,01,23152,A,N,E,I,A,A,H,-,B,D,0,,,,,Y,Y,A,07,1,1,0,0,0,0,0,0,0,"- ","- ",33.792228698730469,-117.22872161865234,RIVERSIDE,PERRIS,-117.22873687744141,33.792217254638672
92296966,2023,2024-01-29,9840,2023-11-17,1707,019527,,5,2,7,3313,0,1,3,,2,020,"STATE ROUTE 91 EASTBOUND","VAN BUREN BOULEVARD",847.00,W,N,A,-,Y,RIV,,91," "," ",13.904,H,,R,Y,1,1,0,3,A,-,03,22350,,N,C,C,A,A,H,-,C,D,0,,,Y,,Y,,C,02,0,0,0,0,0,0,0,1,0,"- ","- ",33.913379669189453,-117.44439697265625,RIVERSIDE,RIVERSIDE,-117.44435882568359,33.913333892822266
92297054,2024,2024-01-25,9685,2024-01-08,1326,015906,,1,1,4,3307,0,1,1,,2,010,"I-15 NORTHBOUND","SAN JACINTO RIVER BRIDGE UNDERCROSSING",272.00,S,N,A,-,Y,RIV,,15," "," ",19.311,H,,R,Y,2,0,1,4,A,-,03,22350,,N,C,C,A,A,H,-,A,D,0,,,Y,,Y,,C,02,1,0,0,0,0,0,0,0,1,"- ","- ",33.663791656494141,-117.30019378662109,RIVERSIDE,"LAKE ELSINORE",-117.30012512207031,33.663837432861328
92298128,2024,2024-01-26,9840,2024-01-24,2108,021194,,3,2,7,3313,0,1,3,,2,021,"SR-91 E/B","14TH STREET",250.00,E,N,B,-,Y,RIV,,91," "," ",20.053,H,,R,Y,2,0,2,2,A,-,03,22350,,N,C,C,A,A,H,-,A,D,0,,,,,Y,,A,01,1,1,0,0,0,0,0,0,0,"- ","- ",33.974468231201172,-117.37265014648438,RIVERSIDE,RIVERSIDE,-117.37271118164062,33.974498748779297
92298440,2023,2024-01-26,9630,2023-11-24,"658 ",019325,,5,1,9,3300,0,1,1,,2,010,"INTERSTATE 10 EASTBOUND","STATE ROUTE 62 WESTBOUND",50.00,W,N,A,-,Y,RIV,,10," "," ",29.387,H,,R,Y,1,1,1,1,A,-,08,22107,,N,E,8,A,A,H,-,A,D,0,,,,,Y,,A,07,1,0,0,0,0,0,0,0,0,"- ","- ",33.915199279785156,-116.60912322998047,RIVERSIDE,UNINCORPORATED,-116.60910034179688,33.915275573730469
92298488,2023,2024-01-29,9630,2023-09-07,1120,019310,,4,1,9,3300,0,1,1,,2,010,"INTERSTATE 10 WESTBOUND","PALM DRIVE",4224.00,E,N,A,-,Y,RIV,,10," "," ",37.015,H,,L,Y,1,1,1,1,A,-,08,22107,,N,F,A,A,A,H,-,A,D,0,,,Y,,Y,,C,02,1,0,0,0,0,0,0,1,1,"- ","- ",33.870628356933594,-116.49307250976562,RIVERSIDE,UNINCORPORATED,-116.49301147460938,33.870677947998047
92299432,2024,2024-01-29,9840,2024-01-19,1850,015444,,5,2,6,3315,0,1,3,,2,031,"SR-91 E/B","MCKINLEY ST",3168.00,W,N,A,-,Y,RIV,,91," "," ",8.581,H,,R,Y,2,0,3,2,A,-,03,22350,,N,C,C,A,A,H,-,C,D,0,,,,,Y,,A,01,1,0,2,0,0,0,0,0,0,"- ","- ",33.883831024169922,-117.52777099609375,RIVERSIDE,CORONA,-117.52777099609375,33.883804321289062
92299450,2024,2024-01-29,9840,2024-01-05,2330,023228,,5,3,6,3345,0,1,3,,2,010,"SR 60 EASTBOUND","VALLEY WAY",2640.00,E,N,A,-,Y,RIV,,60," "," ",8.102,H,,R,N,2,0,5,2,A,-,01,23152,A,F,C,C,A,A,H,-,D,D,0,,,,,Y,Y,A,01,1,1,3,0,0,0,0,0,0,"- ","- ",34.008941650390625,-117.42463684082031,RIVERSIDE,"JURUPA VALLEY",-117.42465972900391,34.008892059326172
92299506,2024,2024-01-29,9655,2024-01-19,1750,021578,,5,2,9,3300,0,3,5,,2,003,"STANFORD ST.","MARINE DR.",190.00,N,N,A,-,N,,,,,,,,,,N,2,0,1,2,A,-,07,21658,A,N,B,C,A,A,H,-,C,D,0,,,,,Y,,A,07,1,0,0,0,0,0,0,0,0,"- ","- ",33.746910095214844,-116.93258666992188,RIVERSIDE,UNINCORPORATED,-116.93256378173828,33.746898651123047
92299667,2024,2024-01-29,9630,2024-01-21,1636,019758,,7,2,9,3300,0,3,5,,2,502,"AIRPORT BLVD","HARRISON ST",0.00,,Y,B,-,N,,,,,,,,,,Y,2,0,5,2,A,-,09,21801,A,F,A,C,A,A,H,-,A,A,0,,,,,Y,,A,01,3,2,0,0,0,0,0,0,0,"- ","- ",33.642040252685547,-116.18112945556641,RIVERSIDE,UNINCORPORATED,-116.18118286132812,33.642036437988281
92302207,2024,2024-01-31,9655,2024-01-22,"925 ",018168,,1,1,4,3301,0,1,1,,2,204,"I-10 EASTBOUND","HARGRAVE STREET",6917.00,E,N,C,-,Y,RIV,,10," ",R,15.119,H,,R,Y,2,0,5,3,A,-,03,22350,,N,C,C,A,B,H,-,A,D,0,,,,,Y,,D,22,1,4,0,0,0,0,0,0,0,"- ","- ",33.927898406982422,-116.84618377685547,RIVERSIDE,BANNING,-116.84614562988281,33.92779541015625
92302865,2024,2024-02-01,9655,2024-01-21,"140 ",021924,,7,3,4,3301,0,1,1,,2,204,"INTERSTATE 10 E/B","HARGRAVE STREET",2112.00,E,N,B,C,Y,RIV,,10," "," ",14.252,H,,R,Y,2,0,2,1,A,-,03,22350,,N,F,A,A,B,H,-,D,D,0,,,,,Y,,A,01,1,0,1,0,0,0,0,0,0,"- ","- ",33.924121856689453,-116.86119842529297,RIVERSIDE,BANNING,-116.86122131347656,33.924327850341797
92306573,2024,2024-02-06,9685,2024-01-29,1640,015295,,1,2,9,3300,0,3,5,,2,003,"PAUBA ROAD","LOS CABALLOS ROAD",1584.00,S,N,A,-,N,,,,,,,,,,Y,2,0,1,1,A,-,03,22350,,N,E,I,A,A,H,-,A,D,0,,,Y,,Y,,C,02,1,0,0,0,0,0,0,0,1,"- ","- ",33.487560272216797,-117.02484130859375,RIVERSIDE,UNINCORPORATED,-117.02516174316406,33.488426208496094
92306720,2024,2024-03-15,9840,2024-01-26,2134,022457,,5,2,9,3300,0,3,5,,2,002,"W. LA CADENA DR","KLUK LN.",154.00,N,N,A,-,N,,,,,,,,,,Y,2,0,1,2,A,-,09,21804,A,N,D,C,A,A,H,-,C,D,0,,,,,Y,Y,A,07,1,0,0,0,0,0,0,0,0,"- ","- ",34.018150329589844,-117.34104919433594,RIVERSIDE,UNINCORPORATED,-117.341064453125,34.018074035644531
92311613,2023,2024-02-12,9655,2023-12-17,1550,020669,,7,2,9,3300,0,3,5,,2,001,"ANZA ROAD","VALLEY VIEW LN",15.00,N,N,A,-,N,,,,,,,,,,N,1,1,0,1,A,-,08,22107,,N,E,8,A,A,H,-,B,D,0,,,,,Y,,D,22,0,0,0,0,0,0,0,0,0,"- ","- ",33.553379058837891,-116.67262268066406,RIVERSIDE,UNINCORPORATED,-116.67252349853516,33.553340911865234
92312608,2024,2024-02-13,9840,2024-02-11,2050,022448,,7,2,9,3300,0,3,5,,2,003,"GRAND AVENUE","ROBYN COURT",40.00,N,N,A,-,N,,,,,,,,,,Y,2,0,1,1,A,-,01,23152,A,N,E,8,A,A,H,-,D,D,0,,,Y,,Y,Y,C,02,1,0,0,0,0,0,0,0,1,"- ","- ",33.680751800537109,-117.39733123779297,RIVERSIDE,UNINCORPORATED,-117.39746856689453,33.680755615234375
92313645,2024,2024-02-14,9685,2024-01-31,1741,016765,,3,2,9,3300,0,1,3,,1,031,"SR-79 (WINCHESTER RD)","SPARKMAN WAY",1243.00,S,N,A,-,N,,,,,,,,,,Y,2,0,4,4,A,-,01,23152,A,N,C,C,A,A,H,-,B,D,0,,,,,Y,Y,D,22,1,2,1,0,0,0,0,0,0,"- ","- ",33.572650909423828,-117.13539886474609,RIVERSIDE,UNINCORPORATED,-117.13555145263672,33.57269287109375
92315230,2023,2024-02-15,9840,2023-11-11,2231,022180,,6,3,9,3300,0,2,4,,2,043,"RAMONA EXPRESSWAY","5TH STREET",574.00,W,N,A,-,N,,,,,,,,,,Y,1,1,0,2,A,-,11,21954,A,N,G,B,D,A,H,-,D,D,0,Y,,,,Y,Y,N,60,0,0,0,1,0,0,0,0,0,"- ","- ",33.839801788330078,-117.10312652587891,RIVERSIDE,UNINCORPORATED,-117.10306549072266,33.839824676513672
92315941,2024,2024-02-16,9840,2024-01-26,1800,018611,,5,2,6,3315,0,1,1,,2,011,"I-15 N/B","MAGNOLIA AVENUE",782.00,N,N,A,-,Y,RIV,,15," "," ",40.515,H,,R,Y,2,0,2,3,A,-,03,22350,,N,C,C,A,A,H,-,D,D,0,,,,Y,Y,,D,72,1,0,1,0,0,0,0,0,0,"- ","- ",33.868011474609375,-117.54341888427734,RIVERSIDE,CORONA,-117.54344177246094,33.868003845214844
92317775,2024,2024-02-20,9655,2024-02-10,"625 ",019871,,6,1,3,3302,0,1,1,,2,202,"I-10 W/B","OAK VALLEY PARKWAY",1350.00,E,N,A,-,Y,,,,,,,,,,Y,2,0,1,1,A,-,01,23152,A,N,E,I,A,A,H,-,A,D,0,,,,,Y,Y,A,07,1,0,0,0,0,0,0,0,0,"- ","- ",33.941860198974609,-116.99990844726562,RIVERSIDE,BEAUMONT,-117.00009918212891,33.941696166992188
92318468,2024,2024-02-20,9630,2024-02-13,1040,016635,,2,1,9,3300,0,3,5,,2,502,"CALHOUN ST","53RD AVE",0.00,,Y,A,-,N,,,,,,,,,,Y,2,0,2,2,A,-,09,21802,A,N,D,C,A,A,H,-,A,A,0,,,,,Y,,A,08,1,0,1,0,0,0,0,0,0,"- ","- ",33.663749694824219,-116.20783996582031,RIVERSIDE,UNINCORPORATED,-116.20785522460938,33.663761138916016
92319464,2023,2024-02-21,9655,2023-10-22,1915,021908,,7,2,9,3300,0,3,5,,2,003,"DOMENIGONI PARKWAY E/B","ALAMAR MESA DRIVE",1008.00,W,N,A,-,N,,,,,,,,,,Y,1,1,2,3,A,-,01,23152,F,N,A,C,A,A,H,-,D,D,0,,,,,Y,,D,22,1,0,1,0,0,0,0,0,0,"- ","- ",33.707771301269531,-117.02413940429688,RIVERSIDE,UNINCORPORATED,-117.02394866943359,33.707801818847656
92320643,2023,2024-02-22,9840,2023-08-10,1937,023250,,4,2,9,3300,0,3,5,,2,004,"OLD ELSINORE ROAD","ALOHA ROAD",951.00,S,N,A,-,Y,,,,,,,,,,N,1,1,0,2,A,-,11,21954,A,N,G,B,D,A,H,-,B,D,0,Y,,,,Y,,-,"- ",0,0,0,1,0,0,0,0,0,"- ","- ",33.790271759033203,-117.2742919921875,RIVERSIDE,UNINCORPORATED,-117.27425384521484,33.790283203125
92323113,2024,2024-02-26,9840,2024-02-25,2019,023228,,7,2,7,3313,0,1,1,,2,023,"I 215 NORTHBOUND","UNIVERSITY AVENUE",1795.00,S,N,A,-,Y,RIV,,215," "," ",41.140,H,,R,N,2,0,1,2,A,-,01,23152,A,N,C,C,A,A,H,-,C,D,0,,,,,Y,Y,D,22,1,0,0,0,0,0,0,0,0,"- ","- ",33.971851348876953,-117.33128356933594,RIVERSIDE,RIVERSIDE,-117.33127593994141,33.971855163574219
92325221,2024,2024-02-28,9630,2024-02-18,1945,021897,,7,2,9,3300,0,3,5,,2,003,"BOX CANYON RD","PAINTED CANYON RD",13200.00,W,N,A,-,N,,,,,,,,,,N,2,0,1,1,A,-,08,22107,,N,F,A,A,A,H,-,D,D,0,,,Y,,Y,,C,02,1,0,0,0,0,0,0,0,1,"- ","- ",33.592311859130859,-115.96758270263672,RIVERSIDE,UNINCORPORATED,-115.99598693847656,33.575809478759766
92326275,2024,2024-02-29,9685,2024-02-26,1559,018849,,1,2,9,3300,0,3,5,,2,003,"RANCHO CALIFORNIA RD","LA SERENA WAY",1115.00,E,N,B,-,N,,,,,,,,,,Y,2,0,2,1,A,-,01,23152,A,N,E,8,A,A,H,-,A,D,0,,,,,Y,Y,A,01,1,0,1,0,0,0,0,0,0,"- ","- ",33.523120880126953,-117.08006286621094,RIVERSIDE,UNINCORPORATED,-117.07977294921875,33.523258209228516
92326484,2023,2024-02-29,9840,2023-11-25,2008,021481,,6,2,6,3394,0,1,3,,2,025,"STATE ROUTE 60 WESTBOUND","MORENO BEACH DRIVE",528.00,W,N,A,-,Y,RIV,,60," "," ",18.948,H,,L,N,1,1,0,2,A,-,08,22107,,F,G,B,E,A,D,-,C,D,0,Y,,,,Y,,A,01,0,0,0,1,0,0,0,0,0,"- ","- ",33.939418792724609,-117.18142700195312,RIVERSIDE,"MORENO VALLEY",-117.18142700195312,33.939384460449219
92326669,2024,2024-02-29,9840,2024-02-19,"110 ",023228,,1,3,6,3394,0,1,3,,2,025,"SR 60 EASTBOUND","REDLANDS BOULEVARD",2270.00,W,N,A,-,Y,RIV,,60," "," ",19.935,H,,R,N,2,0,1,1,A,-,08,22107,,N,E,I,A,A,H,-,D,D,0,,,,,Y,,D,22,1,0,0,0,0,0,0,0,0,"- ","- ",33.939079284667969,-117.16429901123047,RIVERSIDE,"MORENO VALLEY",-117.16429901123047,33.939189910888672
92326953,2024,2024-02-29,9840,2024-02-23,1533,018248,,5,2,6,3315,0,1,1,,2,034,"I-15 N/B","DOS LAGOS DR",3802.00,S,N,A,-,Y,RIV,,15," "," ",34.928,H,,R,Y,2,0,2,2,A,-,03,22350,,N,C,C,A,A,H,-,A,D,0,,,,,Y,,A,08,1,1,0,0,0,0,0,0,0,"- ","- ",33.79766845703125,-117.50176239013672,RIVERSIDE,CORONA,-117.50175476074219,33.797676086425781
92327619,2024,2024-03-01,9840,2024-02-18,1526,023430,,7,2,7,3313,0,1,3,,2,025,"SR-60 E/B TO DAY STREET","DAY STREET",390.00,E,N,A,-,Y,,,,,,,,,,N,2,0,1,1,A,-,03,22350,,N,E,I,A,A,H,-,A,D,0,,,Y,,Y,,C,02,1,0,0,0,0,0,0,0,1,"- ","- ",33.941818237304688,-117.27754211425781,RIVERSIDE,RIVERSIDE,-117.27754211425781,33.941818237304688
92330036,2024,2024-03-05,9685,2024-03-01,2015,015880,,5,2,5,3335,0,1,1,,2,030,"INTERSTATE 15 N/B","OVERLAND DRIVE",135.00,S,N,B,-,Y,RIV,,15," "," ",6.219,H,,R,Y,2,0,2,4,A,-,03,22350,,F,C,2,A,A,D,-,C,D,0,,,,Y,Y,,G,25,2,0,0,0,0,0,0,0,0,"- ","- ",33.517578125,-117.15940856933594,RIVERSIDE,TEMECULA,-117.15950775146484,33.517532348632812
92333738,2023,2024-05-29,9685,2023-08-19,1226,016885,,6,1,4,3342,0,1,1,,2,030,"INTERSTATE 15 SOUTHBOUND","CALIFORNIA OAKS ROAD",1440.00,N,N,D,-,Y,RIV,,15," "," ",10.891,H,,L,Y,1,1,1,1,A,-,01,23152,A,N,E,I,A,A,H,-,A,D,0,,,,,Y,,A,01,0,1,0,0,0,0,0,0,0,"- ","- ",33.568168640136719,-117.21074676513672,RIVERSIDE,MURRIETA,-117.21076965332031,33.568149566650391
92336282,2024,2024-03-12,9685,2024-03-03,"18  ",020637,,7,3,4,3342,0,1,1,,2,034,"I-215 NORTHBOUND","LOS ALAMOS ROAD",2000.00,N,N,B,-,Y,RIV,,215," ",R,10.849,H,,R,Y,2,0,2,1,A,-,01,23152,A,N,E,I,A,B,H,-,D,D,0,,,,,Y,Y,A,01,1,1,0,0,0,0,0,0,0,"- ","- ",33.575870513916016,-117.180908203125,RIVERSIDE,MURRIETA,-117.18076324462891,33.575870513916016
92337207,2024,2024-03-13,9840,2024-02-05,2111,021047,,1,2,9,3300,0,3,5,,2,004,"RAMONA AVENUE","NUEVO ROAD",175.00,N,N,B,C,N,,,,,,,,,,N,2,0,1,2,A,-,11,21954,A,N,G,B,D,D,H,-,D,D,0,Y,,,,Y,,N,60,1,0,0,0,1,0,0,0,0,"- ","- ",33.800670623779297,-117.14761352539062,RIVERSIDE,UNINCORPORATED,-117.14761352539062,33.801731109619141
92339610,2024,2024-03-15,9840,2024-03-03,"615 ",023430,,7,1,7,3313,0,1,1,,2,023,"I-215 N/B","MARTIN LUTHER KING BLVD",1350.00,S,N,B,-,Y,RIV,,215," "," ",40.654,H,,R,Y,2,0,1,2,A,-,08,22107,,N,C,C,A,B,H,-,B,D,0,,,,,Y,,A,01,1,0,0,0,0,0,0,0,0,"- ","- ",33.965930938720703,-117.32669067382812,RIVERSIDE,RIVERSIDE,-117.32676696777344,33.965900421142578
92341994,2024,2024-03-19,9685,2024-03-03,"106 ",016986,,7,3,4,3342,0,1,1,,2,030,"I-215 S/B TO I-15 S/B","WINCHESTER RD.",6864.00,N,N,B,-,Y,RIV,,15," "," ",8.010,H,,L,Y,2,0,1,3,C,-,18,,,N,D,C,A,B,H,-,D,D,0,,,,,Y,,-,"- ",1,0,0,0,0,0,0,0,0,"- ","- ",33.539970397949219,-117.17501068115234,RIVERSIDE,MURRIETA,-117.17488098144531,33.540027618408203
92342164,2024,2024-03-19,9840,2024-03-06,"530 ",023615,,3,3,7,3313,0,1,1,,2,023,"INTERSTATE 215 SOUTHBOUND","MARTIN LUTHER KING BLVD",3168.00,S,N,C,-,Y,RIV,,215," "," ",40.259,H,,L,Y,2,0,1,1,A,-,08,22107,,M,E,I,A,A,H,-,B,D,0,,,,,Y,,A,01,1,0,0,0,0,0,0,0,0,"- ","- ",33.962318420410156,-117.32170867919922,RIVERSIDE,RIVERSIDE,-117.32181549072266,33.962135314941406
92343935,2024,2024-03-21,9630,2024-03-10,2120,021515,,7,2,9,3300,0,1,3,,2,014,"SR-111 S/B","ANGEL CANYON TRL",787.00,N,N,A,-,Y,RIV,,111," "," ",57.236,H,,L,Y,2,0,2,1,A,-,08,22107,,N,E,I,A,A,H,-,D,D,0,,,,,Y,,A,01,1,1,0,0,0,0,0,0,0,"- ","- ",33.878299713134766,-116.58878326416016,RIVERSIDE,UNINCORPORATED,-116.58873748779297,33.878337860107422
92346444,2024,2024-03-25,9630,2024-03-13,2040,019807,,3,2,9,3300,0,3,5,,2,003,"BOX CANYON RD","PAINTED CANYON RD",13200.00,E,N,A,-,N,,,,,,,,,,Y,2,0,2,1,A,-,08,22107,,N,F,A,A,A,H,-,D,D,0,,,,,Y,,A,08,1,1,0,0,0,0,0,0,0,"- ","- ",33.591888427734375,-115.9686279296875,RIVERSIDE,UNINCORPORATED,-116.03379821777344,33.569492340087891
92347821,2023,2024-03-26,9630,2023-10-07,"138 ",023092,,6,3,9,3300,0,1,1,,2,021,"INTERSTATE 10 EASTBOUND","WASHINGTON STREET",6864.00,W,N,A,-,Y,RIV,,10," "," ",49.116,H,,R,Y,1,1,0,2,A,-,01,23152,G,N,C,C,A,A,H,-,D,D,0,,,,,Y,Y,A,01,0,0,0,0,0,0,0,0,0,"- ","- ",33.767200469970703,-116.3231201171875,RIVERSIDE,UNINCORPORATED,-116.32312774658203,33.767192840576172
92348366,2024,2024-03-27,9840,2024-02-08,"918 ",018611,,4,1,9,3300,0,3,5,,2,002,"VICTORIA AVENUE","LA SIERRA AVENUE",0.00,,Y,B,-,N,,,,,,,,,,Y,2,0,4,2,A,-,01,23152,F,N,D,C,A,A,H,-,A,A,0,,,,,Y,,D,22,1,3,0,0,0,0,0,0,0,"- ","- ",33.887908935546875,-117.46354675292969,RIVERSIDE,UNINCORPORATED,-117.46350860595703,33.887798309326172
92349684,2024,2024-03-28,9685,2024-03-18,"10  ",021828,,1,3,9,3300,0,3,5,,2,003,"BUTTERFIELD STAGE RD.","DESTINO ST.",37.00,S,N,A,-,N,,,,,,,,,,Y,2,0,1,1,A,-,01,23152,A,N,E,8,A,A,H,-,C,D,0,,,,,Y,Y,A,07,1,0,0,0,0,0,0,0,0,"- ","- ",33.476718902587891,-117.06832885742188,RIVERSIDE,UNINCORPORATED,-117.06851196289062,33.476829528808594
92349689,2024,2024-03-28,9655,2024-03-21,1920,021977,,4,2,9,3300,0,3,5,,2,003,"FAIRVIEW AVENUE","OLIVE AVENUE",0.00,,Y,A,-,N,,,,,,,,,,Y,2,0,2,2,A,-,09,21801,A,N,A,C,A,A,H,-,C,D,0,,,,,Y,,A,01,1,0,1,0,0,0,0,0,0,"- ","- ",33.755138397216797,-116.89321899414062,RIVERSIDE,UNINCORPORATED,-116.89318084716797,33.755092620849609
92350679,2024,2024-04-16,9630,2024-03-23,1700,019943,,6,2,9,3300,0,3,5,,2,404,"RAMON RD","I-10 EB FROM RAMON RD",0.00,,Y,A,-,Y,,,,,,,,,,Y,2,0,4,2,A,-,09,21801,A,N,D,C,A,A,H,-,A,A,0,,,,,Y,,A,01,1,1,2,0,0,0,0,0,0,"- ","- ",33.816379547119141,-116.40547943115234,RIVERSIDE,UNINCORPORATED,-116.47557830810547,33.815898895263672
92350784,2023,2024-03-29,9655,2023-09-06,1140,019630,,3,1,9,3300,0,3,5,,2,003,"DOMENIGONI PARKWAY EASTBOUND","LEON ROAD",20.00,W,N,A,-,N,,,,,,,,,,Y,1,2,3,4,A,-,01,23152,F,N,C,C,A,A,H,-,A,A,0,,,,Y,Y,,F,26,0,1,2,0,0,0,0,0,0,"- ","- ",33.69232177734375,-117.11998748779297,RIVERSIDE,UNINCORPORATED,-117.11966705322266,33.692317962646484
92352306,2024,2024-04-02,9840,2024-03-28,1930,022180,,4,2,9,3300,0,2,4,,2,039,"INDIANA AVE","BYRON ST",0.00,,Y,A,-,N,,,,,,,,,,N,2,0,1,2,A,-,12,22450,A,N,D,2,A,A,H,-,B,A,0,,,Y,,Y,,C,02,1,0,0,0,0,0,0,0,1,"- ","- ",33.874729156494141,-117.52085876464844,RIVERSIDE,UNINCORPORATED,-117.52178192138672,33.874362945556641
92353710,2024,2024-04-03,9655,2024-03-24,1825,021578,,7,2,9,3300,0,1,3,,2,315,SR-79,"EL CENTRO AVE.",10.00,N,N,A,-,N,,,,,,,,,,Y,2,0,5,2,A,-,05,21460,A,N,A,C,A,A,H,-,A,D,0,,,,,Y,,A,01,2,2,1,0,0,0,0,0,0,"- ","- ",33.737091064453125,-117.07637786865234,RIVERSIDE,UNINCORPORATED,-117.076416015625,33.737083435058594
92354223,2024,2024-04-03,9840,2024-03-24,"131 ",020659,,7,3,9,3300,0,3,5,,2,004,"VAN BUREN BLVD.","KING AVE.",0.00,,Y,A,-,N,,,,,,,,,,Y,2,0,1,2,A,-,11,21453,D,N,G,B,D,A,H,-,C,A,0,Y,,,,Y,,N,60,1,0,0,0,1,0,0,0,0,"- ","- ",33.882320404052734,-117.37042236328125,RIVERSIDE,UNINCORPORATED,-117.37049865722656,33.882362365722656