CASE_ID,ACCIDENT_YEAR,PROC_DATE,JURIS,COLLISION_DATE,COLLISION_TIME,OFFICER_ID,REPORTING_DISTRICT,DAY_OF_WEEK,CHP_SHIFT,POPULATION,CNTY_CITY_LOC,SPECIAL_COND,BEAT_TYPE,CHP_BEAT_TYPE,CITY_DIVISION_LAPD,CHP_BEAT_CLASS,BEAT_NUMBER,PRIMARY_RD,SECONDARY_RD,DISTANCE,DIRECTION,INTERSECTION,WEATHER_1,WEATHER_2,STATE_HWY_IND,CALTRANS_COUNTY,CALTRANS_DISTRICT,STATE_ROUTE,ROUTE_SUFFIX,POSTMILE_PREFIX,POSTMILE,LOCATION_TYPE,RAMP_INTERSECTION,SIDE_OF_HWY,TOW_AWAY,COLLISION_SEVERITY,NUMBER_KILLED,NUMBER_INJURED,PARTY_COUNT,PRIMARY_COLL_FACTOR,PCF_CODE_OF_VIOL,PCF_VIOL_CATEGORY,PCF_VIOLATION,PCF_VIOL_SUBSECTION,HIT_AND_RUN,TYPE_OF_COLLISION,MVIW,PED_ACTION,ROAD_SURFACE,ROAD_COND_1,ROAD_COND_2,LIGHTING,CONTROL_DEVICE,CHP_ROAD_TYPE,PEDESTRIAN_ACCIDENT,BICYCLE_ACCIDENT,MOTORCYCLE_ACCIDENT,TRUCK_ACCIDENT,NOT_PRIVATE_PROPERTY,ALCOHOL_INVOLVED,STWD_VEHTYPE_AT_FAULT,CHP_VEHTYPE_AT_FAULT,COUNT_SEVERE_INJ,COUNT_VISIBLE_INJ,COUNT_COMPLAINT_PAIN,COUNT_PED_KILLED,COUNT_PED_INJURED,COUNT_BICYCLIST_KILLED,COUNT_BICYCLIST_INJURED,COUNT_MC_KILLED,COUNT_MC_INJURED,PRIMARY_RAMP,SECONDARY_RAMP,LATITUDE,LONGITUDE,COUNTY,CITY,POINT_X,POINT_Y
8112841,2016,2016-11-03,3300,2016-08-15,1418,5062,"905 L",1,5,4,3307,0,0,0,,0,093,"GRAND AV","JAMIESON ST",20.00,W,N,A,-,N,,,74,,,,,,,Y,2,0,2,2,A,-,08,22107,,N,B,C,A,A,H,-,A,D,0,,,,,Y,Y,A,01,1,0,1,0,0,0,0,0,0,"- ","- ",33.662480000000002,-117.38249,RIVERSIDE,"LAKE ELSINORE",-117.38250775,33.662451140000002
8119438,2016,2016-09-16,3300,2016-09-02,1535,2403,,5,5,4,3314,0,0,0,,0,,"7TH ST","SANTA FE AV",0.00,,Y,A,-,N,,,,,,,,,,Y,2,0,2,2,A,-,12,22450,A,N,D,C,A,A,H,-,A,A,0,,,,,Y,,A,01,1,0,1,0,0,0,0,0,0,"- ","- ",33.780270000000002,-116.96325,RIVERSIDE,"SAN JACINTO",-116.96322006,33.780230080000003
8128815,2016,2016-09-27,3325,2016-05-09,2500,9510,3010,1,5,4,3325,0,0,0,,0,003,"DATE PALM DR","VARNER RD",1204.00,S,N,A,-,N,,,,,,,,,,Y,2,0,1,1,A,-,05,21460,A,N,F,A,A,A,H,-,A,D,0,,,,,Y,,A,07,1,0,0,0,0,0,0,0,0,"- ","- ",,,RIVERSIDE,"CATHEDRAL CITY",-116.4579141,33.858663780000001
8133550,2016,2016-10-03,3313,2016-08-17,1539,1762,N,3,5,7,3313,0,0,0,,0,T44,"UNIVERSITY AV","PINE ST",0.00,,Y,A,-,N,,,,,,,,,,Y,2,0,1,2,A,-,03,22350,,N,C,C,A,A,H,-,A,A,0,,,,,Y,,A,01,1,0,0,0,0,0,0,0,0,"- ","- ",33.985759999999999,-117.3827,RIVERSIDE,RIVERSIDE,-117.38265013,33.985690060000003
81354847,2020,2020-11-30,3315,2020-11-27,2207,002536,,5,5,6,3315,0,0,0,,0,,"LINCOLN AV","RAILROAD ST",351.00,N,N,A,-,N,,,,,,,,,,Y,2,0,3,2,A,-,01,23152,B,N,A,C,A,A,H,-,C,D,0,,,,,Y,Y,A,01,2,1,0,0,0,0,0,0,0,"- ","- ",33.886569976806641,-117.58148956298828,RIVERSIDE,CORONA,-117.58113098144531,33.888229370117188
8135819,2016,2016-10-05,3309,2016-08-06,0237,326,3309,6,5,4,3309,0,0,0,,0,004,"MADISON ST","AVE 46",0.00,,Y,A,-,N,,,,,,,,,,Y,2,0,1,1,A,-,01,23153,A,N,E,I,A,A,H,-,C,A,0,,,,,Y,Y,A,01,1,0,0,0,0,0,0,0,0,"- ","- ",,,RIVERSIDE,INDIO,-116.25145001,33.714690050000002
81363518,2020,2020-12-10,3349,2020-07-14,1538,361,,2,5,5,3341,0,0,0,,0,004,"NEWPORT RD","MURRIETA RD",0.00,,Y,A,-,N,,,,,,,,,,N,1,1,0,4,A,-,03,22350,,N,C,C,A,A,H,-,A,A,0,,,,,Y,,A,01,0,0,0,0,0,0,0,0,0,"- ","- ",33.68505859375,-117.2059326171875,RIVERSIDE,MENIFEE,-117.20601654052734,33.685039520263672
8136986,2016,2016-10-10,3300,2016-09-18,1318,5281,83D1,7,5,3,3305,0,0,0,,0,Y83,"HARRISON ST","AVENUE 50",723.00,S,N,A,-,N,,,,,,,,,,Y,2,0,5,2,A,-,09,21801,A,N,D,C,A,A,H,-,A,D,0,,,,,Y,,A,01,2,1,2,0,0,0,0,0,0,"- ","- ",,,RIVERSIDE,COACHELLA,-116.18162,33.683472389999999
81374499,2020,2020-12-24,3315,2020-02-28,1849,11119,3A,5,5,6,3315,0,0,0,,0,002,"MAIN ST","STAN REYNOLDS PY",0.00,N,Y,A,-,N,,,,,,,,,,Y,1,1,0,1,A,-,03,22350,,N,E,I,A,A,H,-,C,A,0,,,,,Y,,D,22,0,0,0,0,0,0,0,0,0,"- ","- ",33.873561859130859,-117.56694793701172,RIVERSIDE,CORONA,-117.56699371337891,33.874519348144531
81376452,2020,2020-12-29,3300,2020-11-12,1730,5976,"WI 80",4,5,3,3343,0,0,0,,0,081,"LEMON ST","MISSION TRL",253.00,W,N,A,-,N,,,,,,,,,,N,2,0,1,1,A,-,01,23152,A,N,E,I,A,A,H,-,D,D,0,,,,,Y,,A,01,1,0,0,0,0,0,0,0,0,"- ","- ",33.634120941162109,-117.29061126708984,RIVERSIDE,WILDOMAR,-117.29067230224609,33.634239196777344
81377573,2020,2020-12-30,3349,2020-11-19,1446,380,,4,5,5,3341,0,0,0,,0,003,"MURRIETA RD","LA PIEDRA RD",0.00,,Y,A,-,N,,,,,,,,,,Y,2,0,2,2,A,-,05,21752,A,N,B,C,A,A,H,-,A,D,0,,,Y,,Y,,C,02,1,1,0,0,0,0,0,0,2,"- ","- ",,,RIVERSIDE,MENIFEE,-117.20612335205078,33.677871704101562
81392382,2020,2021-01-22,3300,2020-12-12,0240,3613,916A,6,5,4,3312,0,0,0,,0,031,"INDIAN AVE","MARKHAM ST",0.00,,Y,A,-,N,,,,,,,,,,Y,1,1,0,2,A,-,12,21453,A,N,D,C,A,A,H,-,C,A,0,,,,Y,Y,,A,01,0,0,0,0,0,0,0,0,0,"- ","- ",,,RIVERSIDE,PERRIS,-117.23484802246094,33.851840972900391
81392478,2019,2021-01-22,3315,2019-12-07,0038,001226,2A,6,5,6,3315,0,0,0,,0,001,"PARKRIDGE AV","JOY ST",331.00,E,N,C,-,N,,,,,,,,,,Y,1,1,0,1,A,-,01,23152,B,N,E,I,A,B,H,-,C,D,0,,,,,Y,Y,A,07,0,0,0,0,0,0,0,0,0,"- ","- ",33.888179779052734,-117.55934143066406,RIVERSIDE,CORONA,-117.55866241455078,33.887466430664062
81394716,2020,2021-01-27,3300,2020-12-19,0714,5582,002A,6,5,6,3345,0,0,0,,0,020,"GRANITE HILL DR","PYRITE ST",128.00,W,N,A,-,N,,,,,,,,,,Y,2,0,2,2,A,-,08,22107,,N,A,C,A,A,H,-,A,D,0,,,,,Y,,D,22,1,1,0,0,0,0,0,0,0,"- ","- ",34.017799377441406,-117.46230316162109,RIVERSIDE,"JURUPA VALLEY",-117.46280670166016,34.017749786376953
81398212,2020,2021-01-29,3300,2020-12-31,1853,3552,916C,4,5,4,3312,0,0,0,,0,034,"MAPES RD","A ST",0.00,E,N,A,-,N,,,,,,,,,,Y,1,1,5,2,A,-,01,23152,B,N,A,C,A,A,H,-,D,D,0,,,,,Y,Y,A,07,4,1,0,0,0,0,0,0,0,"- ","- ",33.757598876953125,-117.23423767089844,RIVERSIDE,PERRIS,-117.23429870605469,33.757480621337891
81398215,2021,2021-01-29,3300,2021-01-14,2037,3552,916D,4,5,4,3312,0,0,0,,0,035,"GOETZ RD","MAPES RD",0.00,S,N,A,-,N,,,,,,,,,,Y,1,1,1,5,A,-,05,21651,A,F,A,G,A,A,D,-,D,D,0,,Y,,,Y,,A,01,0,1,0,0,0,1,0,0,0,"- ","- ",33.757480621337891,-117.22389984130859,RIVERSIDE,PERRIS,-117.22364807128906,33.75750732421875
81399093,2021,2021-02-01,3300,2021-01-23,1817,5397,905K,6,5,4,3307,0,0,0,,0,094,"MACHADO ST","PARKVIEW DR",102.00,S,N,A,-,N,,,,,,,,,,N,2,0,1,2,A,-,11,21956,,F,G,B,D,A,H,-,C,D,0,Y,,,Y,Y,Y,N,60,1,0,0,0,1,0,0,0,0,"- ","- ",33.685718536376953,-117.37673950195312,RIVERSIDE,"LAKE ELSINORE",-117.37703704833984,33.685253143310547
8142027,2016,2016-10-13,3313,2016-09-23,0503,0482,N,5,5,7,3313,0,0,0,,0,A129,"PALMYRITA AV","NORTHGATE ST",0.00,,Y,A,-,N,,,,,,,,,,N,2,0,2,2,A,-,09,21802,A,N,D,C,A,A,H,-,C,D,0,,,,,Y,,A,07,1,0,1,0,0,0,0,0,0,"- ","- ",,,RIVERSIDE,RIVERSIDE,-117.32922008,34.004710009999997
81433726,2021,2021-03-24,3300,2021-03-11,0344,5616,002Y,4,5,6,3345,0,0,0,,0,026,"LIMONITE AV","WINEVILLE AV",0.00,,Y,A,-,N,,,,,,,,,,N,2,0,1,1,A,-,01,23152,A,N,E,I,A,A,H,-,C,A,0,,,,,Y,Y,A,01,1,0,0,0,0,0,0,0,0,"- ","- ",33.974658966064453,-117.54013824462891,RIVERSIDE,"JURUPA VALLEY",-117.54064178466797,33.975250244140625
81442615,2021,2021-04-05,3300,2021-03-11,1556,3481,920A,4,5,4,3314,0,0,0,,0,070,"SANDERSON AVE","RAMONA EXPY (W)",2609.00,N,N,C,-,N,,,,,,,,,,Y,1,1,0,2,A,-,03,22350,,N,D,C,A,B,H,-,A,D,0,,,,,Y,,A,01,0,0,0,0,0,0,0,0,0,"- ","- ",33.823810577392578,-117.00692749023438,RIVERSIDE,"SAN JACINTO",-117.00359344482422,33.830696105957031
81443597,2021,2021-04-06,3300,2021-03-03,1931,4867,"601 A",3,5,6,3394,0,0,0,,0,MV12,"PIGEON PASS RD","LAWLESS RD",465.00,N,N,A,-,N,,,,,,,,,,Y,2,0,1,1,A,-,01,23152,G,N,E,I,A,A,H,-,C,D,0,,,,,Y,Y,A,01,1,0,0,0,0,0,0,0,0,"- ","- ",33.979820251464844,-117.26129913330078,RIVERSIDE,"MORENO VALLEY",-117.26172637939453,33.980960845947266
81445803,2021,2021-04-08,3315,2021-03-29,0915,11119,7C,1,5,6,3315,0,0,0,,0,001,"SIXTH ST","SMITH AV",258.00,E,N,A,-,N,,,,,,,,,,Y,2,0,1,1,A,-,07,21658,A,N,E,I,A,A,H,-,A,D,0,,,,,Y,,A,01,1,0,0,0,0,0,0,0,0,"- ","- ",33.878330230712891,-117.59442138671875,RIVERSIDE,CORONA,-117.59356689453125,33.878303527832031
81462778,2021,2021-04-30,3300,2021-04-03,1421,3552,916C,6,5,4,3312,0,0,0,,0,034,"A ST","MAPES RD",2640.00,S,N,A,-,N,,,,,,,,,,Y,1,1,0,1,A,-,03,22350,,N,E,I,A,A,H,-,A,D,0,,,Y,,Y,Y,C,02,0,0,0,0,0,0,0,1,0,"- ","- ",33.757598876953125,-117.23423767089844,RIVERSIDE,PERRIS,-117.23611450195312,33.750423431396484
81466628,2021,2021-05-06,3300,2021-04-02,0158,4173,,5,5,6,3394,0,0,0,,0,,"PERRIS BLVD","RIVARD RD",35.00,N,N,A,-,N,,,,,,,,,,Y,2,0,1,1,A,-,03,22350,,N,E,I,A,A,H,-,C,A,0,,,,,Y,Y,D,22,1,0,0,0,0,0,0,0,0,"- ","- ",,,RIVERSIDE,"MORENO VALLEY",-117.22613525390625,33.872795104980469
81469655,2021,2021-05-11,3300,2021-02-08,1613,5029,"604 A",1,5,6,3394,0,0,0,,0,MV42,"FIR AVE","ATHERTON DR",0.00,,Y,A,-,N,,,,,,,,,,Y,2,0,2,1,A,-,01,23152,B,N,E,I,A,A,H,-,A,D,0,,,,,Y,Y,-,"- ",2,0,0,0,0,0,0,0,0,"- ","- ",33.935440063476562,-117.20707702636719,RIVERSIDE,"MORENO VALLEY",-117.20721435546875,33.935455322265625
81470643,2021,2021-05-12,3300,2021-03-17,2316,3536,"602 D",3,5,6,3394,0,0,0,,0,MV26,"ALESSANDRO BLVD","PERRIS BLVD",0.00,,Y,A,-,N,,,,,,,,,,Y,1,1,2,2,A,-,12,21453,A,N,A,C,A,A,H,-,C,A,0,,,,,Y,,A,01,2,0,0,0,0,0,0,0,0,"- ","- ",33.947189331054688,-117.22640228271484,RIVERSIDE,"MORENO VALLEY",-117.22634124755859,33.917228698730469
81471278,2020,2021-05-12,3342,2020-12-17,0522,1225,421,4,5,4,3342,0,0,0,,0,004,"LOS ALAMOS RD","ELEANORA WAY",0.00,,Y,A,-,N,,,,,,,,,,Y,2,0,1,2,A,-,03,22350,,N,D,D,A,A,H,-,C,D,0,,,Y,Y,Y,,C,02,1,0,0,0,0,0,0,0,1,"- ","- ",,,RIVERSIDE,MURRIETA,-117.19636800000001,33.561984000000002
81471426,2021,2021-05-12,3342,2021-02-24,0128,1146,315,3,5,4,3342,0,0,0,,0,003,"WHITEWOOD RD","MEADOWLARK LN",400.00,N,N,A,-,N,,,,,,,,,,Y,2,0,2,1,A,-,01,23152,F,N,E,I,A,A,H,-,C,A,0,,,,,Y,,-,"- ",2,0,0,0,0,0,0,0,0,"- ","- ",33.621681213378906,-117.1617431640625,RIVERSIDE,MURRIETA,-117.16122436523438,33.622673034667969
81474049,2021,2021-05-17,3311,2021-04-12,2007,16168,,1,5,4,3311,0,0,0,,0,006,"RAMON ROAD","SAN LUIS REY DRIVE",0.00,,Y,A,-,N,,,,,,,,,,N,1,1,0,2,A,-,10,21950,C,N,G,B,C,A,H,-,C,D,0,Y,,,,Y,,A,01,0,0,0,1,0,0,0,0,0,"- ","- ",33.815868377685547,-116.48854064941406,RIVERSIDE,"PALM SPRINGS",-116.48851013183594,33.815773010253906
81492493,2021,2021-06-09,3300,2021-05-19,2050,4867,"603 A",3,5,6,3394,0,0,0,,0,MV32,"CACTUS AVE","ELSWORTH ST",315.00,W,N,A,-,N,,,,,,,,,,Y,2,0,1,1,A,-,01,23152,G,N,E,I,A,A,H,-,C,D,0,,,Y,,Y,Y,C,02,1,0,0,0,0,0,0,0,1,"- ","- ",33.910060882568359,-117.27030181884766,RIVERSIDE,"MORENO VALLEY",-117.27121734619141,33.910140991210938
8149343,2016,2016-10-21,3300,2016-09-16,2122,4309,506B,5,5,5,3341,0,0,0,,0,056,"NEWPORT RD","GOETZ RD",860.00,E,N,A,-,N,,,,,,,,,,N,2,0,3,2,A,-,01,23152,A,N,A,C,A,A,H,-,C,D,0,,,,,Y,,A,01,1,0,2,0,0,0,0,0,0,"- ","- ",33.677779999999998,-117.23478,RIVERSIDE,MENIFEE,-117.23197223,33.677781209999999
81500991,2021,2021-06-21,3300,2021-06-07,0522,5127,LA43,1,5,3,3392,0,0,0,,0,LA43,"CALLE SINALOA","AVENIDA MENDOZA",46.00,E,N,A,-,N,,,,,,,,,,N,2,0,1,2,A,-,17,21209,A,F,G,B,D,A,H,-,B,D,0,Y,,,,Y,,-,99,1,0,0,0,1,0,0,0,0,"- ","- ",33.672458648681641,-116.30613708496094,RIVERSIDE,"LA QUINTA",-116.30609130859375,33.672500610351562
81504713,2021,2021-06-24,3300,2021-05-22,2309,4773,908,6,5,3,3337,0,0,0,,0,060,"RAILROAD CANYON RD","TOWN CENTER WEST",0.00,,Y,A,-,N,,,,,,,,,,N,2,0,1,2,A,-,11,21461,5,N,G,B,D,A,H,-,C,A,0,Y,,,,Y,Y,N,60,1,0,0,0,1,0,0,0,0,"- ","- ",,,RIVERSIDE,"CANYON LAKE",-117.25438690185547,33.67340087890625
81512675,2021,2021-07-05,3315,2021-06-20,2219,004323,3H,7,5,6,3315,0,0,0,,0,002,"SIXTH ST","FULLER ST",60.00,E,N,A,-,N,,,,,,,,,,N,2,0,1,2,A,-,05,21650,1,F,A,G,A,A,H,-,C,D,0,,Y,,,Y,,L,04,1,0,0,0,0,0,1,0,0,"- ","- ",33.874740600585938,-117.56020355224609,RIVERSIDE,CORONA,-117.56001281738281,33.874717712402344
81517213,2021,2021-07-12,3300,2021-05-23,1234,3552,916A,7,5,4,3312,0,0,0,,0,031,"RIDER ST","BRADLEY RD",0.00,,Y,A,-,N,,,,,,,,,,Y,1,1,2,2,A,-,01,23152,F,N,D,C,A,A,H,-,A,A,0,,,Y,,Y,,C,06,1,1,0,0,0,0,0,1,1,"- ","- ",33.830188751220703,-117.19110870361328,RIVERSIDE,PERRIS,-117.19123840332031,33.83026123046875
8151972,2016,2016-10-28,3301,2016-09-17,1429,U454,3,6,5,4,3301,0,0,0,,0,003,"HIGHLAND HOME RD","RAMSEY ST",116.00,E,N,A,-,N,,,,,,,,,,Y,2,0,5,1,A,-,01,23152,A,N,E,I,A,A,H,-,A,D,0,,,,,Y,Y,A,01,5,0,0,0,0,0,0,0,0,"- ","- ",33.927230000000002,-116.93037,RIVERSIDE,BANNING,-116.93016600999999,33.927334450000004
81521559,2021,2021-07-16,3300,2021-07-12,2043,3552,916B,1,5,4,3312,0,0,0,,0,032,"PERRIS BL","NUEVO RD",0.00,,Y,A,-,N,,,,,,,,,,Y,2,0,3,3,A,-,03,22350,,N,C,C,A,A,H,-,C,A,0,,,,,Y,,A,08,1,0,2,0,0,0,0,0,0,"- ","- ",33.801158905029297,-117.22621917724609,RIVERSIDE,PERRIS,-117.22612762451172,33.801094055175781
81525099,2021,2021-07-21,3342,2021-06-10,2300,1098,643,4,5,4,3342,0,0,0,,0,006,"MURRIETA HOT SPRINGS RD","CALLE DEL LAGO",200.00,W,N,A,-,N,,,,,,,,,,N,2,0,1,2,A,-,11,21954,A,F,G,B,E,A,H,-,D,D,0,Y,,,,Y,,N,60,1,0,0,0,1,0,0,0,0,"- ","- ",33.555000305175781,-117.14792633056641,RIVERSIDE,MURRIETA,-117.14852142333984,33.555324554443359
81525945,2021,2021-07-22,3300,2021-07-11,1132,5724,916B,7,5,4,3312,0,0,0,,0,032,"DUNLAP DR","ORANGE AVE",250.00,S,N,A,-,N,,,,,,,,,,N,2,0,1,1,A,-,03,22350,,N,H,A,A,A,H,-,A,D,0,,,Y,,Y,,C,02,1,0,0,0,0,0,0,0,1,"- ","- ",,,RIVERSIDE,PERRIS,-117.19120025634766,33.814987182617188
81526141,2020,2021-07-22,3349,2020-12-21,1450,327,,1,5,5,3341,0,0,0,,0,003,"MURRIETA RD","FARMINGTON RD",0.00,,Y,A,-,N,,,,,,,,,,Y,2,0,1,1,A,-,06,21755,,N,E,I,A,A,H,-,A,D,0,,,,,Y,,D,22,1,0,0,0,0,0,0,0,0,"- ","- ",33.674308776855469,-117.20612335205078,RIVERSIDE,MENIFEE,-117.20607757568359,33.674358367919922
81529239,2021,2021-07-27,3300,2021-05-27,2334,5935,V2,4,5,6,3345,0,0,0,,0,026,"JURUPA RD","ETIWANDA AV",460.00,E,N,A,-,N,,,,,,,,,,N,2,0,1,1,A,-,01,23152,B,N,E,I,A,A,H,-,C,A,0,,,,,Y,Y,A,01,1,0,0,0,0,0,0,0,0,"- ","- ",33.992511749267578,-117.52339935302734,RIVERSIDE,"JURUPA VALLEY",-117.52191925048828,33.992698669433594
81530163,2021,2021-07-28,3300,2021-06-13,2318,5580,"002 O",7,5,6,3345,0,0,0,,0,024,"LIMONITE AV","CAMINO REAL",0.00,,Y,A,-,N,,,,,,,,,,N,2,0,1,2,A,-,12,21453,A,N,G,C,A,A,H,-,C,A,0,,Y,,,Y,,L,04,1,0,0,0,0,0,1,0,0,"- ","- ",33.978481292724609,-117.45166778564453,RIVERSIDE,"JURUPA VALLEY",-117.45174407958984,33.9786376953125
81540909,2021,2021-08-10,3300,2021-07-29,2217,5059,"603 B",4,5,6,3394,0,0,0,,0,MV34,"PERRIS BLVD","RED MAPLE LN",30.00,N,N,A,-,N,,,,,,,,,,Y,2,0,6,4,A,-,01,23152,A,N,C,C,A,A,H,-,C,D,0,,,,,Y,Y,A,01,2,2,2,0,0,0,0,0,0,"- ","- ",33.884868621826172,-117.22669982910156,RIVERSIDE,"MORENO VALLEY",-117.22630310058594,33.884761810302734
81553334,2021,2021-08-25,3300,2021-06-28,1345,5237,,1,5,4,3307,0,0,0,,0,,"CAMBERN AVE","SH 74",0.00,,Y,A,-,Y,,,,,,,,,,Y,2,0,1,2,A,-,09,21801,A,N,D,C,A,A,H,-,A,A,0,,,,,Y,,A,01,1,0,0,0,0,0,0,0,0,"- ","- ",33.696971893310547,-117.33318328857422,RIVERSIDE,"LAKE ELSINORE",,
81561976,2021,2021-09-03,3300,2021-08-21,1129,5649,LA41,6,5,3,3392,0,0,0,,0,LA41,"HIGHWAY 111","DUNE PALMS",0.00,,Y,A,-,N,,,,,,,,,,N,2,0,1,2,A,-,11,21456,C,N,G,B,B,A,H,-,A,C,0,Y,,,,Y,Y,N,60,1,0,0,0,1,0,0,0,0,"- ","- ",,,RIVERSIDE,"LA QUINTA",-116.27747344970703,33.707439422607422
81598188,2021,2021-10-18,3325,2021-07-17,0127,1614,,6,5,4,3325,0,0,0,,0,002,"DATE PALM DR","DINAH SHORE DR",0.00,,Y,A,-,N,,,,,,,,,,Y,2,0,1,3,A,-,08,22100,A,N,D,D,A,A,H,-,C,A,0,,,,,Y,,A,01,1,0,0,0,0,0,0,0,0,"- ","- ",,,RIVERSIDE,"CATHEDRAL CITY",-116.45814514160156,33.801353454589844
81598429,2021,2021-10-18,3300,2021-09-16,0700,4463,84D4,4,5,3,3305,0,0,0,,0,Y84,"50TH AV","TYLER ST (E)",712.00,E,N,A,-,N,,,,,,,,,,N,2,0,1,2,A,-,04,21703,,N,C,C,A,A,H,-,A,D,0,,,,,Y,,A,01,1,0,0,0,0,0,0,0,0,"- ","- ",33.687950134277344,-116.16365814208984,RIVERSIDE,COACHELLA,-116.16474914550781,33.685791015625
81599722,2021,2021-10-19,3300,2021-08-15,1021,4449,002V,7,5,6,3345,0,0,0,,0,026,"LIMONITE AV","ETIWANDA AV",930.00,W,N,A,-,N,,,,,,,,,,Y,1,1,0,2,A,-,08,22107,,N,D,G,A,A,H,-,A,D,0,,Y,,,Y,,L,04,0,0,0,0,0,1,0,0,0,"- ","- ",33.975578308105469,-117.52342987060547,RIVERSIDE,"JURUPA VALLEY",-117.5263671875,33.975395202636719
81620403,2021,2021-11-09,3315,2021-09-06,1227,002508,1G,1,5,6,3315,0,0,0,,0,001,"MAPLE ST","POMONA RD",447.00,N,N,A,-,N,,,,,,,,,,N,2,0,1,1,A,-,03,22350,,N,D,G,A,A,H,-,A,A,0,,Y,,,Y,,L,04,1,0,0,0,0,0,1,0,0,"- ","- ",33.882221221923828,-117.60324859619141,RIVERSIDE,CORONA,-117.60293579101562,33.883964538574219
81627734,2021,2021-11-18,3300,2021-01-25,2011,5545,89B1,1,5,4,3318,0,0,0,,0,1J87,"HWY 111","COOK ST",548.00,E,N,A,-,Y,,,,,,,,,,N,2,0,1,2,A,-,11,21955,,N,G,B,E,B,H,-,D,D,0,Y,,,,Y,,N,60,1,0,0,0,1,0,0,0,0,"- ","- ",33.721290588378906,-116.35650634765625,RIVERSIDE,"PALM DESERT",-116.35458374023438,33.721389770507812
81627989,2021,2021-11-18,3315,2021-08-14,0225,003152,16C,6,5,6,3315,0,0,0,,0,003,"CALIFORNIA AV","CHASE DR",326.00,S,N,A,-,N,,,,,,,,,,Y,2,0,1,1,A,-,01,23152,B,N,E,I,A,A,H,-,C,D,0,,,,,Y,Y,A,01,1,0,0,0,0,0,0,0,0,"- ","- ",,,RIVERSIDE,CORONA,-117.54277801513672,33.835258483886719
81627990,2021,2021-11-18,3315,2021-09-11,1039,001452,8D,6,5,6,3315,0,0,0,,0,004,"SERFAS CLUB DR","GREEN RIVER RD",1106.00,N,N,A,-,N,,,,,,,,,,Y,2,0,1,1,A,-,08,22107,,N,E,I,A,A,H,-,A,A,0,,,,,Y,,A,01,1,0,0,0,0,0,0,0,0,"- ","- ",,,RIVERSIDE,CORONA,-117.61901092529297,33.872264862060547
81633902,2021,2021-11-24,3300,2021-10-24,2212,5988,Y80A1,7,5,3,3305,0,0,0,,0,Y80,"CESAR CHAVEZ ST","50TH AV",274.00,N,N,A,-,N,,,,,,,,,,N,1,1,0,2,A,-,11,21956,A,N,G,B,D,A,H,-,C,A,0,Y,,,,Y,,N,60,0,0,0,1,0,0,0,0,0,"- ","- ",33.685489654541016,-116.18154144287109,RIVERSIDE,COACHELLA,-116.18165588378906,33.686199188232422
81634983,2021,2021-11-25,3300,2021-09-05,1428,5237,905I,7,5,4,3307,0,0,0,,0,094,"COLLIER AVE","NICHOLS RD",0.00,,Y,A,-,N,,,,,,,,,,N,2,0,1,1,A,-,03,22350,,N,F,A,A,A,H,-,A,D,0,,,Y,,Y,,C,02,1,0,0,0,0,0,0,0,1,"- ","- ",33.707050323486328,-117.36018371582031,RIVERSIDE,"LAKE ELSINORE",-117.36031341552734,33.706890106201172
81637044,2021,2021-11-29,3311,2021-09-14,1551,16168,,2,5,4,3311,0,0,0,,0,,"INDIAN CANYON DRIVE N","RACQUET CLUB ROAD",0.00,,Y,A,-,N,,,,,,,,,,N,2,0,1,2,A,-,09,21801,A,N,D,C,A,A,H,-,A,A,0,,,Y,,Y,,D,22,1,0,0,0,0,0,0,0,1,"- ","- ",33.85205078125,-116.54557800292969,RIVERSIDE,"PALM SPRINGS",-116.54555511474609,33.852115631103516
81637083,2021,2021-11-29,3311,2021-10-16,2341,15690,,6,5,4,3311,0,0,0,,0,004,"GENE AUTRY TRAIL","SALVIA ROAD",1180.00,S,N,A,-,N,,,,,,,,,,Y,1,1,1,2,A,-,05,21460,A,N,A,C,A,A,H,-,D,D,0,,,,,Y,Y,A,08,0,0,1,0,0,0,0,0,0,"- ","- ",33.877338409423828,-116.50492858886719,RIVERSIDE,"PALM SPRINGS",-116.50572967529297,33.873832702636719
81638919,2021,2021-12-01,3300,2021-09-18,0923,5437,24D1,6,5,3,3317,0,0,0,,0,024,"GERALD FORD DR","DA VALL DR",0.00,,Y,A,-,N,,,,,,,,,,N,2,0,2,2,A,-,12,21453,A,N,D,C,A,A,H,-,A,A,0,,,,,Y,,A,07,1,0,1,0,0,0,0,0,0,"- ","- ",33.786979675292969,-116.44081115722656,RIVERSIDE,"RANCHO MIRAGE",-116.44084167480469,33.787025451660156
81642887,2021,2021-12-06,3300,2021-10-29,2056,5372,LA44,5,5,3,3392,0,0,0,,0,LA44,"AVENUE 54","MONROE ST",840.00,W,N,A,-,N,,,,,,,,,,Y,1,1,0,2,A,-,11,21956,A,N,G,B,E,A,H,-,D,D,0,Y,,,,Y,,N,60,0,0,0,1,0,0,0,0,0,"- ","- ",,,RIVERSIDE,"LA QUINTA",-116.23674011230469,33.656600952148438
81645903,2021,2021-12-08,3311,2021-11-15,0343,15918,,1,5,4,3311,0,0,0,,0,006,"SR 111 (GENE AUTRY TRAIL)","DINAH SHORE DRIVE",0.00,,Y,A,-,Y,,,111,,,,,,,Y,2,0,4,2,A,-,12,21453,A,N,D,C,A,A,H,-,C,A,0,,,,,Y,,A,01,2,0,2,0,0,0,0,0,0,"- ","- ",33.808250427246094,-116.49336242675781,RIVERSIDE,"PALM SPRINGS",-116.49293518066406,33.808250427246094