CASE_ID,ACCIDENT_YEAR,PROC_DATE,JURIS,COLLISION_DATE,COLLISION_TIME,OFFICER_ID,REPORTING_DISTRICT,DAY_OF_WEEK,CHP_SHIFT,POPULATION,CNTY_CITY_LOC,SPECIAL_COND,BEAT_TYPE,CHP_BEAT_TYPE,CITY_DIVISION_LAPD,CHP_BEAT_CLASS,BEAT_NUMBER,PRIMARY_RD,SECONDARY_RD,DISTANCE,DIRECTION,INTERSECTION,WEATHER_1,WEATHER_2,STATE_HWY_IND,CALTRANS_COUNTY,CALTRANS_DISTRICT,STATE_ROUTE,ROUTE_SUFFIX,POSTMILE_PREFIX,POSTMILE,LOCATION_TYPE,RAMP_INTERSECTION,SIDE_OF_HWY,TOW_AWAY,COLLISION_SEVERITY,NUMBER_KILLED,NUMBER_INJURED,PARTY_COUNT,PRIMARY_COLL_FACTOR,PCF_CODE_OF_VIOL,PCF_VIOL_CATEGORY,PCF_VIOLATION,PCF_VIOL_SUBSECTION,HIT_AND_RUN,TYPE_OF_COLLISION,MVIW,PED_ACTION,ROAD_SURFACE,ROAD_COND_1,ROAD_COND_2,LIGHTING,CONTROL_DEVICE,CHP_ROAD_TYPE,PEDESTRIAN_ACCIDENT,BICYCLE_ACCIDENT,MOTORCYCLE_ACCIDENT,TRUCK_ACCIDENT,NOT_PRIVATE_PROPERTY,ALCOHOL_INVOLVED,STWD_VEHTYPE_AT_FAULT,CHP_VEHTYPE_AT_FAULT,COUNT_SEVERE_INJ,COUNT_VISIBLE_INJ,COUNT_COMPLAINT_PAIN,COUNT_PED_KILLED,COUNT_PED_INJURED,COUNT_BICYCLIST_KILLED,COUNT_BICYCLIST_INJURED,COUNT_MC_KILLED,COUNT_MC_INJURED,PRIMARY_RAMP,SECONDARY_RAMP,LATITUDE,LONGITUDE,COUNTY,CITY,POINT_X,POINT_Y
82097562,2023,2023-06-20,3349,2023-06-15,2220,585,ME106,4,5,5,3341,0,0,0,,0,006,"BRADLEY RD","MCCALL BLVD",0.00,,Y,A,-,N,,,,,,,,,,Y,2,0,2,2,A,-,01,23152,B,F,D,C,A,A,H,-,C,A,0,,,,,Y,Y,A,01,1,1,0,0,0,0,0,0,0,"- ","- ",33.715141296386719,-117.19222259521484,RIVERSIDE,MENIFEE,-117.19223785400391,33.715198516845703
82100363,2023,2023-06-23,3300,2023-05-25,1843,5650,910M,4,5,5,3335,0,0,0,,0,067,"MARGARITA RD","SAN FERMIN PL",204.00,S,N,A,-,N,,,,,,,,,,N,2,0,1,2,A,-,01,23152,A,N,E,I,A,A,H,-,A,D,0,,,,,Y,Y,A,01,1,0,0,0,0,0,0,0,0,"- ","- ",33.490230560302734,-117.11071014404297,RIVERSIDE,TEMECULA,-117.11038970947266,33.489982604980469
82110337,2022,2023-07-06,3300,2022-12-01,1840,4024,"WI 80",4,5,3,3343,0,0,0,,0,085,"CORYDON ST","PLESSNER WAY",0.00,,Y,A,-,N,,,,,,,,,,N,1,1,0,2,A,-,11,21954,A,N,G,B,E,A,H,-,D,D,0,Y,,,,Y,Y,N,60,0,0,0,1,0,0,0,0,0,"- ","- ",,,RIVERSIDE,WILDOMAR,-117.29932403564453,33.623638153076172
82120472,2023,2023-07-19,3315,2023-07-13,"602 ",003152,2F,4,5,6,3315,0,0,0,,0,002,"PARKRIDGE AV","CRESTA RD",145.00,E,N,A,-,N,,,,,,,,,,Y,2,0,1,2,A,-,09,21801,A,N,E,I,A,A,H,-,B,A,0,,,,,Y,,A,01,1,0,0,0,0,0,0,0,0,"- ","- ",,,RIVERSIDE,CORONA,-117.54928588867188,33.886669158935547
82131394,2023,2023-07-31,3300,2023-06-19,1943,5199,804A,1,5,3,3343,0,0,0,,0,084,"MONTE VISTA DR","FREDERICK ST",281.00,W,N,A,-,N,,,,,,,,,,Y,2,0,3,2,A,-,03,22350,,N,D,C,A,A,H,-,B,D,0,,,,,Y,,A,01,1,2,0,0,0,0,0,0,0,"- ","- ",33.613071441650391,-117.25824737548828,RIVERSIDE,WILDOMAR,-117.25898742675781,33.613029479980469
82132560,2023,2023-08-01,3300,2023-07-09,1213,6031,011F,7,5,4,3344,0,0,0,,0,062,"RIVERBOAT DR","HAMNER AV",12.00,S,N,A,-,N,,,,,,,,,,Y,2,0,4,2,A,-,03,22350,,N,C,C,A,A,H,-,A,A,0,,,,,Y,,A,01,1,3,0,0,0,0,0,0,0,"- ","- ",,,RIVERSIDE,EASTVALE,-117.55832672119141,33.960880279541016
82133813,2023,2023-08-02,3300,2023-07-03,1700,5910,LA41,1,5,3,3392,0,0,0,,0,LA41,"DUNE PALMS RD","AVE 48",696.00,N,N,A,-,N,,,,,,,,,,Y,2,0,1,2,A,-,09,21801,A,N,D,C,A,A,H,-,A,D,0,,,,,Y,,A,01,1,0,0,0,0,0,0,0,0,"- ","- ",33.699920654296875,-116.27739715576172,RIVERSIDE,"LA QUINTA",-116.27742767333984,33.701713562011719
82138165,2023,2023-08-08,3300,2023-06-25,2220,4440,920F,7,5,4,3314,0,0,0,,0,072,"RAMONA EXPY","VERNON AVE",242.00,E,N,A,-,Y,,,,,,,,,,Y,2,0,1,1,A,-,01,23152,B,N,E,I,A,A,H,-,C,D,0,,,,,Y,Y,A,01,1,0,0,0,0,0,0,0,0,"- ","- ",,,RIVERSIDE,"SAN JACINTO",-116.94940185546875,33.800254821777344
82141365,2023,2023-08-11,3308,2023-06-27,"821 ",10379,566,2,5,5,3308,0,0,0,,0,SOUTH,"STATE ST","DOMENIGONI PKWY",2461.00,N,N,A,-,N,,,,,,,,,,Y,2,0,1,1,A,-,00,23103,A,N,H,I,A,A,H,-,A,D,0,,,,,Y,,D,22,1,0,0,0,0,0,0,0,0,"- ","- ",33.700908660888672,-116.96830749511719,RIVERSIDE,HEMET,-116.97141265869141,33.709751129150391
82144754,2023,2023-08-16,3300,2023-05-05,2245,6079,601G5,5,5,6,3394,0,0,0,,0,MV18,"REDLANDS BLVD","IRONWOOD AVE",0.00,,Y,A,-,N,,,,,,,,,,Y,2,0,2,2,A,-,01,23152,A,N,D,D,A,A,H,-,C,A,0,,,,,Y,Y,A,01,1,1,0,0,0,0,0,0,0,"- ","- ",33.946208953857422,-117.15673065185547,RIVERSIDE,"MORENO VALLEY",-117.15673828125,33.946388244628906
82144789,2023,2023-08-16,3300,2023-03-04,1806,5730,32C3,6,5,4,3318,0,0,0,,0,T32,"CALLIANDRA ST","CALICO CACTUS LN",0.00,,Y,A,-,N,,,,,,,,,,Y,1,1,0,2,A,-,01,23152,A,N,G,B,E,A,H,-,B,D,0,Y,,,,Y,Y,D,22,0,0,0,1,0,0,0,0,0,"- ","- ",33.703250885009766,-116.38726806640625,RIVERSIDE,"PALM DESERT",-116.38720703125,33.703189849853516
82146059,2023,2023-08-24,3313,2023-04-24,"839 ",581,4,1,5,7,3313,0,0,0,,0,M25,"VAN BUREN BLVD","GARFIELD ST",319.00,N,N,B,-,N,,,,,,,,,,Y,1,1,1,4,A,-,09,21801,A,N,D,C,A,A,H,-,A,D,0,,,Y,,Y,,A,01,0,1,0,0,0,0,0,1,0,"- ","- ",33.922889709472656,-117.44957733154297,RIVERSIDE,RIVERSIDE,-117.44975280761719,33.924221038818359
82146074,2023,2023-08-17,3313,2023-05-18,"454 ",1741,2,4,5,7,3313,0,0,0,,0,1R23,"ARLINGTON AVE","DURANGO RD",0.00,,Y,A,-,N,,,,,,,,,,Y,1,1,0,2,A,-,08,22107,,N,B,C,A,A,H,-,C,A,0,,,,,Y,,A,01,0,0,0,0,0,0,0,0,0,"- ","- ",33.946361541748047,-117.37914276123047,RIVERSIDE,RIVERSIDE,-117.37918853759766,33.946399688720703
82153836,2023,2023-09-11,3300,2023-04-21,2020,6052,016D5,5,5,6,3345,0,0,0,,0,026,"LIMONITE AV","RIDGEVIEW AV",0.00,,Y,A,-,N,,,,,,,,,,Y,2,0,3,3,A,-,01,23152,A,N,D,C,A,A,H,-,D,D,0,,,,,Y,Y,A,01,1,0,2,0,0,0,0,0,0,"- ","- ",33.975551605224609,-117.51902770996094,RIVERSIDE,"JURUPA VALLEY",-117.51890563964844,33.975475311279297
82161161,2023,2023-09-04,3308,2023-05-26,1113,10515,,5,5,5,3308,0,0,0,,0,SOUTH,"STETSON AVE","STATE ST",473.00,W,N,A,-,N,,,,,,,,,,N,2,0,1,2,A,-,11,21954,A,N,G,B,D,A,H,-,A,A,0,Y,,,,Y,,N,60,1,0,0,0,1,0,0,0,0,"- ","- ",33.727321624755859,-116.96826171875,RIVERSIDE,HEMET,-116.97309875488281,33.7293701171875
82161230,2022,2023-09-04,3313,2022-12-25,2301,2091,5,7,5,7,3313,0,0,0,,0,1R51,"TYLER ST","HOLE AVE",198.00,S,N,A,-,N,,,,,,,,,,Y,1,1,0,2,A,-,11,21954,A,N,G,B,D,A,H,-,C,D,0,Y,,,,Y,Y,N,60,0,0,0,1,0,0,0,0,0,"- ","- ",33.915390014648438,-117.46427154541016,RIVERSIDE,RIVERSIDE,-117.46372985839844,33.914752960205078
82162957,2023,2023-09-07,3311,2023-08-08,1615,15953,,2,5,4,3311,0,0,0,,0,BIK,"TAHQUITZ CANYON WAY","INDIAN CANYON DRIVE N",148.00,W,N,A,-,N,,,,,,,,,,Y,2,0,3,3,A,-,03,22350,,N,E,I,F,A,H,-,A,A,0,Y,,,,Y,,A,01,1,0,2,0,2,0,0,0,0,"- ","- ",33.822971343994141,-116.54566192626953,RIVERSIDE,"PALM SPRINGS",-116.54605102539062,33.823089599609375
82171765,2023,2023-09-18,3315,2023-08-22,"754 ",001452,16C,2,5,6,3315,0,0,0,,0,003,"SALLIE JEFFREYS WY","CLEMENCE CT",121.00,S,N,A,-,N,,,,,,,,,,N,1,1,0,2,A,-,03,22350,,N,G,B,E,A,H,-,A,A,0,Y,,,,Y,,A,07,0,0,0,1,0,0,0,0,0,"- ","- ",33.82537841796875,-117.54913330078125,RIVERSIDE,CORONA,,
82177972,2023,2023-09-27,3300,2023-08-04,2307,5999,Y85,5,5,3,3305,0,0,0,,0,Y85,"HWY 86","AVE 52",0.00,,Y,A,-,N,,,,,,,,,,N,2,0,2,3,A,-,01,23152,G,N,C,C,A,A,H,-,C,A,0,,,,,Y,Y,A,01,1,0,1,0,0,0,0,0,0,"- ","- ",,,RIVERSIDE,COACHELLA,,
82180496,2023,2023-09-27,3300,2023-05-26,1804,5329,001A,5,5,6,3345,0,0,0,,0,010,"RUBIDOUX BL","20TH ST",0.00,,Y,A,-,N,,,,,,,,,,Y,2,0,2,2,A,-,12,21453,A,F,D,C,A,A,H,-,A,A,0,,,,Y,Y,,F,26,1,1,0,0,0,0,0,0,0,"- ","- ",34.017131805419922,-117.38800048828125,RIVERSIDE,"JURUPA VALLEY",-117.38925170898438,34.019161224365234
82185362,2023,2023-10-02,3313,2023-08-28,1028,1026,1,1,5,7,3313,0,0,0,,0,T52,"COMER AVE","FIFTH ST",142.00,N,N,A,-,N,,,,,,,,,,N,2,0,1,3,A,-,08,22107,,F,G,B,E,A,H,-,A,A,0,Y,,,,Y,,-,99,1,0,0,0,1,0,0,0,0,"- ","- ",33.978378295898438,-117.36057281494141,RIVERSIDE,RIVERSIDE,-117.36094665527344,33.980167388916016
82191340,2023,2023-10-05,3300,2023-07-04,2146,4024,908,2,5,3,3337,0,0,0,,0,060,"N CANYON LAKE DR","CANYON CLUB DR",0.00,,Y,A,-,N,,,,,,,,,,Y,2,0,6,4,A,-,01,23152,A,N,D,C,A,A,H,-,C,A,0,,,,,Y,Y,A,01,2,3,1,0,0,0,0,0,0,"- ","- ",,,RIVERSIDE,"CANYON LAKE",-117.26387786865234,33.683158874511719
82191596,2023,2023-10-05,3342,2023-09-26,"27  ",898,509,2,5,4,3342,0,0,0,,0,005,"WHITEWOOD RD","LOS ALAMOS RD",0.00,,Y,A,-,N,,,,,,,,,,Y,2,0,3,2,A,-,12,21453,A,F,D,C,A,A,H,-,C,A,0,,,,,Y,,A,01,2,0,1,0,0,0,0,0,0,"- ","- ",33.575939178466797,-117.17655181884766,RIVERSIDE,MURRIETA,-117.17665863037109,33.575878143310547
82192837,2023,2023-10-16,3313,2023-02-18,2029,1899,5,6,5,7,3313,0,0,0,,0,3R56,"ARLINGTON AVE","JONES AVE",288.00,E,N,A,-,N,,,,,,,,,,N,1,1,0,2,A,-,11,21954,A,N,G,B,D,A,H,-,C,D,0,Y,,,,Y,Y,N,60,0,0,0,1,0,0,0,0,0,"- ","- ",33.946540832519531,-117.48052215576172,RIVERSIDE,RIVERSIDE,-117.47974395751953,33.946628570556641
82222097,2023,2023-10-31,3300,2023-01-28,2020,5162,002F,6,5,6,3345,0,0,0,,0,020,"COUNTRY VILLAGE RD","GRANITE HILL DR",0.00,,Y,A,-,N,,,,,,,,,,Y,1,1,0,2,A,-,03,22350,,N,D,C,A,A,H,-,D,A,0,,,Y,,Y,,C,03,0,0,0,0,0,0,0,1,0,"- ","- ",34.020320892333984,-117.50702667236328,RIVERSIDE,"JURUPA VALLEY",-117.50737762451172,34.020233154296875
82222272,2023,2023-10-30,3313,2023-10-02,1321,2171,1,1,5,7,3313,0,0,0,,0,T73,"LEMON ST","MISSION INN AVE",0.00,,Y,A,-,N,,,,,,,,,,Y,2,0,2,2,A,-,12,21453,A,N,D,C,A,A,H,-,A,A,0,,,,,Y,,-,"- ",1,0,1,0,0,0,0,0,0,"- ","- ",33.981819152832031,-117.37158966064453,RIVERSIDE,RIVERSIDE,-117.37146759033203,33.981838226318359
82228550,2023,2023-11-07,3313,2023-10-06,2304,1809,4,5,5,7,3313,0,0,0,,0,1R47,"JEFFERSON ST","DUFFERIN AVE (W)",54.00,N,N,A,-,N,,,,,,,,,,Y,1,1,1,1,A,-,01,23152,A,N,E,J,A,A,H,-,D,D,0,,,,,Y,Y,A,01,0,1,0,0,0,0,0,0,0,"- ","- ",33.913619995117188,-117.40019226074219,RIVERSIDE,RIVERSIDE,-117.39970397949219,33.914737701416016
82231771,2023,2024-01-04,3342,2023-10-31,2202,1282,201,2,5,4,3342,0,0,0,,0,002,"CLINTON KEITH RD","TINDERBOX WAY",0.00,,Y,A,-,N,,,,,,,,,,Y,2,0,1,2,A,-,09,21804,A,N,D,C,A,A,H,-,C,D,0,,,Y,,Y,,A,01,1,0,0,0,0,0,0,0,1,"- ","- ",33.597278594970703,-117.20717620849609,RIVERSIDE,MURRIETA,-117.20719146728516,33.597270965576172
82232807,2023,2023-11-13,3308,2023-10-20,1835,10919,547,5,5,5,3308,0,0,0,,0,SOUTH,"STETSON AVE","STATE ST",443.00,E,N,A,-,N,,,,,,,,,,N,2,0,1,2,A,-,10,21950,A,N,G,B,C,A,H,-,C,B,0,Y,,,,Y,,A,01,1,0,0,0,1,0,0,0,0,"- ","- ",33.729400634765625,-116.97158050537109,RIVERSIDE,HEMET,-116.97154998779297,33.7293701171875
82235081,2022,2023-11-14,3300,2022-07-02,2219,5771,001E,6,5,6,3345,0,0,0,,0,012,"SIERRA AV","KAREN LN",2377.00,N,N,A,-,N,,,,,,,,,,Y,1,1,1,3,A,-,00,23103,A,N,A,C,A,A,H,-,D,D,0,,,,,Y,,A,01,1,0,0,0,0,0,0,0,0,"- ","- ",34.028499603271484,-117.42928314208984,RIVERSIDE,"JURUPA VALLEY",-117.43303680419922,34.033954620361328
82241386,2023,2023-11-21,3313,2023-08-27,"255 ",2020,3,7,5,7,3313,0,0,0,,0,1R35,"MISSION GROVE PKWY S","MISSION VILLAGE DR",522.00,N,N,A,-,N,,,,,,,,,,N,2,0,1,1,A,-,08,22107,,N,E,I,A,A,H,-,C,A,0,,,,,Y,,A,07,1,0,0,0,0,0,0,0,0,"- ","- ",,,RIVERSIDE,RIVERSIDE,-117.32466125488281,33.914417266845703
82242454,2023,2024-03-11,3313,2023-08-13,1724,2073,,7,5,7,3313,0,0,0,,0,3R38,"VAN BUREN BLVD","BARTON ST",350.00,E,N,A,-,N,,,,,,,,,,Y,2,0,5,3,A,-,03,22350,,F,C,C,A,A,H,-,A,A,0,,,,,Y,,A,01,1,2,2,0,0,0,0,0,0,"- ","- ",33.888080596923828,-117.31405639648438,RIVERSIDE,RIVERSIDE,-117.31276702880859,33.887859344482422
82253489,2023,2023-12-06,3300,2023-11-19,"248 ",6248,,7,5,5,3335,0,0,0,,0,,"VIA LA VIDA","VIA RENATE",0.00,,Y,A,-,N,,,,,,,,,,Y,2,0,1,2,A,-,01,23152,A,N,B,E,A,A,H,-,C,D,0,,,Y,,Y,Y,C,02,1,0,0,0,0,0,0,0,1,"- ","- ",33.516101837158203,-117.14447021484375,RIVERSIDE,TEMECULA,-117.14443206787109,33.516178131103516
82266877,2023,2023-12-20,3349,2023-12-10,1410,551,,7,5,5,3341,0,0,0,,0,005,"AVENIDA DE LAS FLORES","PASEO DEL SOL",285.00,S,N,B,-,N,,,,,,,,,,N,2,0,1,1,A,-,01,23152,A,N,F,A,A,A,H,-,A,D,0,,,Y,,Y,Y,C,06,1,0,0,0,0,0,0,0,1,"- ","- ",33.698101043701172,-117.23773193359375,RIVERSIDE,MENIFEE,-117.23818206787109,33.697284698486328
82273245,2023,2023-12-28,3300,2023-11-08,1232,3481,920E,3,5,4,3314,0,0,0,,0,072,"STATE ST","RAMONA BLVD",330.00,N,N,A,-,N,,,,,,,,,,Y,2,0,1,3,A,-,09,21804,A,N,D,C,F,A,H,-,A,D,0,Y,,,,Y,,A,07,1,0,0,0,1,0,0,0,0,"- ","- ",33.794368743896484,-116.97141265869141,RIVERSIDE,"SAN JACINTO",-116.97154235839844,33.795211791992188
82278587,2023,2024-01-05,3300,2023-12-29,1750,5329,002U,5,5,6,3345,0,0,0,,0,024,"LIMONITE AV","BAIN ST",248.00,W,N,A,-,N,,,,,,,,,,Y,2,0,6,4,A,-,03,22350,,F,C,C,A,A,H,-,D,A,0,,,,,Y,Y,A,01,3,0,3,0,0,0,0,0,0,"- ","- ",33.97528076171875,-117.50599670410156,RIVERSIDE,"JURUPA VALLEY",-117.50669860839844,33.975349426269531
82278611,2023,2024-01-04,3300,2023-10-31,1049,5199,905L,2,5,4,3307,0,0,0,,0,093,"RIVERSIDE DR","LAKESIDE HIGHSCHOOL",300.00,E,N,A,-,N,,,,,,,,,,Y,2,0,1,2,A,-,04,21703,,N,C,C,A,A,H,-,A,D,0,,,Y,,Y,,C,02,1,0,0,0,0,0,0,0,1,"- ","- ",,,RIVERSIDE,"LAKE ELSINORE",-117.37879943847656,33.670970916748047
82278649,2023,2024-01-04,3300,2023-11-16,"535 ",6300,"WI 80",4,5,3,3343,0,0,0,,0,084,"BUNDY CANYON RD","CHICO HILLS RD",430.00,E,N,B,C,N,,,,,,,,,,Y,2,0,2,2,A,-,03,22350,,N,A,C,A,B,H,-,D,D,0,,,,,Y,,A,01,1,1,0,0,0,0,0,0,0,"- ","- ",33.634250640869141,-117.24179840087891,RIVERSIDE,WILDOMAR,-117.24079132080078,33.634914398193359
82278666,2023,2024-01-04,3300,2023-10-27,1546,3774,"603 C",5,5,6,3394,0,0,0,,0,MV36,"JOHN F KENNEDY DR","KITCHING ST",359.00,E,N,A,-,N,,,,,,,,,,N,2,0,1,2,A,-,11,21954,A,N,G,B,D,A,H,-,A,D,0,Y,,,,Y,,N,60,1,0,0,0,0,0,0,0,0,"- ","- ",33.902580261230469,-117.21753692626953,RIVERSIDE,"MORENO VALLEY",-117.21613311767578,33.902778625488281
82279887,2023,2024-01-05,3300,2023-12-08,1546,4713,910R,5,5,5,3335,0,0,0,,0,062,"RING ROAD","PROMENADE DRIVE",16.00,W,N,A,-,N,,,,,,,,,,N,2,0,2,3,A,-,10,21950,A,N,G,B,B,A,H,-,A,A,0,Y,,,,Y,,A,01,2,0,0,0,2,0,0,0,0,"- ","- ",,,RIVERSIDE,TEMECULA,-117.15153503417969,33.526851654052734
82279909,2023,2024-01-05,3300,2023-12-26,1736,5228,910H,2,5,5,3335,0,0,0,,0,063,"MARGARITA RD","PASEO BRILLANTE",0.00,,Y,A,-,N,,,,,,,,,,N,2,0,1,2,A,-,11,21954,A,N,G,B,D,A,H,-,C,D,0,Y,,,,Y,,N,60,1,0,0,0,1,0,0,0,0,"- ","- ",33.511520385742188,-117.14279174804688,RIVERSIDE,TEMECULA,-117.14276123046875,33.511642456054688
82284378,2023,2024-01-12,3300,2023-06-22,1331,3775,,4,5,6,3394,0,0,0,,0,MV14,"HEACOCK ST","GREGORY LN",635.00,S,N,A,-,N,,,,,,,,,,Y,2,0,1,1,A,-,03,22350,,N,F,A,A,A,H,-,A,D,0,,,Y,,Y,,C,02,1,0,0,0,0,0,0,0,1,"- ","- ",33.952079772949219,-117.24378967285156,RIVERSIDE,"MORENO VALLEY",-117.24396514892578,33.950328826904297
82284626,2024,2024-01-11,3300,2024-01-01,"830 ",N3672,423,1,5,2,3336,0,0,0,,0,020,"7TH PL","VILLA CALIMESA",450.00,E,N,A,-,N,,,,,,,,,,Y,2,0,1,1,A,-,03,22350,,N,E,I,A,A,H,-,A,A,0,,,,,Y,,A,01,1,0,0,0,0,0,0,0,0,"- ","- ",,,RIVERSIDE,CALIMESA,-117.06259155273438,33.995925903320312
82285518,2023,2024-01-12,3300,2023-12-14,1320,4024,,4,5,4,3307,0,0,0,,0,095,"CENTRAL AVE","COLLIER AVE",0.00,,Y,A,-,Y,RIV,,74," ",R,16.163,H,,R,Y,2,0,2,2,A,-,09,21453,B,N,D,C,A,A,H,-,A,A,0,,,,,Y,,A,01,1,1,0,0,0,0,0,0,0,"- ","- ",33.689979553222656,-117.33985900878906,RIVERSIDE,"LAKE ELSINORE",-117.33982086181641,33.690109252929688
82286436,2023,2024-01-15,3308,2023-11-19,1718,10919,,7,5,5,3308,0,0,0,,0,NORTH,"FLORIDA AVE","CORNELL STREET",0.00,,Y,A,-,Y,,,,,,,,,,Y,2,0,1,2,A,-,03,22350,,N,D,C,A,A,H,-,C,A,0,,,Y,,Y,,C,02,1,0,0,0,0,0,0,0,1,"- ","- ",,,RIVERSIDE,HEMET,-116.94124603271484,33.747749328613281
82292268,2023,2024-01-22,3300,2023-12-27,1705,4592,,3,5,4,3318,0,0,0,,0,T30,"HWY 111","MONTEREY AVE",0.00,,Y,A,-,Y,,,,,,,,,,Y,2,0,2,4,A,-,07,21658,A,N,B,C,A,A,H,-,C,A,0,,,,,Y,,A,01,1,1,0,0,0,0,0,0,0,"- ","- ",33.721408843994141,-116.39127349853516,RIVERSIDE,"PALM DESERT",-116.39147186279297,33.721534729003906
82295478,2023,2024-01-24,3311,2023-12-31,1414,16344,,7,5,4,3311,0,0,0,,0,006,"RAMON ROAD","FARRELL DRIVE",0.00,,Y,A,-,N,,,,,,,,,,Y,2,0,2,2,A,-,09,21801,A,N,A,C,A,A,H,-,A,A,0,,,,,Y,,A,08,1,1,0,0,0,0,0,0,0,"- ","- ",33.815971374511719,-116.51802062988281,RIVERSIDE,"PALM SPRINGS",-116.51802825927734,33.815944671630859
82296504,2024,2024-01-25,3300,2024-01-21,1800,5680,,7,5,6,3394,0,0,0,,0,MV12,"PERRIS BLVD","HEACOCK ST",0.00,,Y,B,C,N,,,,,,,,,,Y,2,0,2,2,A,-,05,21460,A,N,D,C,A,B,H,-,C,A,0,,,,,Y,,A,01,1,0,1,0,0,0,0,0,0,"- ","- ",33.976009368896484,-117.23242950439453,RIVERSIDE,"MORENO VALLEY",-117.23284149169922,33.975990295410156
82303580,2024,2024-02-05,3342,2024-01-09,2059,P1098,231,2,5,4,3342,0,0,0,,0,002,"BOLINA DR","KILKARE CIR",0.00,,Y,A,-,N,,,,,,,,,,Y,2,0,1,2,A,-,01,23152,A,N,E,J,A,A,H,-,C,D,0,,,Y,Y,Y,Y,C,03,1,0,0,0,0,0,0,0,1,"- ","- ",33.582538604736328,-117.19216918945312,RIVERSIDE,MURRIETA,-117.19229125976562,33.583141326904297
82303613,2024,2024-02-02,3313,2024-01-17,"824 ",2140,2,3,5,7,3313,0,0,0,,0,T70,"EL CERRITO DR","BRUIN DR",64.00,W,N,B,-,N,,,,,,,,,,N,2,0,1,2,A,-,11,21954,A,N,G,B,D,A,H,-,A,D,0,Y,,,,Y,,N,60,1,0,0,0,1,0,0,0,0,"- ","- ",,,RIVERSIDE,RIVERSIDE,-117.32660675048828,33.959945678710938
82304887,2023,2024-02-05,3308,2023-12-18,1927,10952,534,1,5,5,3308,0,0,0,,0,SOUTH,"SANDERSON AVE","WENTWORTH DR",0.00,,Y,A,-,N,,,,,,,,,,N,2,0,1,2,A,-,12,21453,A,N,D,G,A,A,H,-,C,A,0,,Y,,,Y,,L,04,1,0,0,0,0,0,1,0,0,"- ","- ",33.735721588134766,-117.00657653808594,RIVERSIDE,HEMET,-117.00669097900391,33.735816955566406
82310786,2024,2024-02-12,3313,2024-01-27,"210 ",2133,3,6,5,7,3313,0,0,0,,0,1R39,"FAIR ISLE DR","SPEYSIDE RD",60.00,W,N,A,-,N,,,,,,,,,,N,2,0,3,1,A,-,03,22350,,N,E,I,A,A,H,-,C,D,0,,,,,Y,,D,22,1,2,0,0,0,0,0,0,0,"- ","- ",33.942478179931641,-117.30948638916016,RIVERSIDE,RIVERSIDE,-117.30938720703125,33.944480895996094
82314354,2023,2024-02-15,3300,2023-12-07,2310,4121,,4,5,4,3312,0,0,0,,0,032,"N. PERRIS BLVD","ORANGE AVE",1068.00,S,N,E,-,N,,,,,,,,,,Y,1,1,1,2,A,-,01,23152,G,N,C,C,A,A,H,-,D,D,0,,,,,Y,Y,A,01,0,0,1,0,0,0,0,0,0,"- ","- ",,,RIVERSIDE,PERRIS,-117.22608184814453,33.812675476074219
82316626,2024,2024-02-19,3313,2024-01-27,2148,2084,2,6,5,7,3313,0,0,0,,0,3R28,"SPRUCE ST","RUSTIN AVE",84.00,E,N,A,-,N,,,,,,,,,,Y,2,0,1,2,A,-,08,22107,,N,B,E,A,A,H,-,C,D,0,,,,,Y,,A,01,1,0,0,0,0,0,0,0,0,"- ","- ",33.990230560302734,-117.33556365966797,RIVERSIDE,RIVERSIDE,-117.33523559570312,33.990169525146484
82320120,2024,2024-02-26,3313,2024-02-05,1452,1384,1,1,5,7,3313,0,0,0,,0,M17,"MAIN ST","BARTLETT AVE",356.00,S,N,B,C,N,,,,,,,,,,N,1,1,0,2,A,-,11,21954,A,N,G,B,E,B,F,-,A,D,0,Y,,,,Y,,N,60,0,0,0,1,0,0,0,0,0,"- ","- ",34.01715087890625,-117.36274719238281,RIVERSIDE,RIVERSIDE,-117.36284637451172,34.016048431396484
82322710,2024,2024-02-26,3313,2024-02-14,"835 ",1026,4,3,5,7,3313,0,0,0,,0,T52,"VAN BUREN BLVD","CYPRESS AVE",0.00,,Y,A,-,N,,,,,,,,,,N,2,0,1,2,A,-,00,21650,A,N,D,G,A,A,H,-,A,A,0,,Y,,,Y,,L,04,1,0,0,0,0,0,1,0,0,"- ","- ",33.942901611328125,-117.45379638671875,RIVERSIDE,RIVERSIDE,-117.45404052734375,33.942787170410156
82324807,2023,2024-02-28,3300,2023-12-17,1141,5810,,7,5,6,3345,0,0,0,,0,012,"ARMSTRONG RD","30TH ST",13.00,S,N,A,-,N,,,,,,,,,,N,2,0,1,2,A,-,10,21950,A,N,G,B,B,A,H,-,A,A,0,Y,,,,Y,Y,-,"- ",1,0,0,0,1,0,0,0,0,"- ","- ",34.017711639404297,-117.42643737792969,RIVERSIDE,"JURUPA VALLEY",-117.42649841308594,34.017551422119141
82327112,2024,2024-03-01,3300,2024-02-04,1727,5680,"602 C",7,5,6,3394,0,0,0,,0,MV24,"LATEEN DR","DONCASTER DR",333.00,N,N,B,C,N,,,,,,,,,,N,2,0,1,1,A,-,01,23152,A,N,E,I,A,B,H,-,C,D,0,,,Y,,Y,,C,02,1,0,0,0,0,0,0,0,1,"- ","- ",33.934738159179688,-117.24928283691406,RIVERSIDE,"MORENO VALLEY",-117.24929046630859,33.935543060302734