CASE_ID,ACCIDENT_YEAR,PROC_DATE,JURIS,COLLISION_DATE,COLLISION_TIME,OFFICER_ID,REPORTING_DISTRICT,DAY_OF_WEEK,CHP_SHIFT,POPULATION,CNTY_CITY_LOC,SPECIAL_COND,BEAT_TYPE,CHP_BEAT_TYPE,CITY_DIVISION_LAPD,CHP_BEAT_CLASS,BEAT_NUMBER,PRIMARY_RD,SECONDARY_RD,DISTANCE,DIRECTION,INTERSECTION,WEATHER_1,WEATHER_2,STATE_HWY_IND,CALTRANS_COUNTY,CALTRANS_DISTRICT,STATE_ROUTE,ROUTE_SUFFIX,POSTMILE_PREFIX,POSTMILE,LOCATION_TYPE,RAMP_INTERSECTION,SIDE_OF_HWY,TOW_AWAY,COLLISION_SEVERITY,NUMBER_KILLED,NUMBER_INJURED,PARTY_COUNT,PRIMARY_COLL_FACTOR,PCF_CODE_OF_VIOL,PCF_VIOL_CATEGORY,PCF_VIOLATION,PCF_VIOL_SUBSECTION,HIT_AND_RUN,TYPE_OF_COLLISION,MVIW,PED_ACTION,ROAD_SURFACE,ROAD_COND_1,ROAD_COND_2,LIGHTING,CONTROL_DEVICE,CHP_ROAD_TYPE,PEDESTRIAN_ACCIDENT,BICYCLE_ACCIDENT,MOTORCYCLE_ACCIDENT,TRUCK_ACCIDENT,NOT_PRIVATE_PROPERTY,ALCOHOL_INVOLVED,STWD_VEHTYPE_AT_FAULT,CHP_VEHTYPE_AT_FAULT,COUNT_SEVERE_INJ,COUNT_VISIBLE_INJ,COUNT_COMPLAINT_PAIN,COUNT_PED_KILLED,COUNT_PED_INJURED,COUNT_BICYCLIST_KILLED,COUNT_BICYCLIST_INJURED,COUNT_MC_KILLED,COUNT_MC_INJURED,PRIMARY_RAMP,SECONDARY_RAMP,LATITUDE,LONGITUDE,COUNTY,CITY,POINT_X,POINT_Y
90765503,2018,2018-07-09,9655,2018-06-25,1720,014743,,1,2,9,3300,0,3,5,,2,002,"GILMAN SPRINGS ROAD","ALESSANDRO AVE",7392.00,E,N,A,-,N,,,,,,,,,,Y,2,0,2,2,A,-,05,21460,A,N,A,C,A,A,H,-,A,D,0,,,,,Y,,A,01,1,1,0,0,0,0,0,0,0,"- ","- ",33.904209136962891,-117.08833312988281,RIVERSIDE,UNINCORPORATED,-117.08836364746094,33.904312133789062
90766664,2018,2018-07-11,9840,2018-06-27,1000,021096,,3,1,9,3300,0,3,5,,2,002,"GILMAN SPRINGS RD.",SR-60,500.00,S,N,A,-,N,,,,,,,,,,Y,2,0,1,2,A,-,08,22107,,N,D,C,A,A,H,-,A,D,0,,,Y,,Y,,A,01,1,0,0,0,0,0,0,0,1,"- ","- ",33.936000823974609,-117.12580108642578,RIVERSIDE,UNINCORPORATED,-117.12581634521484,33.935993194580078
90768890,2018,2018-07-13,9630,2018-07-07,2307,021882,,6,3,9,3300,0,1,1,,2,302,"I-10 W/B",SR-177,3168.00,W,N,A,-,Y,,,,,,,,,,Y,2,0,1,1,A,-,08,22107,,N,F,I,A,A,H,-,D,D,0,,,Y,,Y,,C,02,1,0,0,0,0,0,0,0,1,"- ","- ",33.707550048828125,-115.43316650390625,RIVERSIDE,UNINCORPORATED,-115.41063690185547,33.710559844970703
9077012,2020,2020-07-09,3313,2020-03-20,2145,1475,3,5,5,7,3313,0,0,0,,0,M19,"ALESSANDRO BL","ALEXANDER ST",570.00,E,N,B,-,N,,,,,,,,,,,2,0,1,2,A,-,11,21956,A,N,G,B,E,A,H,-,D,A,0,Y,,,,Y,,N,60,1,0,0,0,1,0,0,0,0,"- ","- ",33.916698455810547,-117.30500030517578,RIVERSIDE,RIVERSIDE,-117.30313873291016,33.916713714599609
90777274,2018,2018-07-26,9840,2018-07-20,0210,018849,,5,3,9,3300,0,3,5,,2,002,"CENTER ST","IOWA AVE",800.00,E,N,A,-,N,,,,,,,,,,Y,2,0,1,1,C,-,18,,,N,H,H,A,A,H,-,C,D,0,,,Y,,Y,,-,"- ",1,0,0,0,0,0,0,0,1,"- ","- ",34.015789031982422,-117.33750915527344,RIVERSIDE,UNINCORPORATED,-117.33732604980469,34.015739440917969
90778573,2018,2018-07-27,9840,2018-07-25,0635,017882,,3,1,9,3300,0,2,4,,2,042,"VAN BUREN BLVD","COYOTE BUSH RD",0.00,,Y,A,-,N,,,,,,,,,,Y,2,0,2,2,A,-,12,21453,A,N,D,C,A,A,H,-,A,A,0,,,,,Y,,D,22,1,1,0,0,0,0,0,0,0,"- ","- ",33.887420654296875,-117.30734252929688,RIVERSIDE,UNINCORPORATED,-117.30728149414062,33.887630462646484
90784457,2018,2018-08-28,9840,2018-06-11,0448,020102,,1,3,9,3300,0,2,4,,2,043,"RAMONA EXPRESSWAY","5TH STREET",1432.00,E,N,A,-,N,,,,,,,,,,Y,1,1,3,2,A,-,01,23152,F,N,A,C,A,A,H,-,D,D,0,,,,,Y,,A,07,2,1,0,0,0,0,0,0,0,"- ","- ",33.839931488037109,-117.09573364257812,RIVERSIDE,UNINCORPORATED,-117.09648132324219,33.839893341064453
90786371,2018,2018-08-08,9655,2018-07-28,0040,019484,,6,3,9,3300,0,1,1,,2,206,"I-10 E/B","HAUGEN-LEHMANN WAY",7392.00,E,N,A,-,Y,,,10,,,,,,E,Y,2,0,2,1,A,-,08,22107,,N,E,I,A,A,H,-,D,D,0,,,,,Y,,A,07,1,1,0,0,0,0,0,0,0,"- ","- ",33.920730590820312,-116.71366882324219,RIVERSIDE,UNINCORPORATED,-116.71363067626953,33.921058654785156
9079309,2020,2020-06-15,3313,2020-02-12,1223,1970,2,3,5,7,3313,0,0,0,,0,T78,"CHICAGO AV","SPRUCE ST",66.00,N,N,A,-,N,,,,,,,,,,,2,0,1,2,A,-,01,23152,A,N,C,C,A,A,H,-,A,A,0,,,,,Y,Y,A,01,1,0,0,0,0,0,0,0,0,"- ","- ",33.98876953125,-117.34793090820312,RIVERSIDE,RIVERSIDE,-117.34853363037109,33.990489959716797
90807119,2018,2018-09-06,9655,2018-08-23,2235,019484,,4,3,9,3300,0,1,1,,2,204,"I-10 E/B","HARGRAVE ST",6864.00,E,N,A,-,Y,,,,,,,,,,Y,2,0,9,4,A,-,03,22350,,N,C,C,A,A,D,-,D,D,0,,,,,Y,,A,01,3,0,6,0,0,0,0,0,0,"- ","- ",33.927951812744141,-116.84609222412109,RIVERSIDE,UNINCORPORATED,-116.84606170654297,33.927814483642578
90812655,2018,2018-09-13,9840,2018-03-21,0820,017162,,3,1,9,3300,0,3,5,,2,003,"TEMESCAL CANYON RD","LAWSON RD",0.00,,Y,A,-,N,,,,,,,,,,Y,1,1,3,3,A,-,09,21802,A,N,D,C,A,A,H,-,A,A,0,,,,,Y,,A,01,0,3,0,0,0,0,0,0,0,"- ","- ",33.770641326904297,-117.48780059814453,RIVERSIDE,UNINCORPORATED,-117.48780059814453,33.770618438720703
90812945,2018,2018-09-14,9840,2018-09-05,2250,015744,,3,3,4,3310,0,1,1,,2,011,"I-15 N/B","SIXTH ST",25.00,N,N,A,-,Y,,,15,,,,,,N,N,2,0,1,2,A,-,11,21954,A,F,G,B,E,A,H,-,D,D,0,Y,,,,Y,,N,60,1,0,0,0,1,0,0,0,0,"- ","- ",33.938148498535156,-117.55576324462891,RIVERSIDE,NORCO,-117.55577087402344,33.938152313232422
90815108,2018,2018-09-18,9840,2018-08-27,0605,019501,,1,1,9,3300,0,1,3,,1,038,"SR-71 N/B",SR-91,3221.00,N,N,A,-,Y,,,71,,,,,,N,Y,2,0,3,4,A,-,09,21801,A,N,D,C,A,A,H,-,B,D,0,,,,,Y,,A,01,1,1,1,0,0,0,0,0,0,"- ","- ",33.891620635986328,-117.64666748046875,RIVERSIDE,UNINCORPORATED,-117.64675140380859,33.891609191894531
90815522,2018,2018-09-18,9630,2018-05-17,2500,021923,,4,4,9,3300,0,1,3,,2,014,SR-111,"OVERTURE DR",5808.00,N,N,A,-,Y,,,111,,,,,,,Y,1,1,0,1,A,-,08,22107,,N,E,I,A,A,H,-,A,D,0,,,,,Y,,A,01,0,0,0,0,0,0,0,0,0,"- ","- ",33.899349212646484,-116.62339782714844,RIVERSIDE,UNINCORPORATED,-116.62345886230469,33.899032592773438
90818355,2018,2018-10-25,9840,2018-09-13,1147,014916,,4,1,9,3300,0,2,4,,2,042,"VAN BUREN BLVD","MERIDIAN PKWY",0.00,,Y,A,-,N,,,,,,,,,,Y,2,0,1,2,A,-,12,21453,A,N,D,C,A,A,H,-,A,A,0,,,,,Y,,A,07,1,0,0,0,0,0,0,0,0,"- ","- ",33.887969970703125,-117.28003692626953,RIVERSIDE,UNINCORPORATED,-117.27995300292969,33.887798309326172
90818952,2018,2018-09-21,9630,2018-07-20,2119,019228,,5,2,9,3300,0,1,3,,1,074,SR-74,"PALOWET DR",3696.00,W,N,A,-,Y,,,74,,,,,,,Y,1,1,0,1,A,-,08,22107,,N,F,A,A,A,H,-,D,D,0,,,,,Y,,A,01,0,0,0,0,0,0,0,0,0,"- ","- ",33.667701721191406,-116.40709686279297,RIVERSIDE,UNINCORPORATED,-116.40705108642578,33.667774200439453
90819293,2018,2018-09-24,9655,2018-09-18,1525,019796,,2,2,9,3300,0,1,1,,2,204,"I-10 E/B","8TH ST.",1584.00,W,N,A,-,Y,,,,,,,,,,Y,2,0,1,1,A,-,08,22107,,N,E,I,A,A,H,-,A,D,0,,,,,Y,,A,01,1,0,0,0,0,0,0,0,0,"- ","- ",33.924140930175781,-116.89366912841797,RIVERSIDE,UNINCORPORATED,,
90823974,2018,2018-09-28,9630,2018-09-04,0230,021923,,2,3,9,3300,0,1,1,,2,021,"I-10 E/B","WASHINGTON ST",1584.00,E,N,A,-,Y,,,10,,,,,,E,Y,2,0,1,1,A,-,08,22107,,N,E,I,A,A,H,-,D,D,0,,,,,Y,,A,01,1,0,0,0,0,0,0,0,0,"- ","- ",33.758369445800781,-116.29643249511719,RIVERSIDE,UNINCORPORATED,-116.29646301269531,33.758293151855469
90824799,2018,2018-11-06,9685,2018-09-12,1445,016113,,3,2,3,3343,0,1,1,,2,010,"I-15 SOUTHBOUND","OLIVE STREET U/C",10.00,N,N,A,-,Y,,,15,,,,,,S,Y,2,0,4,2,A,-,08,22107,,N,E,I,A,A,H,-,A,D,0,,,,,Y,,A,01,1,2,1,0,0,0,0,0,0,"- ","- ",33.642189025878906,-117.28386688232422,RIVERSIDE,WILDOMAR,-117.28394317626953,33.642139434814453
90825768,2018,2018-10-01,9840,2018-09-21,1940,015802,,5,2,9,3300,0,3,5,,2,004,"COWIE AVE.","SAN JACINTO AVE.",0.00,,Y,A,-,N,,,,,,,,,,Y,2,0,3,2,A,-,09,21802,A,N,D,C,A,A,H,-,C,A,0,,,,,Y,,A,07,1,0,2,0,0,0,0,0,0,"- ","- ",33.786399841308594,-117.26966094970703,RIVERSIDE,UNINCORPORATED,-117.26992797851562,33.786510467529297
90830841,2018,2018-10-08,9655,2018-09-22,1630,021008,,6,2,9,3300,0,1,3,,1,314,"STATE ROUTE 74","SOBOBA STREET",0.00,,Y,A,-,Y,,,74,,,,,,,Y,2,0,1,2,A,-,12,21453,A,N,D,C,A,A,H,-,A,A,0,,,,,Y,,D,22,1,0,0,0,0,0,0,0,0,"- ","- ",33.747730255126953,-116.91945648193359,RIVERSIDE,UNINCORPORATED,-116.91945648193359,33.747764587402344
90831301,2018,2018-10-08,9630,2018-09-26,2320,021409,,3,3,9,3300,0,1,1,,2,302,"I-10 E/B","CHIRIACO RD",5280.00,E,N,A,-,Y,,,10,,,,,,E,Y,2,0,2,2,A,-,03,22350,,N,C,C,A,A,H,-,D,D,0,,,,Y,Y,,A,07,1,1,0,0,0,0,0,0,0,"- ","- ",33.662429809570312,-115.70610046386719,RIVERSIDE,UNINCORPORATED,-115.70607757568359,33.662307739257812
90834031,2018,2018-10-11,9840,2018-10-02,2235,020210,,2,3,9,3300,0,1,1,,2,037,"I-15 N/B","INDIAN TRUCK TRAIL",2600.00,S,N,A,-,Y,,,15,,,,,,N,Y,2,0,1,1,A,-,01,23152,F,N,E,I,A,A,H,-,D,D,0,,,,,Y,,A,07,1,0,0,0,0,0,0,0,0,"- ","- ",33.744899749755859,-117.4447021484375,RIVERSIDE,UNINCORPORATED,-117.44467163085938,33.744953155517578
90834393,2018,2018-11-13,9840,2018-08-30,2108,017504,,4,2,9,3300,0,2,4,,2,042,"VAN BUREN BLVD.","ALBARIAN WAY",204.00,W,N,A,-,N,,,,,,,,,,N,2,0,1,2,A,-,11,21954,A,N,G,B,E,A,H,-,D,D,0,Y,,,,Y,,N,60,1,0,0,0,1,0,0,0,0,"- ","- ",33.882339477539062,-117.38246154785156,RIVERSIDE,UNINCORPORATED,-117.38233184814453,33.882320404052734
9083954,2020,2020-07-24,3300,2020-01-09,1755,5362,81B1,4,5,3,3305,0,0,0,,0,Y81,"FREDERICK ST","CHRISTINA RD",0.00,,Y,A,-,N,,,,,,,,,,Y,2,0,1,2,A,-,10,21950,,N,G,B,B,A,H,-,B,D,0,Y,,,,Y,,A,01,1,0,0,0,1,0,0,0,0,"- ","- ",33.683700561523438,-116.19029998779297,RIVERSIDE,COACHELLA,-116.19032287597656,33.683670043945312
90839634,2018,2018-10-19,9840,2018-09-24,0931,015789,,1,1,4,3307,0,1,1,,2,037,"I-15 S/B","LAKE ST.",6072.00,S,N,A,-,Y,,,,,,,,,,Y,2,0,1,1,A,-,08,22107,,N,E,I,A,A,H,-,A,D,0,,,,,Y,,A,07,1,0,0,0,0,0,0,0,0,"- ","- ",33.725868225097656,-117.72586822509766,RIVERSIDE,"LAKE ELSINORE",-117.39353179931641,33.729881286621094
90843990,2018,2018-10-24,9630,2018-10-12,0820,021128,,5,1,3,3306,1,4,S,,2,901,"FLORENCE DR","SYCAMORE RD",0.00,,Y,A,-,N,,,,,,,,,,Y,2,0,3,2,A,-,09,21800,A,N,D,C,A,A,H,-,A,D,0,,,,,Y,,D,22,1,0,2,0,0,0,0,0,0,"- ","- ",33.925769805908203,-116.51706695556641,RIVERSIDE,"DESERT HOT SPRINGS",-116.51708984375,33.925750732421875
90844389,2018,2018-10-25,9685,2018-10-19,1340,015295,,5,1,9,3300,0,1,3,,1,045,"STATE ROUTE 371","CAHUILLA CREEK BRIDGE",6864.00,N,N,A,-,Y,,,371,,,,,,,Y,2,0,1,2,A,-,09,21802,A,N,D,C,A,A,H,-,A,D,0,,,Y,,Y,,C,02,1,0,0,0,0,0,0,0,1,"- ","- ",33.540580749511719,-116.75196838378906,RIVERSIDE,UNINCORPORATED,-116.75196075439453,33.540512084960938
90851303,2018,2018-11-26,9685,2018-10-30,1710,013925,,2,2,4,3342,0,1,1,,2,034,"INTERSTATE 215","KELLER ROAD",250.00,S,N,A,-,Y,,,215,,,,,,,Y,2,0,1,2,A,-,03,22350,,N,C,C,A,A,H,-,A,D,0,,,Y,,Y,,C,02,1,0,0,0,0,0,0,0,1,"- ","- ",33.623710632324219,-117.17115020751953,RIVERSIDE,MURRIETA,-117.17108154296875,33.623710632324219
90860085,2018,2018-11-14,9685,2018-11-07,1130,015757,,3,1,9,3300,0,1,3,,2,011,"SR-74 (ORTEGA HWY)","LONG CANYON RD",0.00,,Y,A,-,Y,,,74,,,,,,,Y,2,0,2,2,A,-,09,21801,A,N,A,C,A,A,H,-,A,D,0,,,Y,,Y,,A,01,1,1,0,0,0,0,0,0,1,"- ","- ",33.637519836425781,-117.42214202880859,RIVERSIDE,UNINCORPORATED,-117.422119140625,33.637508392333984
90861388,2018,2018-11-16,9840,2018-11-10,0555,018221,,6,3,6,3315,0,1,3,,2,031,"SR-91 E/B","MCKINLEY ST.",1630.00,W,N,A,-,Y,,,91,,,,,,E,Y,2,0,1,1,A,-,08,22107,,N,E,I,A,A,H,-,B,D,0,,,,,Y,,D,22,1,0,0,0,0,0,0,0,0,"- ","- ",33.884220123291016,-117.52281951904297,RIVERSIDE,CORONA,-117.52285003662109,33.884361267089844
90862544,2018,2018-11-19,9840,2018-11-11,1750,021194,,7,2,7,3313,0,1,1,,2,024,"I-215 N/B","EUCALYPTUS AVE",3858.00,N,N,A,-,Y,,,215,,,,,,N,Y,2,0,3,3,A,-,03,22350,,N,C,C,A,A,H,-,D,D,0,,,,,Y,,A,01,2,1,0,0,0,0,0,0,0,"- ","- ",33.940509796142578,-117.2913818359375,RIVERSIDE,RIVERSIDE,-117.29132080078125,33.940525054931641
90866800,2018,2018-11-26,9840,2018-10-14,2008,021298,,7,2,9,3300,0,2,4,,2,045,"CAJALCO RD","WOOD RD",1000.00,W,N,A,-,N,,,,,,,,,,N,2,0,1,2,A,-,08,22107,,N,G,B,E,A,H,-,D,D,0,Y,,,,Y,,A,01,1,0,0,0,1,0,0,0,0,"- ","- ",33.836471557617188,-117.33448028564453,RIVERSIDE,UNINCORPORATED,-117.33440399169922,33.836460113525391
90867036,2018,2018-12-10,9630,2018-10-14,1415,020445,,7,2,9,3300,0,1,3,,2,086,"STATE ROUTE 86 NORTHBOUND","85TH AVENUE",560.00,N,N,A,-,Y,,,86,,,,,,N,Y,1,1,4,1,A,-,08,22107,,N,E,I,A,A,H,-,A,D,0,,,,,Y,,A,07,0,2,2,0,0,0,0,0,0,"- ","- ",33.432170867919922,-116.06596374511719,RIVERSIDE,UNINCORPORATED,-116.06589508056641,33.432243347167969
90867838,2018,2018-11-27,9655,2018-11-16,2310,021008,,5,3,9,3300,0,3,5,,2,003,"STATE ROUTE 74 EASTBOUND","FOUR SEASONS BOULEVARD",692.00,E,N,A,-,Y,,,74,,,,,,E,Y,2,0,1,1,A,-,08,22107,,N,E,I,A,A,H,-,C,D,0,,,,,Y,,A,07,1,0,0,0,0,0,0,0,0,"- ","- ",33.743740081787109,-117.05774688720703,RIVERSIDE,UNINCORPORATED,-117.05774688720703,33.743797302246094
90870740,2018,2018-11-29,9840,2018-09-04,2017,021017,,2,2,9,3300,0,1,3,,2,025,"SR-60 W/B","THEODORE ST",1113.00,E,N,A,-,Y,,,60,,,,,,W,Y,1,1,2,2,A,-,08,22107,,N,E,I,A,A,H,-,D,D,0,,,,,Y,Y,A,01,0,2,0,0,0,0,0,0,0,"- ","- ",33.938991546630859,-117.135986328125,RIVERSIDE,UNINCORPORATED,-117.13597869873047,33.93902587890625
90871920,2018,2019-01-17,9840,2018-05-15,1735,015444,,2,2,7,3313,0,3,5,,2,004,"OAKWOOD STREET (21000 BLOCK)","HAINES STREET",232.00,W,N,A,-,N,,,,,,,,,,Y,1,2,2,3,A,-,01,23152,A,F,A,C,A,A,H,-,A,D,0,,,,,Y,Y,A,01,1,1,0,0,0,0,0,0,0,"- ","- ",33.833530426025391,-117.29341125488281,RIVERSIDE,RIVERSIDE,-117.29277801513672,33.833522796630859
90873061,2018,2019-10-24,9840,2018-10-06,0635,017459,,6,1,6,3345,0,1,1,,2,011,"I-15 N/B","CANTU GALLEANO RANCH RD",465.00,S,N,A,-,Y,,,15,,,,,,N,Y,2,0,1,3,A,-,08,22107,,N,E,I,A,A,D,-,B,D,0,,,Y,,Y,,A,01,1,0,0,0,0,0,0,0,1,"- ","- ",34.001300811767578,-117.55010223388672,RIVERSIDE,"JURUPA VALLEY",-117.55011749267578,34.001300811767578
90875945,2018,2018-12-05,9685,2018-11-22,0355,14338,,4,3,4,3342,0,1,1,,2,034,"I-215 SOUTHBOUND","CLINTON KEITH ROAD",5808.00,S,N,A,-,Y,,,215,,,,,,S,Y,2,0,2,1,A,-,01,23152,A,N,E,I,A,A,H,-,D,D,0,,,,,Y,Y,A,01,2,0,0,0,0,0,0,0,0,"- ","- ",33.583938598632812,-117.18103790283203,RIVERSIDE,MURRIETA,-117.18104553222656,33.583938598632812
9087640,2020,2020-05-19,3315,2020-03-26,1125,003931,1A,4,5,6,3315,0,0,0,,0,002,"HIDDEN VALLEY PKWY","RT 15",0.00,,Y,A,-,N,,,,,,,,,,N,2,0,2,4,A,-,12,21453,A,N,D,C,A,A,H,-,A,A,0,,,,,Y,,A,01,1,0,1,0,0,0,0,0,0,"- ","- ",33.899608612060547,-117.558349609375,RIVERSIDE,CORONA,-117.56005096435547,33.898639678955078
90879779,2018,2018-12-11,9655,2018-12-08,0140,021008,,6,3,9,3300,0,3,5,,2,002,"SAN TIMOTEO CANYON ROAD","ENTRANZ BOULEVARD",980.00,W,N,A,-,N,,,,,,,,,,Y,2,0,2,1,A,-,01,23153,A,N,E,I,A,A,H,-,D,D,0,,,,,Y,Y,A,01,2,0,0,0,0,0,0,0,0,"- ","- ",33.976238250732422,-117.10207366943359,RIVERSIDE,UNINCORPORATED,-117.10187530517578,33.976448059082031
90881605,2018,2018-12-12,9655,2018-10-30,0510,021008,,2,3,9,3300,0,3,5,,2,003,"ALESSANDRO AVENUE","RAMONA EXPRESSWAY",255.00,S,N,A,-,N,,,,,,,,,,Y,1,1,0,1,A,-,08,22107,,N,E,I,A,A,H,-,D,D,0,,,,,Y,,A,01,0,0,0,0,0,0,0,0,0,"- ","- ",33.800060272216797,-116.95464324951172,RIVERSIDE,UNINCORPORATED,-116.95462799072266,33.800392150878906
90881646,2018,2018-12-12,9840,2018-12-02,1705,021298,,7,2,9,3300,0,3,5,,2,004,"MARKHAM ST","SEATON AVE",792.00,W,N,A,-,N,,,,,,,,,,Y,2,0,1,2,A,-,03,22350,,N,C,C,A,A,H,-,D,D,0,,,,,Y,,A,01,1,0,0,0,0,0,0,0,0,"- ","- ",33.851898193359375,-117.26409912109375,RIVERSIDE,UNINCORPORATED,-117.26402282714844,33.851829528808594
90882302,2018,2019-03-08,9685,2018-09-04,0430,016885,,2,3,4,3307,0,2,4,,2,016,"GRAND AVENUE","GREGORY PLACE",461.00,N,N,B,-,N,,,,,,,,,,Y,2,0,2,2,A,-,08,22107,,N,A,C,A,A,H,-,C,D,0,,,,,Y,,A,01,2,0,0,0,0,0,0,0,0,"- ","- ",33.627079010009766,-117.32537841796875,RIVERSIDE,"LAKE ELSINORE",-117.32526397705078,33.627002716064453
90884755,2018,2019-02-13,9630,2018-12-08,0615,021128,,6,1,9,3300,0,3,5,,2,001,"MOUNTAIN VIEW ROAD","18TH AVE",1056.00,S,N,A,-,N,,,,,,,,,,Y,2,0,2,2,A,-,01,23152,A,N,A,C,A,A,H,-,D,D,0,,,,,Y,Y,A,01,1,0,1,0,0,0,0,0,0,"- ","- ",33.914848327636719,-116.47543334960938,RIVERSIDE,UNINCORPORATED,-116.47557830810547,33.914760589599609
90886658,2018,2018-12-19,9655,2018-12-11,1140,013757,,2,1,9,3300,0,1,3,,1,314,SR-74,"MPM 50.5",200.00,E,N,A,-,Y,,,74,,,,,,,Y,2,0,1,1,A,-,08,22107,,N,F,A,A,A,H,-,A,D,0,,,Y,,Y,,C,02,1,0,0,0,0,0,0,0,1,"- ","- ",33.724700927734375,-116.8046875,RIVERSIDE,UNINCORPORATED,-116.80467987060547,33.724708557128906
90886718,2018,2018-12-20,9840,2018-12-03,0158,019501,,1,3,7,3313,0,1,3,,2,021,"SR-91 E/B","SPRUCE ST",798.00,E,N,A,-,Y,,,91,,,,,,E,Y,2,0,1,1,A,-,01,23152,A,N,E,I,A,A,H,-,D,D,0,,,,,Y,Y,A,01,1,0,0,0,0,0,0,0,0,"- ","- ",33.992809295654297,-117.35723876953125,RIVERSIDE,RIVERSIDE,-117.35744476318359,33.992954254150391
90890856,2018,2018-12-27,9840,2018-12-16,0158,021177,,7,3,9,3300,0,3,5,,2,004,"MONTGOMERY AVE","NUEVO RD",275.00,N,N,A,-,N,,,,,,,,,,Y,2,0,1,1,A,-,01,23152,G,N,E,I,A,A,H,-,D,D,0,,,,,Y,Y,A,07,1,0,0,0,0,0,0,0,0,"- ","- ",33.80120849609375,-117.12637329101562,RIVERSIDE,UNINCORPORATED,-117.12738037109375,33.800739288330078
90893171,2018,2018-12-28,9685,2018-12-23,0145,016724,,7,3,9,3300,0,1,3,,1,012,"SR-74 WESTBOUND","PEACH ST",360.00,E,N,A,-,Y,,,74,,,,,,W,Y,2,0,1,1,A,-,08,22107,,N,E,J,A,A,H,-,D,D,0,,,,,Y,,A,01,1,0,0,0,0,0,0,0,0,"- ","- ",33.721111297607422,-117.29460906982422,RIVERSIDE,UNINCORPORATED,-117.29473876953125,33.721210479736328
90896092,2018,2019-01-02,9685,2018-08-31,0710,015295,,5,1,9,3300,0,3,5,,2,003,"QUEEN PALM DRIVE","SILVER PALM DRIVE",3.00,N,N,A,-,N,,,,,,,,,,N,1,1,0,2,A,-,10,21950,A,N,G,B,E,A,H,-,A,D,0,Y,,,,Y,,A,01,0,0,0,1,0,0,0,0,0,"- ","- ",33.741008758544922,-117.12058258056641,RIVERSIDE,UNINCORPORATED,-117.12056732177734,33.740886688232422
90897584,2018,2019-01-04,9630,2018-12-24,1150,020996,,1,1,9,3300,0,1,3,,1,074,SR-74,"CAHUILLA WAY",10560.00,W,N,A,-,Y,,,74,,,,,,,Y,2,0,1,1,A,-,01,23152,A,N,E,I,A,A,H,-,A,D,0,,,,,Y,Y,M,47,1,0,0,0,0,0,0,0,0,"- ","- ",33.659278869628906,-116.40074920654297,RIVERSIDE,UNINCORPORATED,-116.4007568359375,33.659286499023438
90898692,2018,2019-01-07,9630,2018-12-28,0013,021908,,5,3,9,3300,0,1,1,,2,010,"I-10 E/B","SR-62 E/B",898.00,E,N,A,-,Y,,,10,,,,,,E,Y,2,0,2,2,A,-,01,23152,A,N,C,C,A,A,H,-,D,D,0,,,,,Y,Y,A,01,1,1,0,0,0,0,0,0,0,"- ","- ",33.913558959960938,-116.60096740722656,RIVERSIDE,UNINCORPORATED,-116.60095977783203,33.913616180419922
90900903,2018,2019-01-09,9840,2018-12-22,0122,021177,,6,3,9,3300,0,2,4,,2,045,"CAJALCO ROAD","HARLEY JOHN RD",160.00,E,N,A,-,N,,,,,,,,,,Y,2,0,3,2,A,-,01,23152,A,N,D,C,A,A,H,-,D,D,0,,,,,Y,Y,A,07,1,1,1,0,0,0,0,0,0,"- ","- ",33.834358215332031,-117.35272979736328,RIVERSIDE,UNINCORPORATED,-117.35319519042969,33.834358215332031
90904371,2019,2019-01-15,9655,2019-01-12,0100,021008,,6,3,9,3300,0,3,5,,2,001,"STATE ROUTE 243","OLD IDYLLWILD ROAD",10032.00,S,N,A,-,Y,,,243,,,,,,,Y,2,0,3,1,A,-,01,23152,G,N,E,I,A,A,H,-,D,D,0,,,,,Y,Y,A,01,1,0,2,0,0,0,0,0,0,"- ","- ",33.899341583251953,-116.85713195800781,RIVERSIDE,UNINCORPORATED,-116.85710906982422,33.899341583251953
90906731,2018,2019-03-01,9630,2018-11-17,0230,021416,,6,3,9,3300,0,1,1,,2,301,"INTERSTATE 10 (WESTBOUND)","FRONTAGE ROAD",289.00,E,N,A,-,Y,,,10,,,,,,,Y,1,1,1,1,A,-,08,22107,,N,E,I,A,A,H,-,D,D,0,,,,,Y,,A,01,1,0,0,0,0,0,0,0,0,"- ","- ",33.670429229736328,-115.91757202148438,RIVERSIDE,UNINCORPORATED,-115.9176025390625,33.670234680175781