CASE_ID,ACCIDENT_YEAR,PROC_DATE,JURIS,COLLISION_DATE,COLLISION_TIME,OFFICER_ID,REPORTING_DISTRICT,DAY_OF_WEEK,CHP_SHIFT,POPULATION,CNTY_CITY_LOC,SPECIAL_COND,BEAT_TYPE,CHP_BEAT_TYPE,CITY_DIVISION_LAPD,CHP_BEAT_CLASS,BEAT_NUMBER,PRIMARY_RD,SECONDARY_RD,DISTANCE,DIRECTION,INTERSECTION,WEATHER_1,WEATHER_2,STATE_HWY_IND,CALTRANS_COUNTY,CALTRANS_DISTRICT,STATE_ROUTE,ROUTE_SUFFIX,POSTMILE_PREFIX,POSTMILE,LOCATION_TYPE,RAMP_INTERSECTION,SIDE_OF_HWY,TOW_AWAY,COLLISION_SEVERITY,NUMBER_KILLED,NUMBER_INJURED,PARTY_COUNT,PRIMARY_COLL_FACTOR,PCF_CODE_OF_VIOL,PCF_VIOL_CATEGORY,PCF_VIOLATION,PCF_VIOL_SUBSECTION,HIT_AND_RUN,TYPE_OF_COLLISION,MVIW,PED_ACTION,ROAD_SURFACE,ROAD_COND_1,ROAD_COND_2,LIGHTING,CONTROL_DEVICE,CHP_ROAD_TYPE,PEDESTRIAN_ACCIDENT,BICYCLE_ACCIDENT,MOTORCYCLE_ACCIDENT,TRUCK_ACCIDENT,NOT_PRIVATE_PROPERTY,ALCOHOL_INVOLVED,STWD_VEHTYPE_AT_FAULT,CHP_VEHTYPE_AT_FAULT,COUNT_SEVERE_INJ,COUNT_VISIBLE_INJ,COUNT_COMPLAINT_PAIN,COUNT_PED_KILLED,COUNT_PED_INJURED,COUNT_BICYCLIST_KILLED,COUNT_BICYCLIST_INJURED,COUNT_MC_KILLED,COUNT_MC_INJURED,PRIMARY_RAMP,SECONDARY_RAMP,LATITUDE,LONGITUDE,COUNTY,CITY,POINT_X,POINT_Y
91167290,2019,2020-01-17,9840,2019-05-02,2223,019893,,4,3,6,3315,0,1,3,,2,030,"SR-91 EASTBOUND (RIVERSIDE FREEWAY)","GREEN RIVER ROAD",3480.00,W,N,A,-,Y,,,91,,,,,,E,Y,1,1,1,2,A,-,08,22107,,N,C,E,A,A,H,-,D,D,0,,,,Y,Y,,A,01,0,0,1,0,0,0,0,0,0,"- ","- ",33.871189117431641,-117.66652679443359,RIVERSIDE,CORONA,-117.66660308837891,33.871387481689453
91167814,2019,2020-01-17,9655,2019-12-25,1231,018320,,3,1,4,3301,0,1,1,,2,204,"INTERSTATE 10 WESTBOUND","RAMSEY STREET",400.00,W,N,B,C,Y,,,10,,,,,,W,Y,1,1,0,1,A,-,03,22350,,N,E,I,A,B,H,-,A,D,0,,,,,Y,,A,07,0,0,0,0,0,0,0,0,0,"- ","- ",33.926059722900391,-116.85355377197266,RIVERSIDE,BANNING,-116.85357666015625,33.926128387451172
91169408,2020,2020-01-21,9840,2020-01-18,1045,017546,,6,1,9,3300,0,3,5,,2,004,"MULTIVIEW DR","BROADVIEW DR",150.00,E,N,A,-,N,,,,,,,,,,N,2,0,1,2,A,-,11,21956,,F,G,B,E,A,H,-,A,D,0,Y,,,,Y,,N,60,1,0,0,0,1,0,0,0,0,"- ","- ",33.818260192871094,-117.38365173339844,RIVERSIDE,UNINCORPORATED,-117.38367462158203,33.818206787109375
91169682,2019,2020-01-21,9630,2019-11-27,1430,020445,,3,2,9,3300,0,3,5,,2,404,"VARNER ROAD","JACK IVEY DRIVE",200.00,W,N,B,-,N,,,,,,,,,,Y,1,1,0,2,A,-,08,22107,,N,D,C,A,A,H,-,A,D,0,,,,Y,Y,,A,01,0,0,0,0,0,0,0,0,0,"- ","- ",33.791038513183594,-116.36251831054688,RIVERSIDE,UNINCORPORATED,-116.36271667480469,33.791145324707031
91169707,2020,2020-01-21,9660,2020-01-13,1355,021509,,1,1,9,3300,0,1,1,,2,030,"I-10 E/B","FORD DRY LAKE O/C",254.00,E,N,A,-,Y,,,10,,,,,,E,Y,2,0,1,1,A,-,08,22107,,N,F,A,A,A,H,-,A,D,0,,,,,Y,,D,22,1,0,0,0,0,0,0,0,0,"- ","- ",33.607120513916016,-114.98928070068359,RIVERSIDE,UNINCORPORATED,-114.98927307128906,33.607158660888672
91172918,2020,2020-01-24,9840,2020-01-07,0633,015705,,2,1,7,3313,0,1,3,,2,010,"SR-60 W/B","MARKET ST.",250.00,E,N,A,-,Y,,,60,,,,,,W,Y,2,0,2,3,A,-,07,21658,A,N,B,C,A,A,H,-,D,D,0,,,,Y,Y,,D,22,2,0,0,0,0,0,0,0,0,"- ","- ",34.001419067382812,-117.37600708007812,RIVERSIDE,RIVERSIDE,-117.37607574462891,34.001270294189453
91173133,2019,2020-01-24,9685,2019-12-12,1021,015654,,4,1,9,3300,0,1,3,,1,026,SR-74,"SULTANAS ROAD",470.00,W,N,A,-,Y,,,74,,,,,,,Y,2,0,2,2,A,-,09,21801,A,N,D,C,A,A,D,-,D,D,0,,,Y,,Y,,A,01,1,0,1,0,0,0,0,0,1,"- ","- ",33.743221282958984,-117.12941741943359,RIVERSIDE,UNINCORPORATED,-117.12941741943359,33.743232727050781
91178129,2020,2020-02-03,9630,2020-01-20,1738,020845,,1,2,4,3325,0,1,1,,2,020,"INTERSTATE 10 EASTBOUND","DATE PALM DRIVE",4224.00,W,N,A,-,Y,,,10,,,,,,E,Y,1,1,0,1,A,-,08,22107,,N,F,A,A,A,H,-,D,D,0,,,,,Y,,A,07,0,0,0,0,0,0,0,0,0,"- ","- ",33.856609344482422,-116.47061920166016,RIVERSIDE,"CATHEDRAL CITY",-116.47069549560547,33.856483459472656
91178426,2019,2020-02-03,9840,2019-12-25,1848,014571,,3,2,9,3300,0,1,1,,2,040,"I-215 N/B","HARLEY KNOX BLVD. (SOUTH EDGE)",6.00,N,N,C,-,Y,,,215,,,,,,N,Y,1,1,1,1,A,-,08,22107,,N,E,I,A,B,H,-,C,D,0,,,,,Y,Y,A,01,1,0,0,0,0,0,0,0,0,"- ","- ",33.862300872802734,-117.2593994140625,RIVERSIDE,UNINCORPORATED,-117.25940704345703,33.862297058105469
91178471,2020,2020-02-03,9655,2020-01-24,0849,020350,,5,1,9,3300,0,1,3,,1,110,SR-243,"BLACK MOUNTAIN TRUCK TRL",2640.00,N,N,A,-,Y,,,243,,,,,,,Y,2,0,3,1,A,-,01,23152,A,N,E,I,A,A,H,-,A,D,0,,,,,Y,Y,A,01,2,1,0,0,0,0,0,0,0,"- ","- ",33.796958923339844,-116.77523803710938,RIVERSIDE,UNINCORPORATED,-116.77520751953125,33.797019958496094
91178492,2018,2020-02-03,9840,2018-06-13,1233,016285,,3,1,9,3300,0,3,5,,2,004,"CLARK STREET","PERRY STREET",95.00,N,N,A,-,N,,,,,,,,,,Y,2,0,1,1,A,-,01,23152,G,N,E,I,A,A,H,-,A,D,0,,,,,Y,Y,A,01,1,0,0,0,0,0,0,0,0,"- ","- ",33.832199096679688,-117.28880310058594,RIVERSIDE,UNINCORPORATED,-117.28763580322266,33.848369598388672
91178618,2020,2020-02-03,9840,2020-01-31,1500,020659,,5,2,6,3394,0,1,3,,2,025,"SR-60 E/B","FREDERICK ST.",2300.00,W,N,A,-,Y,,,60,,,,,,E,Y,2,0,2,3,A,-,03,22350,,N,C,C,A,A,H,-,A,D,0,,,,,Y,,A,01,1,0,1,0,0,0,0,0,0,"- ","- ",33.940948486328125,-117.26975250244141,RIVERSIDE,"MORENO VALLEY",-117.26975250244141,33.940921783447266
91188842,2020,2020-02-19,9630,2020-02-16,1502,021162,,7,2,9,3300,0,3,5,,2,404,"VARNER ROAD","BADGER ST",1584.00,W,N,A,-,N,,,,,,,,,,Y,2,0,4,2,A,-,05,21650,,F,A,C,A,A,H,-,A,D,0,,,,,Y,,A,07,2,2,0,0,0,0,0,0,0,"- ","- ",33.763961791992188,-116.31401062011719,RIVERSIDE,UNINCORPORATED,-116.31348419189453,33.763813018798828
91190059,2020,2020-02-20,9685,2020-02-14,0402,015958,,5,3,3,3343,0,1,1,,2,010,"INTERSTATE 15 NORTHBOUND","BUNDY CANYON ROAD",250.00,N,N,A,-,Y,,,15,,,,,,N,Y,2,0,1,3,A,-,07,21658,A,N,C,C,A,A,H,-,C,D,0,,,,Y,Y,,A,01,1,0,0,0,0,0,0,0,0,"- ","- ",33.627151489257812,-117.27279663085938,RIVERSIDE,WILDOMAR,-117.27280426025391,33.627147674560547
91191288,2020,2020-02-21,9630,2020-01-04,2500,021513,,6,4,9,3300,0,3,5,,2,503,"HARRISON STREET","75TH AVENUE",1584.00,S,N,A,-,N,,,,,,,,,,N,1,1,0,2,A,-,08,22107,,F,G,B,E,A,H,-,D,D,0,Y,,,,Y,,-,99,0,0,0,1,0,0,0,0,0,"- ","- ",33.502700805664062,-116.12270355224609,RIVERSIDE,UNINCORPORATED,,
91192966,2020,2020-02-25,9840,2020-02-02,2330,019576,,7,3,7,3313,0,1,1,,2,023,"I-215 N/B","UNIVERSITY AVE",1000.00,S,N,A,-,Y,,,215,,,,,,N,N,2,0,1,2,A,-,08,22107,,F,G,B,E,A,H,-,E,D,0,Y,,,,Y,,-,99,1,0,0,0,1,0,0,0,0,"- ","- ",33.974571228027344,-117.33399963378906,RIVERSIDE,RIVERSIDE,-117.333984375,33.974586486816406
91195135,2020,2020-02-27,9685,2020-02-21,0908,014488,,5,1,3,3343,0,1,1,,2,010,"I-15 NORTHBOUND","BUNDY CYN U/C",1584.00,S,N,A,-,Y,,,,,,,,,,Y,2,0,1,1,A,-,01,23152,F,N,F,A,A,A,H,-,A,D,0,,,,,Y,,A,01,1,0,0,0,0,0,0,0,0,"- ","- ",33.372371673583984,-117.16098022460938,RIVERSIDE,WILDOMAR,-117.27256774902344,33.6268310546875
91195186,2020,2020-02-27,9655,2020-02-19,1513,018383,,3,2,9,3300,0,1,3,,2,213,"SR-79 S/B","COUNTY LANFILL RD",702.00,N,N,A,-,Y,,,79,,,,,,S,Y,2,0,1,1,A,-,01,23152,A,N,E,J,A,A,H,-,A,D,0,,,,,Y,Y,A,01,1,0,0,0,0,0,0,0,0,"- ","- ",33.885608673095703,-116.99059295654297,RIVERSIDE,UNINCORPORATED,-116.99050140380859,33.885601043701172
9119637,2020,2020-09-14,3302,2020-06-17,1351,1166,3302,3,5,3,3302,0,0,0,,0,002,"OAK VALLEY PKWY","EDELWEISS DR",188.00,E,N,A,-,N,,,,,,,,,,N,2,0,1,1,A,-,03,22350,,N,E,I,A,A,H,-,A,A,0,,,,,Y,,A,07,1,0,0,0,0,0,0,0,0,"- ","- ",33.946250915527344,-116.95951843261719,RIVERSIDE,BEAUMONT,-116.95896911621094,33.946060180664062
91198868,2020,2020-02-28,9840,2020-02-20,1820,021873,,4,2,7,3313,0,1,1,,2,023,"I-215 N/B","MARTIN LUTHER KING BLVD",1000.00,S,N,A,-,Y,,,215,,,,,,N,Y,2,0,2,4,A,-,03,22350,,N,C,C,A,A,H,-,C,D,0,,,,,Y,,A,01,1,0,1,0,0,0,0,0,0,"- ","- ",33.966598510742188,-117.32705688476562,RIVERSIDE,RIVERSIDE,-117.32707977294922,33.966590881347656
91201813,2020,2020-03-04,9685,2020-02-21,1100,015295,,5,1,4,3307,0,1,1,,2,010,"INTERSTATE 15 NORTHBOUND","RAILROAD CANYON ROAD",2640.00,S,N,A,-,Y,,,15,,,,,,N,Y,2,0,2,2,A,-,03,22350,,N,C,C,A,A,H,-,A,D,0,,,,,Y,,A,07,1,1,0,0,0,0,0,0,0,"- ","- ",33.656501770019531,-117.29324340820312,RIVERSIDE,"LAKE ELSINORE",-117.29327392578125,33.656471252441406
91201865,2020,2020-03-04,9655,2020-02-23,1038,017263,,7,1,9,3300,0,1,3,,2,213,"SR-79 S/B","CALIFORNIA AVE",4224.00,S,N,B,-,Y,,,79,,,,,,S,Y,2,0,1,3,A,-,08,22107,,N,E,I,E,B,H,-,A,D,0,Y,,,Y,Y,,A,01,1,0,0,0,1,0,0,0,0,"- ","- ",33.900291442871094,-116.98599243164062,RIVERSIDE,UNINCORPORATED,-116.98604583740234,33.90032958984375
91202865,2020,2020-03-06,9840,2020-02-22,2030,021873,,6,2,9,3300,0,3,5,,2,003,"RED GUM DR","DON JUAN ST.",0.00,,Y,A,-,N,,,,,,,,,,Y,2,0,2,2,A,-,17,24250,,F,D,C,A,A,H,-,D,D,0,,,Y,,Y,,C,02,1,0,1,0,0,0,0,0,2,"- ","- ",33.699798583984375,-117.33843994140625,RIVERSIDE,UNINCORPORATED,-117.33834838867188,33.699741363525391
9120618,2020,2020-08-26,3300,2020-02-26,1951,5447,,3,5,6,3345,0,0,0,,0,,"MISSION BL","CRESTMORE RD",637.00,E,N,A,-,N,,,,,,,,,,N,2,0,1,2,A,-,11,21955,,N,G,B,D,A,H,-,C,A,0,Y,,,,Y,,N,60,1,0,0,0,1,0,0,0,0,"- ","- ",33.98992919921875,-117.39617919921875,RIVERSIDE,"JURUPA VALLEY",-117.39506530761719,33.991085052490234
91207500,2020,2020-04-20,9655,2020-03-04,2314,018708,,3,3,9,3300,0,1,1,,2,204,"I-10 E/B","MALKI ROAD",850.00,W,N,A,-,Y,,,10,,,,,,E,Y,2,0,2,3,A,-,08,22107,,N,C,C,E,A,D,-,D,D,0,Y,,,Y,Y,,G,25,1,1,0,0,1,0,0,0,0,"- ","- ",33.931339263916016,-116.82537078857422,RIVERSIDE,UNINCORPORATED,-116.82537078857422,33.931339263916016
91208938,2020,2020-03-16,9840,2020-03-05,1256,015705,,4,1,7,3313,0,1,3,,2,020,"SR-91 W/B","MAGNOLIA AVE.",254.00,W,N,A,-,Y,,,91,,,,,,W,Y,2,0,1,2,A,-,07,21658,A,N,B,C,A,A,H,-,A,D,0,,,Y,,Y,,D,22,1,0,0,0,0,0,0,0,1,"- ","- ",33.897270202636719,-117.48867797851562,RIVERSIDE,RIVERSIDE,-117.48867034912109,33.897323608398438
91214760,2020,2020-03-24,9655,2020-03-17,0820,017263,,2,1,9,3300,0,3,5,,2,002,"RAILROAD AVE","MAIN STREET",4224.00,E,N,A,-,N,,,,,,,,,,Y,2,0,1,1,A,-,08,22107,,N,E,A,A,A,H,-,A,D,0,,,,,Y,,A,07,1,0,0,0,0,0,0,0,0,"- ","- ",33.919288635253906,-116.76512908935547,RIVERSIDE,UNINCORPORATED,-116.76535797119141,33.919322967529297
91219787,2020,2020-04-02,9685,2020-03-30,1627,015050,,1,2,9,3300,0,1,3,,2,011,"SR-74 W/B (ORTEGA HIGHWAY)","GRAND AVE.",22176.00,W,N,A,-,Y,,,74,,,,,,W,Y,2,0,1,1,A,-,08,22107,,N,E,I,A,A,H,-,A,D,0,,,Y,,Y,,C,02,1,0,0,0,0,0,0,0,1,"- ","- ",33.657470703125,-117.39762878417969,RIVERSIDE,UNINCORPORATED,-117.39772796630859,33.6573486328125
91220901,2020,2020-04-06,9840,2020-03-28,2035,021198,,6,2,7,3313,0,1,3,,2,211,"SR-91 W/B","MADISON ST",340.00,W,N,A,-,Y,,,91,,,,,,W,Y,2,0,1,1,A,-,08,22107,,N,E,I,A,A,H,-,D,D,0,,,Y,,Y,,C,02,1,0,0,0,0,0,0,0,1,"- ","- ",33.935230255126953,-117.40602111816406,RIVERSIDE,RIVERSIDE,-117.40605163574219,33.935287475585938
91222914,2020,2021-06-07,9840,2020-02-25,1905,014571,,2,2,9,3300,0,2,4,,2,045,"CAJALCO ROAD","LAKE MATHEWS DRIVE",2640.00,E,N,A,-,N,,,,,,,,,,Y,1,1,1,2,A,-,01,23152,F,N,A,C,A,A,H,-,D,D,0,,,,,Y,,D,22,1,0,0,0,0,0,0,0,0,"- ","- ",33.827201843261719,-117.40470123291016,RIVERSIDE,UNINCORPORATED,-117.40686798095703,33.827220916748047
91224598,2020,2020-04-13,9655,2020-04-08,1741,018320,,3,2,9,3300,0,1,3,,2,213,"SR-79 S/B","GILMAN SPRINGS RD",10032.00,N,N,B,C,Y,,,79,,,,,,S,Y,2,0,2,1,A,-,03,22350,,N,F,A,A,B,H,-,A,D,0,,,,,Y,,A,01,1,0,1,0,0,0,0,0,0,"- ","- ",33.868461608886719,-117.00154876708984,RIVERSIDE,UNINCORPORATED,-117.00154876708984,33.868373870849609
91224703,2020,2020-04-13,9685,2020-04-06,1825,017833,,1,2,4,3307,0,1,1,,2,020,"I-15 SOUTHBOUND","MAIN ST.",950.00,N,N,B,C,Y,,,15,,,,,,S,Y,2,0,5,1,A,-,03,22350,,N,F,I,A,B,H,-,A,D,0,,,,,Y,,A,07,2,0,3,0,0,0,0,0,0,"- ","- ",33.679000854492188,-117.32627105712891,RIVERSIDE,"LAKE ELSINORE",-117.32603454589844,33.679225921630859
91224717,2020,2020-04-13,9685,2020-04-06,2025,017399,,1,2,9,3300,0,1,3,,2,011,"SR-74 E/B (ORTEGA HWY)","TENEJA TRUCK TRAIL",4500.00,E,N,B,C,Y,,,74,,,,,,E,Y,2,0,3,2,A,-,05,21460,A,N,A,C,A,B,H,-,D,D,0,,,,,Y,,D,22,1,2,0,0,0,0,0,0,0,"- ","- ",33.619598388671875,-117.42656707763672,RIVERSIDE,UNINCORPORATED,-117.42665863037109,33.619712829589844
91230727,2020,2020-04-29,9630,2020-04-21,1100,015165,,2,1,9,3300,0,1,1,,2,020,"I-10 E/B","DATE PALM AVE",6336.00,W,N,A,-,Y,,,,,,,,,,Y,2,0,1,1,C,-,18,,,N,E,I,A,A,H,-,A,D,0,,,,,Y,,-,"- ",1,0,0,0,0,0,0,0,0,"- ","- ",33.859199523925781,-116.47560119628906,RIVERSIDE,UNINCORPORATED,-116.47537994384766,33.8592529296875
91230921,2020,2020-04-29,9840,2020-03-30,0610,016285,,1,1,9,3300,0,3,5,,2,004,"WASHINGTON STREET","VAN BUREN BOULEVARD",930.00,N,N,A,-,N,,,,,,,,,,N,1,1,0,2,A,-,11,21954,A,N,G,B,D,A,H,-,D,D,0,Y,,,,Y,Y,N,60,0,0,0,1,0,0,0,0,0,"- ","- ",33.884799957275391,-117.36609649658203,RIVERSIDE,UNINCORPORATED,-117.36615753173828,33.884918212890625
91239778,2020,2020-05-19,9655,2020-04-15,1457,020350,,3,2,9,3300,0,1,3,,1,119,"STATE ROUTE-371","STATE ROUTE-74",1056.00,W,N,A,-,Y,,,371,,,,,,,Y,1,1,0,1,A,-,08,22107,,N,F,A,A,A,H,-,A,D,0,,,Y,,Y,,C,02,0,0,0,0,0,0,0,1,0,"- ","- ",33.559280395507812,-116.60746002197266,RIVERSIDE,UNINCORPORATED,-116.60748291015625,33.559337615966797
91245070,2020,2020-05-29,9685,2020-05-19,0900,015360,,2,1,9,3300,0,3,5,,2,003,"TERRENO DR.","DE LUZ RD.",1584.00,E,N,A,-,N,,,,,,,,,,Y,2,0,1,2,A,-,08,22107,,N,A,C,A,A,H,-,A,D,0,,,,,Y,,A,01,1,0,0,0,0,0,0,0,0,"- ","- ",33.645359039306641,-117.54634857177734,RIVERSIDE,UNINCORPORATED,-117.23435974121094,33.502002716064453
91245616,2020,2020-06-01,9840,2020-05-21,1240,015705,,4,1,7,3313,0,1,1,,2,231,"I-215 N/B","MARTIN LUTHER KING BLVD",350.00,S,N,A,-,Y,,,215,,,,,,N,Y,2,0,1,2,A,-,08,22107,,N,B,C,A,A,H,-,A,D,0,,,Y,,Y,,C,02,1,0,0,0,0,0,0,0,1,"- ","- ",33.966259002685547,-117.32694244384766,RIVERSIDE,RIVERSIDE,-117.32693481445312,33.966262817382812
9124948,2020,2020-10-20,3300,2020-06-26,1202,4490,910B,5,5,5,3335,0,0,0,,0,063,"NICOLE LN","MARGARITA RD",412.00,W,N,A,-,N,,,,,,,,,,N,2,0,1,2,A,-,09,21804,A,N,D,C,A,A,H,-,A,A,0,,,Y,,Y,,D,22,1,0,0,0,0,0,0,0,1,"- ","- ",33.518768310546875,-117.15084075927734,RIVERSIDE,TEMECULA,-117.15227508544922,33.518749237060547
91251696,2020,2020-06-15,9630,2020-06-03,2028,021128,,3,2,4,3325,0,1,1,,2,020,"I-10 E/B","DATE PALM DR",6864.00,E,N,A,-,Y,,,10,,,,,,E,Y,2,0,1,1,A,-,01,23152,A,N,E,I,A,A,H,-,B,D,0,,,,,Y,Y,A,01,1,0,0,0,0,0,0,0,0,"- ","- ",33.834720611572266,-116.43347930908203,RIVERSIDE,"CATHEDRAL CITY",-116.43357849121094,33.834548950195312
91252488,2020,2020-06-16,9630,2020-06-06,1940,021652,,6,2,9,3300,0,3,5,,2,505,"OPEN DESERT","72ND AVE",1584.00,N,N,A,-,N,,,,,,,,,,N,2,0,1,1,B,-,22,,,N,F,A,A,A,H,-,B,D,0,,,Y,,Y,,C,06,1,0,0,0,0,0,0,0,1,"- ","- ",33.531139373779297,-115.91510772705078,RIVERSIDE,UNINCORPORATED,,
91252690,2020,2020-06-16,9630,2020-06-09,1740,016635,,2,2,9,3300,0,1,3,,2,015,"SR-62 E/B","N. INDIAN CANYON DR",1584.00,W,N,A,-,Y,,,,,,,,,,Y,2,0,3,1,A,-,08,22107,,N,F,A,A,A,H,-,A,D,0,,,,,Y,,A,07,1,2,0,0,0,0,0,0,0,"- ","- ",34.203758239746094,-116.34382629394531,RIVERSIDE,UNINCORPORATED,-116.57772827148438,34.000583648681641
91252967,2020,2020-06-17,9840,2020-06-06,1233,019719,,6,1,9,3300,0,3,5,,2,004,"GRANDE VISTA AVE","LAKE MATHEWS DR",1351.00,E,N,A,-,N,,,,,,,,,,N,2,0,1,1,A,-,03,22350,,N,F,A,A,A,H,-,A,D,0,,,Y,,Y,,C,06,1,0,0,0,0,0,0,0,1,"- ","- ",33.820980072021484,-117.41031646728516,RIVERSIDE,UNINCORPORATED,-117.41040802001953,33.82086181640625
9125561,2020,2020-08-31,3300,2020-05-23,2023,5404,,6,5,3,3305,0,0,0,,0,,"RT 86","52ND AV",0.00,,Y,A,-,Y,RIV,8,86,-,R,19.102,I,5,N,Y,2,0,2,2,A,-,01,23152,A,F,D,C,A,A,H,-,C,A,0,,,,,Y,Y,A,01,1,1,0,0,0,0,0,0,0,"- ","- ",33.673870086669922,-116.14768218994141,RIVERSIDE,COACHELLA,-116.14740753173828,33.674083709716797
91255884,2020,2020-06-23,9630,2020-06-12,1415,021416,,5,2,9,3300,0,1,1,,2,021,"I-10 E/B TO WASHINGTON ST","WASHINGTON ST",356.00,E,N,A,-,Y,,,10,,,,R,,E,Y,2,0,1,1,A,-,08,22107,,N,E,I,A,A,H,-,A,D,0,,,Y,,Y,,C,02,1,0,0,0,0,0,0,0,1,"- ","- ",33.760490417480469,-116.30281829833984,RIVERSIDE,UNINCORPORATED,-116.30281829833984,33.760490417480469
91257263,2020,2020-11-06,9685,2020-06-11,0200,017304,,4,3,9,3300,0,2,4,,2,016,"GRAND AVE","BUENA VISTA ST",262.00,N,N,A,-,N,,,,,,,,,,Y,2,0,2,2,A,-,08,22107,,F,B,C,A,A,H,-,C,D,0,,,Y,,Y,,E,22,1,1,0,0,0,0,0,0,2,"- ","- ",33.647178649902344,-117.35781860351562,RIVERSIDE,UNINCORPORATED,-117.35776519775391,33.647129058837891
91257348,2020,2020-06-25,9685,2020-06-12,0125,017013,,5,3,9,3300,0,1,1,,2,010,"I-15 S/B","OLIVE STREET",3901.00,N,N,A,-,Y,,,,,,,,,,Y,2,0,1,1,A,-,08,22107,,N,F,A,A,A,H,-,D,D,0,,,,Y,Y,,F,27,1,0,0,0,0,0,0,0,0,"- ","- ",33.651371002197266,-117.29007720947266,RIVERSIDE,UNINCORPORATED,,
91260509,2020,2020-06-30,9840,2020-02-05,0130,020476,,3,3,9,3300,0,1,1,,2,037,"INTERSTATE-15 NORTHBOUND","TEMESCAL CANYON RD",1583.00,S,N,A,-,Y,,,15,,,,,,N,N,1,1,1,2,A,-,11,21954,A,N,G,B,E,A,H,-,D,D,0,Y,,,,Y,Y,N,60,0,1,0,1,0,0,0,0,0,"- ","- ",33.773021697998047,-117.48477935791016,RIVERSIDE,UNINCORPORATED,-117.48478698730469,33.773014068603516
91261310,2020,2020-07-01,9840,2020-06-20,0120,021261,,6,3,9,3300,0,3,5,,2,004,"EL NIDO RD","SANTA ROSA MINE RD",930.00,S,N,A,-,N,,,,,,,,,,Y,2,0,1,1,A,-,03,22350,,N,F,A,A,A,H,-,D,D,0,,,Y,,Y,,C,06,1,0,0,0,0,0,0,0,1,"- ","- ",33.783390045166016,-117.32794189453125,RIVERSIDE,UNINCORPORATED,,
91261804,2020,2020-07-07,9630,2020-06-23,1925,019860,,2,2,9,3300,0,1,3,,2,086,"SR-86 S/B","66TH AVE",0.00,,Y,A,-,Y,,,86,,,,,,S,Y,2,0,4,2,A,-,01,23152,F,N,D,C,A,A,H,-,A,A,0,,,,,Y,,D,22,1,0,3,0,0,0,0,0,0,"- ","- ",33.569358825683594,-116.09272766113281,RIVERSIDE,UNINCORPORATED,-116.09273529052734,33.569358825683594
91263839,2020,2020-07-06,9685,2020-06-30,2015,013925,,2,2,9,3300,0,1,1,,2,020,"SCOTT ROAD","WINCHESTER ROAD",1500.00,W,N,A,-,N,,,,,,,,,,Y,2,0,1,1,A,-,08,22107,,N,F,I,A,A,H,-,D,D,0,,,Y,,Y,,C,02,1,0,0,0,0,0,0,0,1,"- ","- ",33.641658782958984,-117.08979034423828,RIVERSIDE,UNINCORPORATED,-117.08930206298828,33.641563415527344
91268094,2020,2020-07-14,9685,2020-07-01,2010,016185,,3,2,5,3335,0,1,1,,2,030,"I-15 S/B","RANCHO CALIFORNIA ROAD",3696.00,N,N,A,-,Y,,,15,,,,,,S,Y,2,0,3,2,A,-,03,22350,,N,C,C,A,A,H,-,C,D,0,,,,,Y,,A,08,1,2,0,0,0,0,0,0,0,"- ","- ",33.511199951171875,-117.15630340576172,RIVERSIDE,TEMECULA,-117.15633392333984,33.511184692382812
91272221,2020,2020-07-21,9840,2020-07-20,1543,020058,,1,2,6,3345,0,1,1,,2,011,"I-15 N/B","SR-60 W/B",700.00,N,N,A,-,Y,,,15,,,,,,N,N,2,0,1,3,A,-,03,22350,,N,H,C,A,A,H,-,A,D,0,,,Y,,Y,,C,02,1,0,0,0,0,0,0,0,1,"- ","- ",34.024028778076172,-117.55007934570312,RIVERSIDE,"JURUPA VALLEY",-117.55010986328125,34.024028778076172
91273546,2020,2020-07-23,9840,2020-07-17,1505,018281,,5,2,9,3300,0,1,3,,1,038,"SR-71 S/B",SR-91,7245.00,N,N,A,-,Y,,,71,,,,,,S,Y,2,0,1,3,A,-,07,21658,A,F,C,C,A,A,H,-,A,D,0,,,Y,,Y,,D,22,1,0,0,0,0,0,0,0,1,"- ","- ",33.902740478515625,-117.64736175537109,RIVERSIDE,UNINCORPORATED,-117.64718627929688,33.902797698974609
9127428,2020,2020-09-12,3308,2020-06-09,1626,10800,546,2,5,5,3308,0,0,0,,0,SOUTH,"GILBERT ST","STETSON AV",0.00,,Y,A,-,N,,,,,,,,,,Y,2,0,4,3,A,-,12,21453,A,N,D,C,A,A,H,-,A,A,0,,,,,Y,,D,22,2,0,2,0,0,0,0,0,0,"- ","- ",33.729488372802734,-116.97595977783203,RIVERSIDE,HEMET,-116.97588348388672,33.729389190673828
91275235,2020,2020-07-28,9655,2020-07-21,0330,021177,,2,3,3,3302,0,1,1,,2,202,"INTERSTATE 10 E/B","STATE ROUTE 60",2000.00,W,N,A,-,Y,,,10,,,,,,E,Y,2,0,1,1,A,-,08,22107,,N,E,I,A,A,H,-,C,D,0,,,,,Y,,A,01,1,0,0,0,0,0,0,0,0,"- ","- ",33.936538696289062,-116.99579620361328,RIVERSIDE,BEAUMONT,-116.99568176269531,33.936695098876953