CASE_ID,ACCIDENT_YEAR,PROC_DATE,JURIS,COLLISION_DATE,COLLISION_TIME,OFFICER_ID,REPORTING_DISTRICT,DAY_OF_WEEK,CHP_SHIFT,POPULATION,CNTY_CITY_LOC,SPECIAL_COND,BEAT_TYPE,CHP_BEAT_TYPE,CITY_DIVISION_LAPD,CHP_BEAT_CLASS,BEAT_NUMBER,PRIMARY_RD,SECONDARY_RD,DISTANCE,DIRECTION,INTERSECTION,WEATHER_1,WEATHER_2,STATE_HWY_IND,CALTRANS_COUNTY,CALTRANS_DISTRICT,STATE_ROUTE,ROUTE_SUFFIX,POSTMILE_PREFIX,POSTMILE,LOCATION_TYPE,RAMP_INTERSECTION,SIDE_OF_HWY,TOW_AWAY,COLLISION_SEVERITY,NUMBER_KILLED,NUMBER_INJURED,PARTY_COUNT,PRIMARY_COLL_FACTOR,PCF_CODE_OF_VIOL,PCF_VIOL_CATEGORY,PCF_VIOLATION,PCF_VIOL_SUBSECTION,HIT_AND_RUN,TYPE_OF_COLLISION,MVIW,PED_ACTION,ROAD_SURFACE,ROAD_COND_1,ROAD_COND_2,LIGHTING,CONTROL_DEVICE,CHP_ROAD_TYPE,PEDESTRIAN_ACCIDENT,BICYCLE_ACCIDENT,MOTORCYCLE_ACCIDENT,TRUCK_ACCIDENT,NOT_PRIVATE_PROPERTY,ALCOHOL_INVOLVED,STWD_VEHTYPE_AT_FAULT,CHP_VEHTYPE_AT_FAULT,COUNT_SEVERE_INJ,COUNT_VISIBLE_INJ,COUNT_COMPLAINT_PAIN,COUNT_PED_KILLED,COUNT_PED_INJURED,COUNT_BICYCLIST_KILLED,COUNT_BICYCLIST_INJURED,COUNT_MC_KILLED,COUNT_MC_INJURED,PRIMARY_RAMP,SECONDARY_RAMP,LATITUDE,LONGITUDE,COUNTY,CITY,POINT_X,POINT_Y
91276056,2020,2020-07-29,9840,2020-07-23,1134,012208,,4,1,9,3300,0,2,4,,2,043,"RAMOA EXPRESSWAY {W/B}","BERNASCONI ROAD",1709.00,E,N,A,-,N,,,,,,,,,,Y,2,0,3,3,A,-,06,21751,,F,A,C,A,A,H,-,A,D,0,,,,,Y,,A,01,1,2,0,0,0,0,0,0,0,"- ","- ",33.840438842773438,-117.14820098876953,RIVERSIDE,UNINCORPORATED,-117.148303,33.840384999999998
91277326,2020,2020-07-30,9685,2020-07-22,2238,015800,,3,3,9,3300,0,1,1,,2,010,"I-15 SOUTHBOUND","DIAMOND DRIVE",2300.00,N,N,A,-,Y,,,,,,,,,,Y,2,0,1,2,A,-,03,22350,,F,C,C,A,A,H,-,C,D,0,,,Y,,Y,,C,02,1,0,0,0,0,0,0,0,1,"- ","- ",33.663619995117188,-117.30068969726562,RIVERSIDE,UNINCORPORATED,,
91283251,2020,2020-08-10,9630,2020-08-02,1825,021513,,7,2,9,3300,0,3,5,,2,504,"70TH AVE","WHEELER ST",23.00,W,N,A,-,N,,,,,,,,,,Y,2,0,2,1,A,-,01,23152,A,N,E,I,A,A,H,-,A,A,0,,,,,Y,Y,A,07,1,1,0,0,0,0,0,0,0,"- ","- ",33.54010009765625,-116.01789855957031,RIVERSIDE,UNINCORPORATED,-116.01781463623047,33.540138244628906
91285055,2020,2020-08-12,9685,2020-08-04,1200,015360,,2,1,4,3342,0,1,1,,2,034,"I-215 NORTHBOUND","CLINTON KEITH RD.",100.00,S,N,A,-,Y,,,,,,,,,,Y,2,0,1,1,A,-,08,22107,,N,F,A,A,A,H,-,A,D,0,,,,,Y,,D,22,1,0,0,0,0,0,0,0,0,"- ","- ",33.265350341796875,-117.77564239501953,RIVERSIDE,MURRIETA,-117.17458343505859,33.598232269287109
91286657,2020,2021-01-07,9840,2020-08-12,1557,021194,,3,2,9,3300,0,2,4,,2,045,"CAJALCO ROAD","SMITH ROAD",1649.00,W,N,A,-,N,,,,,,,,,,Y,1,1,2,3,A,-,01,23152,A,N,A,C,A,A,H,-,A,D,0,,,Y,,Y,Y,C,02,0,1,1,0,0,0,0,1,0,"- ","- ",33.833690643310547,-117.35841369628906,RIVERSIDE,UNINCORPORATED,-117.35893249511719,33.833450317382812
91288717,2020,2021-05-06,9655,2020-08-15,0142,021177,,6,3,9,3300,0,1,3,,2,311,"GILMAN SPRINGS ROAD","STATE ROUTE 79",6600.00,E,N,A,-,N,,,,,,,,,,Y,1,1,0,1,A,-,05,21460,A,N,E,I,A,A,H,-,D,D,0,,,Y,,Y,,C,02,0,0,0,0,0,0,0,1,0,"- ","- ",33.834228515625,-116.98841094970703,RIVERSIDE,UNINCORPORATED,-116.98191070556641,33.829116821289062
91288954,2020,2020-08-21,9840,2020-06-18,2349,018072,,4,3,6,3345,0,1,1,,2,011,"I-15 NB TO SR-60 EB","RIVERSIDE DR",43.00,S,N,A,-,Y,,,15,,,,R,,N,Y,1,1,0,1,A,-,01,23152,A,N,E,I,A,A,H,-,D,D,0,,,Y,,Y,Y,C,02,0,0,0,0,0,0,0,1,0,"- ","- ",34.017471313476562,-117.54947662353516,RIVERSIDE,"JURUPA VALLEY",-117.54947662353516,34.017471313476562
91291263,2020,2021-02-09,9685,2020-05-22,1605,017285,,5,2,9,3300,0,1,3,,1,031,"STATE ROUTE 79 (WINCHESTER ROAD)","THOMPSON ROAD / MAX GILLISS BLVD",79.00,N,N,A,-,Y,,,79,,,,,,,Y,1,1,1,3,A,-,01,23152,A,N,C,C,A,A,H,-,A,D,0,,,,,Y,Y,A,01,0,0,1,0,0,0,0,0,0,"- ","- ",33.598308563232422,-117.11830139160156,RIVERSIDE,UNINCORPORATED,-117.11826324462891,33.598281860351562
91291845,2020,2020-11-11,9840,2020-08-18,0507,020220,,2,3,7,3313,0,1,3,,2,010,"SR-60 E/B","MARKET STREET",2207.00,W,N,A,-,Y,,,60,,,,,,E,Y,1,1,1,5,C,-,18,,,N,D,C,E,A,H,-,D,D,0,Y,,,Y,Y,,-,"- ",0,1,0,1,0,0,0,0,0,"- ","- ",34.003421783447266,-117.38153839111328,RIVERSIDE,RIVERSIDE,-117.38156127929688,34.003360748291016
91293270,2020,2020-08-26,9685,2020-06-20,0740,016347,,6,1,9,3300,0,3,5,,2,004,"RED MOUNTAIN ROAD","SAGE ROAD",10560.00,N,N,B,-,N,,,,,,,,,,Y,1,1,0,2,A,-,03,22350,,N,D,C,A,A,H,-,A,D,0,,,Y,,Y,,C,02,0,0,0,0,0,0,0,1,0,"- ","- ",33.617561340332031,-116.90228271484375,RIVERSIDE,UNINCORPORATED,-116.93479919433594,33.611240386962891
91297040,2020,2020-09-21,9655,2020-08-22,0900,018905,,6,1,9,3300,0,1,3,,1,314,SR-74,"FAIRVIEW AVE",0.00,,Y,A,-,N,,,74,,,,,,,Y,2,0,1,2,A,-,09,21453,C,N,A,C,A,A,H,-,A,A,0,,,Y,,Y,,A,01,1,0,0,0,0,0,0,0,1,"- ","- ",33.747810363769531,-116.89311218261719,RIVERSIDE,UNINCORPORATED,-116.89311218261719,33.747852325439453
91297225,2020,2020-09-01,9840,2020-08-25,2019,020535,,2,2,6,3394,0,1,3,,2,025,"SR-60 W/B","INDIAN ST",20.00,W,N,A,-,Y,,,60,,,,,,W,Y,2,0,1,1,A,-,01,23152,A,N,F,A,A,A,H,-,C,D,0,,,,,Y,Y,A,07,1,0,0,0,0,0,0,0,0,"- ","- ",33.941169738769531,-117.23515319824219,RIVERSIDE,"MORENO VALLEY",-117.23515319824219,33.941215515136719
91297697,2020,2020-10-21,9685,2020-06-22,2145,015800,,1,2,9,3300,0,1,3,,1,012,"STATE ROUTE 74","ETHANAC ROAD",250.00,E,N,A,-,N,,,74,,,,,,,Y,1,1,1,2,A,-,11,21954,A,N,G,B,E,A,H,-,D,D,0,Y,,,,Y,,N,60,0,1,0,1,0,0,0,0,0,"- ","- ",33.742439270019531,-117.28144836425781,RIVERSIDE,UNINCORPORATED,-117.28153228759766,33.742515563964844
91298619,2020,2020-09-03,9840,2020-09-01,1516,020058,,2,2,7,3313,0,1,1,,2,023,"I-215 S/B","MARTIN LUTHER KING BLVD",700.00,S,N,A,-,Y,,,215,,,,,,S,Y,2,0,1,1,A,-,08,22107,,N,E,I,A,A,H,-,A,D,0,,,,,Y,,D,22,1,0,0,0,0,0,0,0,0,"- ","- ",33.966571807861328,-117.32720184326172,RIVERSIDE,RIVERSIDE,-117.32730102539062,33.966522216796875
9130131,2020,2020-10-17,3302,2020-07-02,1832,496,,4,5,3,3302,0,0,0,,0,002,"BEAUMONT AV","OAK VALLEY PKWY",368.00,N,N,A,-,N,,,,,,,,,,N,2,0,1,2,A,-,08,22107,,N,D,C,A,A,H,-,A,D,0,,,Y,,Y,,A,01,1,0,0,0,0,0,0,0,0,"- ","- ",33.947010040283203,-116.97722625732422,RIVERSIDE,BEAUMONT,-116.97721099853516,33.948009490966797
91305262,2020,2020-09-15,9630,2020-07-13,0956,020445,,1,1,9,3300,0,1,3,,1,074,"STATE ROUTE 74","BIG HORN DRIVE",2640.00,E,N,A,-,Y,,,74,,,,,,,Y,1,1,0,1,A,-,08,22107,,N,E,I,A,A,H,-,A,D,0,,,,,Y,,A,01,0,0,0,0,0,0,0,0,0,"- ","- ",33.625030517578125,-116.40409088134766,RIVERSIDE,UNINCORPORATED,-116.40411376953125,33.625057220458984
91308955,2020,2020-09-22,9840,2020-09-10,0313,018072,,4,3,6,3315,0,1,3,,2,031,"SR-91 E/B","MCKINLEY STREET",4200.00,W,N,A,-,Y,,,91,,,,,,E,Y,2,0,1,3,A,-,01,23152,A,M,B,C,A,A,H,-,D,D,0,,,,,Y,Y,A,01,1,0,0,0,0,0,0,0,0,"- ","- ",33.883258819580078,-117.5343017578125,RIVERSIDE,CORONA,-117.53430938720703,33.88348388671875
91308974,2020,2020-09-22,9840,2020-08-12,1531,015683,,3,2,4,3307,0,1,1,,2,037,"I-15 N/B FROM LAKE ST.","LAKE ST.",24.00,N,N,A,-,Y,,,15,,,,R,,N,Y,2,0,1,1,A,-,03,22350,,N,E,A,A,A,H,-,A,D,0,,,,,Y,,A,01,1,0,0,0,0,0,0,0,0,"- ","- ",33.730690002441406,-117.39420318603516,RIVERSIDE,"LAKE ELSINORE",-117.39420318603516,33.730690002441406
91309686,2020,2020-09-23,9840,2020-03-13,2313,018849,,5,3,6,3345,0,1,3,,2,010,"SR-60 W/B","SANTA ANA RIVER",1310.00,W,N,A,-,Y,,,60,,,,,,W,Y,1,1,4,2,A,-,01,23152,G,N,B,I,A,A,H,-,D,D,0,,,,,Y,Y,A,01,1,0,3,0,0,0,0,0,0,"- ","- ",34.005008697509766,-117.38858032226562,RIVERSIDE,"JURUPA VALLEY",-117.38856506347656,34.005161285400391
91310701,2020,2020-09-24,9840,2020-08-10,1145,017441,,1,1,7,3313,0,1,1,,2,023,"I-215 N/B","CHICAGO AVE.",340.00,S,N,A,-,Y,,,215,,,,,,N,Y,2,0,1,2,A,-,03,22350,,N,C,C,A,A,H,-,A,D,0,,,,,Y,,A,01,1,0,0,0,0,0,0,0,0,"- ","- ",33.987911224365234,-117.34758758544922,RIVERSIDE,RIVERSIDE,-117.34767150878906,33.987827301025391
91315352,2020,2020-09-30,9840,2020-07-25,2253,020210,,6,3,4,3312,0,1,1,,2,041,"I-215 NORTHBOUND","D STREET",700.00,N,N,A,-,Y,,,215,,,,,,N,Y,1,1,2,2,A,-,11,21954,A,N,G,B,E,A,H,-,D,D,0,Y,,,,Y,Y,N,60,0,2,0,1,0,0,0,0,0,"- ","- ",33.793819427490234,-117.2298583984375,RIVERSIDE,PERRIS,-117.22979736328125,33.793846130371094
91316126,2020,2020-10-01,9630,2020-09-25,1753,021416,,5,2,4,3309,0,1,1,,2,021,"I-10 E/B","JEFFERSON ST",4752.00,W,N,A,-,Y,,,10,,,,,,E,Y,2,0,1,1,A,-,08,22107,,N,E,I,A,A,H,-,A,D,0,,,,,Y,,A,01,1,0,0,0,0,0,0,0,0,"- ","- ",33.754489898681641,-116.28424072265625,RIVERSIDE,INDIO,-116.28429412841797,33.754352569580078
91320448,2020,2020-10-08,9630,2020-09-30,2029,021796,,3,2,9,3300,0,1,1,,2,021,"I-10 E/B TO COOK STREET OFF-RAMP","COOK ST",870.00,W,N,A,-,Y,,,10,,,,R,,E,Y,2,0,1,1,A,-,01,23152,A,M,E,I,A,A,H,-,D,D,0,,,,,Y,Y,A,07,1,0,0,0,0,0,0,0,0,"- ","- ",33.787368774414062,-116.35727691650391,RIVERSIDE,UNINCORPORATED,-116.35727691650391,33.787368774414062
91322053,2020,2020-10-12,9840,2020-05-09,0230,021218,,6,3,9,3300,0,1,1,,2,037,"INTERSTATE 15 NORTHBOUND","TEMESCAL CANYON ROAD",304.00,S,N,A,-,Y,,,15,,,,,,N,Y,1,1,1,1,A,-,01,23152,A,N,E,I,A,A,H,-,D,D,0,,,,,Y,Y,A,01,1,0,0,0,0,0,0,0,0,"- ","- ",33.761871337890625,-117.47112274169922,RIVERSIDE,UNINCORPORATED,-117.47118377685547,33.761734008789062
91323847,2020,2020-10-14,9655,2020-10-05,1242,018320,,1,1,9,3300,0,1,1,,2,204,"I-10 W/B","HIGHLAND SPRINGS AVE",6336.00,E,N,A,-,Y,,,,,,,,,,Y,2,0,2,2,A,-,07,21658,A,N,B,C,A,A,H,-,A,D,0,,,,,Y,,D,22,1,1,0,0,0,0,0,0,0,"- ","- ",33.926181793212891,-116.92617797851562,RIVERSIDE,UNINCORPORATED,-116.92608642578125,33.92620849609375
91326368,2020,2020-10-19,9685,2020-10-11,1241,017285,,7,1,9,3300,0,1,3,,1,039,"SR-79 SOUTH","RAINBOW ROAD",378.00,N,N,A,-,Y,,,,,,,,,,Y,2,0,3,3,A,-,05,21460,A,N,D,C,A,A,H,-,A,D,0,,,Y,,Y,,A,01,1,1,1,0,0,0,0,0,2,"- ","- ",33.450550079345703,-117.89598846435547,RIVERSIDE,UNINCORPORATED,-116.89552307128906,33.450077056884766
91326669,2020,2020-10-19,9630,2020-09-05,1344,021796,,6,1,9,3300,0,1,3,,2,086,"STATE ROUTE 86","81 ST. AVENUE",3168.00,N,N,A,-,Y,,,86,,,,,,,Y,1,1,2,1,A,-,08,22107,,N,F,A,A,A,H,-,A,D,0,,,,,Y,,D,22,2,0,0,0,0,0,0,0,0,"- ","- ",33.467891693115234,-116.09084320068359,RIVERSIDE,UNINCORPORATED,-116.09111785888672,33.4678955078125
91327050,2020,2020-10-20,9840,2020-10-09,0053,019650,,5,3,9,3300,0,3,5,,2,003,"TRILOGY PARKWAY","TEMESCAL CANYON RD",750.00,W,N,A,-,N,,,,,,,,,,Y,2,0,1,1,A,-,01,23152,A,N,E,I,A,A,H,-,C,D,0,,,,,Y,Y,A,01,1,0,0,0,0,0,0,0,0,"- ","- ",33.765850067138672,-117.49005126953125,RIVERSIDE,UNINCORPORATED,-117.48960876464844,33.766254425048828
91330675,2020,2020-10-26,9685,2020-10-15,1645,015050,,4,2,9,3300,0,3,5,,2,001,"MAPES RD.","PHILLIPS ST.",55.00,W,N,A,-,N,,,,,,,,,,Y,2,0,1,2,A,-,03,22350,,N,C,C,A,A,H,-,A,A,0,,,Y,,Y,,C,02,1,0,0,0,0,0,0,0,1,"- ","- ",33.757419586181641,-117.25398254394531,RIVERSIDE,UNINCORPORATED,-117.25424957275391,33.757461547851562
91331135,2020,2020-10-26,9840,2020-10-09,2112,021297,,5,2,9,3300,0,3,5,,2,004,"JUNIPER FLATS RD",SR-74,1750.00,N,N,A,-,N,,,,,,,,,,N,2,0,1,1,A,-,08,22107,,N,F,A,A,A,H,-,D,D,0,,,Y,,Y,Y,C,02,1,0,0,0,0,0,0,0,1,"- ","- ",33.748138427734375,-117.11528015136719,RIVERSIDE,UNINCORPORATED,-117.11493682861328,33.748043060302734
91334254,2020,2020-10-29,9655,2020-10-20,1912,017263,,2,2,9,3300,0,1,3,,1,110,SR-243,"WONDERLAND DR",22.00,N,N,A,-,Y,,,243,,,,,,,Y,2,0,1,1,A,-,08,22107,,M,E,I,A,A,H,-,D,D,0,,,,,Y,,A,07,1,0,0,0,0,0,0,0,0,"- ","- ",33.870250701904297,-116.84052276611328,RIVERSIDE,UNINCORPORATED,-116.84050750732422,33.870254516601562
91340344,2020,2020-11-05,9660,2020-10-29,0149,021146,,4,3,9,3300,0,1,1,,2,030,"WB INTERSTATE 10","CORN SPRINGS",15840.00,E,N,A,-,Y,,,,,,,,,,Y,2,0,2,1,A,-,08,22107,,N,F,A,A,A,H,-,D,D,0,,,,Y,Y,,F,26,1,1,0,0,0,0,0,0,0,"- ","- ",33.39385986328125,-115.09185791015625,RIVERSIDE,UNINCORPORATED,,
91343991,2020,2021-02-03,9840,2020-06-08,0312,019017,,1,3,9,3300,0,1,1,,2,037,"I-15 N/B TO INDIAN TRUCK TRAIL","INDIAN TRUCK TRAIL",600.00,S,N,A,-,Y,,,15,,,,R,,N,N,1,1,0,2,A,-,08,22107,,N,G,B,E,A,H,-,C,D,0,Y,,,Y,Y,Y,G,25,0,0,0,1,0,0,0,0,0,"- ","- ",33.747859954833984,-117.45011901855469,RIVERSIDE,UNINCORPORATED,-117.45011901855469,33.747859954833984
9134722,2020,2020-10-06,3315,2020-08-05,1059,002504,6D,3,5,6,3315,0,0,0,,0,001,"6TH ST","CRAWFORD ST",0.00,,Y,A,-,N,,,,,,,,,,,2,0,1,2,A,-,10,21950,A,F,G,B,B,A,H,-,A,D,0,Y,,,,Y,,-,99,1,0,0,0,1,0,0,0,0,"- ","- ",33.875999450683594,-117.57260894775391,RIVERSIDE,CORONA,-117.57257843017578,33.876049041748047
91348579,2020,2020-11-19,9655,2020-11-15,0529,020704,,7,3,9,3300,0,1,1,,2,206,"I-10 E/B","MAIN STREET",5280.00,E,N,A,-,Y,,,,,,,,,,N,2,0,1,2,A,-,11,21954,A,F,G,B,E,A,H,-,D,D,0,Y,,,,Y,,N,60,1,0,0,0,1,0,0,0,0,"- ","- ",33.921100616455078,-116.72052764892578,RIVERSIDE,UNINCORPORATED,-116.75995635986328,33.920394897460938
91351413,2020,2020-11-23,9685,2020-01-03,0615,015027,,5,1,9,3300,0,1,3,,1,045,"STATE ROUTE 371","WILSON VALLEY RD",287.00,N,N,A,-,Y,,,371,,,,,,,Y,1,1,0,3,A,-,03,22350,,F,C,C,A,A,H,-,D,D,0,,,,,Y,,A,01,0,0,0,0,0,0,0,0,0,"- ","- ",33.484638214111328,-116.83448791503906,RIVERSIDE,UNINCORPORATED,-116.83451843261719,33.484695434570312
91352690,2020,2020-11-24,9685,2020-08-15,1335,016347,,6,1,9,3300,0,1,3,,1,045,"STATE ROUTE 371","BARBARA TRAIL",672.00,S,N,B,C,Y,,,371,,,,,,,Y,1,1,2,2,A,-,03,22350,,N,D,C,A,B,H,-,A,D,0,,,,,Y,,A,07,2,0,0,0,0,0,0,0,0,"- ","- ",33.499320983886719,-116.80776214599609,RIVERSIDE,UNINCORPORATED,-116.80776214599609,33.499374389648438
9135302,2020,2020-09-08,3300,2020-05-28,2024,5397,905F,4,5,4,3307,0,0,0,,0,092,"MAIN ST","FRANKLIN ST",0.00,,Y,A,-,N,,,,,,,,,,Y,2,0,1,2,A,-,01,23152,G,N,D,C,A,A,H,-,C,A,0,,,Y,,Y,Y,C,02,1,0,0,0,0,0,0,0,1,"- ","- ",33.672248840332031,-117.32623291015625,RIVERSIDE,"LAKE ELSINORE",-117.32662963867188,33.670700073242188
91353970,2020,2020-11-25,9630,2020-11-16,1128,015165,,1,1,9,3300,0,1,1,,2,020,"I-10 W/B","DATE PALM DRIVE",3168.00,W,N,A,-,Y,,,,,,,,,,Y,2,0,2,2,A,-,07,21658,A,N,C,C,A,A,H,-,A,D,0,,,,,Y,,A,01,1,0,1,0,0,0,0,0,0,"- ","- ",33.854518890380859,-116.46659851074219,RIVERSIDE,UNINCORPORATED,-116.46689605712891,33.854545593261719
91357033,2020,2020-12-02,9840,2020-11-23,1617,018281,,1,2,6,3315,0,1,3,,2,031,"SR-91 E/B","MCKINLEY ST",3170.00,W,N,A,-,Y,,,91,,,,,,E,N,2,0,1,2,A,-,03,22350,,N,C,C,A,A,H,-,A,D,0,,,Y,,Y,,C,02,1,0,0,0,0,0,0,0,1,"- ","- ",33.883880615234375,-117.52783203125,RIVERSIDE,CORONA,-117.52782440185547,33.883804321289062
91357246,2020,2020-12-02,9655,2020-11-26,0811,019462,,4,1,9,3300,0,1,3,,1,115,SR-243,SR-74,1848.00,N,N,A,-,Y,,,243,,,,,,,Y,2,0,1,2,A,-,05,21460,A,N,A,C,A,A,H,-,A,D,0,,,Y,,Y,,C,02,1,0,0,0,0,0,0,0,1,"- ","- ",33.708198547363281,-116.72589874267578,RIVERSIDE,UNINCORPORATED,-116.72590637207031,33.708221435546875
91358798,2020,2020-12-04,9840,2020-11-15,0159,021218,,7,3,7,3313,0,1,1,,2,022,"I-215 S/B TO COLUMBIA AVE","COLUMBIA AVE",521.00,N,N,A,-,Y,,,215,,,,R,,S,Y,2,0,2,1,A,-,01,23152,A,N,E,I,A,A,H,-,D,D,0,,,Y,,Y,Y,C,02,2,0,0,0,0,0,0,0,2,"- ","- ",34.002731323242188,-117.35131072998047,RIVERSIDE,RIVERSIDE,-117.35131072998047,34.002731323242188
91358858,2020,2020-12-04,9840,2020-11-29,1953,021096,,7,2,4,3344,0,1,3,,2,010,"SR-60 EB TO I-15 NB","MILLIKEN AVE.",1915.00,E,N,A,-,Y,,,60,,,,R,,E,Y,2,0,1,1,A,-,08,22107,,N,E,I,A,A,H,-,D,D,0,,,Y,,Y,,C,02,1,0,0,0,0,0,0,0,1,"- ","- ",34.021701812744141,-117.55239105224609,RIVERSIDE,EASTVALE,-117.55239105224609,34.021701812744141
91360554,2020,2020-12-07,9840,2020-11-27,2100,015663,,5,2,9,3300,0,1,3,,1,038,"SR-71 S/B",SR-91,2800.00,N,N,A,-,Y,,,71,,,,,,S,Y,2,0,2,3,A,-,08,22107,,N,D,C,A,A,H,-,C,D,0,,,,,Y,,A,01,1,0,1,0,0,0,0,0,0,"- ","- ",33.890289306640625,-117.64649200439453,RIVERSIDE,UNINCORPORATED,-117.646484375,33.890293121337891
91362146,2020,2020-12-09,9840,2020-11-28,1557,019566,,6,2,9,3300,0,3,5,,2,004,"OLD ELSINORE RD","MICHAEL RD",40.00,N,N,A,-,N,,,,,,,,,,Y,2,0,1,2,A,-,03,22350,,F,C,C,A,A,H,-,A,D,0,,,Y,,Y,,C,06,1,0,0,0,0,0,0,0,1,"- ","- ",33.810310363769531,-117.27838897705078,RIVERSIDE,UNINCORPORATED,-117.2783203125,33.810283660888672
91379121,2020,2021-01-01,9840,2020-12-17,1224,021194,,4,1,6,3315,0,1,3,,2,031,"SR-91 W/B","PROMENADE AVE",2112.00,W,N,A,-,Y,,,91,,,,,,W,Y,2,0,1,1,A,-,08,22107,,N,E,I,A,A,H,-,A,D,0,,,,,Y,,D,22,1,0,0,0,0,0,0,0,0,"- ","- ",33.883010864257812,-117.54363250732422,RIVERSIDE,CORONA,-117.54360198974609,33.882888793945312
91381347,2020,2021-01-05,9655,2020-12-19,2300,021008,,6,3,4,3301,0,1,1,,2,204,"INTERSTATE 10 WESTBOUND","HIGHLAND SPRINGS AVENUE",1584.00,E,N,A,-,Y,,,10,,,,,,W,Y,2,0,7,1,A,-,01,23152,A,N,E,I,A,A,D,H,D,D,0,,,,,Y,Y,A,07,2,3,2,0,0,0,0,0,0,"- ","- ",33.926528930664062,-116.93254852294922,RIVERSIDE,BANNING,-116.93255615234375,33.926471710205078
91388354,2021,2021-01-15,9840,2021-01-14,1555,019566,,4,2,6,3315,0,1,1,,2,034,"I-15 S/B","ONTARIO AVE",2150.00,N,N,A,-,Y,,,15,,,,,,S,Y,2,0,2,2,A,-,03,22350,,N,C,C,A,A,D,-,A,D,0,,,,,Y,,D,22,1,0,1,0,0,0,0,0,0,"- ","- ",33.851398468017578,-117.53479766845703,RIVERSIDE,CORONA,-117.53487396240234,33.85137939453125
91389476,2020,2021-01-18,9840,2020-11-01,1103,018949,,7,1,6,3315,0,1,3,,2,030,"SR-91 E/B","SERFAS CLUB DRIVE",5707.00,W,N,B,-,Y,,,91,,,,,,E,Y,1,1,1,2,A,-,03,22350,,N,B,C,A,A,H,-,A,D,0,,,Y,,Y,,C,02,1,0,0,0,0,0,0,1,1,"- ","- ",33.884288787841797,-117.63140869140625,RIVERSIDE,CORONA,-117.63135528564453,33.884574890136719
91389531,2020,2021-01-18,9840,2020-09-16,0750,014868,,3,1,9,3300,0,3,5,,2,002,"IOWA AVE","CENTER ST",138.00,N,N,A,-,N,,,,,,,,,,N,2,0,1,3,C,-,18,,,N,G,J,E,A,D,-,A,A,0,Y,,,,Y,,-,"- ",1,0,0,0,1,0,0,0,0,"- ","- ",34.016681671142578,-117.34030914306641,RIVERSIDE,UNINCORPORATED,-117.33995056152344,34.016086578369141
91391482,2020,2021-02-05,9685,2020-10-11,1255,015757,,7,1,9,3300,0,1,3,,1,045,"STATE ROUTE 371","WILSON VALLEY ROAD",1742.00,W,N,A,-,Y,,,,,,,,,,Y,1,1,2,2,A,-,01,23152,F,N,A,C,A,A,H,-,A,A,0,,,,,Y,,A,01,1,0,1,0,0,0,0,0,0,"- ","- ",33.483180999755859,-117.84087371826172,RIVERSIDE,UNINCORPORATED,-116.84075927734375,33.483150482177734
91391591,2020,2021-01-22,9685,2020-12-31,1140,017399,,4,1,9,3300,0,1,3,,1,045,SR-371,"CAREY ROAD",2682.00,S,N,A,-,Y,,,371,,,,,,,Y,2,0,2,2,A,-,09,21802,A,F,D,C,A,A,H,-,A,A,0,,,,,Y,,A,01,1,0,1,0,0,0,0,0,0,"- ","- ",33.541080474853516,-116.74411773681641,RIVERSIDE,UNINCORPORATED,-116.74412536621094,33.541133880615234
91392742,2021,2021-01-22,9685,2021-01-16,2012,14338,,6,2,5,3341,0,1,1,,2,020,"I-215 S/B","SCOTT ROAD",5280.00,N,N,A,-,Y,,,,,,,,,,Y,2,0,2,1,A,-,08,22107,,N,E,I,A,A,H,-,D,D,0,,,,,Y,,A,01,2,0,0,0,0,0,0,0,0,"- ","- ",33.393650054931641,-117.10276031494141,RIVERSIDE,MENIFEE,-117.17133331298828,33.655662536621094
91392913,2020,2021-04-30,9685,2020-12-21,2037,015027,,1,2,9,3300,0,1,1,,2,030,"N/B I-15","W. RAINBOW VALLEY BLVD",9504.00,N,N,A,-,Y,,,15,,,,,,,Y,1,1,0,1,A,-,01,23152,A,N,F,I,A,A,D,-,D,A,0,,,,,Y,,D,22,0,0,0,0,0,0,0,0,0,"- ","- ",33.455669403076172,-117.13568115234375,RIVERSIDE,UNINCORPORATED,-117.135498046875,33.455692291259766
91395522,2021,2021-01-28,9840,2021-01-21,0755,014916,,4,1,9,3300,0,3,5,,2,002,"IOWA AVE","VILLA AVE",454.00,N,N,A,-,N,,,,,,,,,,N,2,0,1,2,A,-,08,22107,,N,G,B,F,A,H,-,A,D,0,Y,,,,Y,,D,22,1,0,0,0,1,0,0,0,0,"- ","- ",34.014621734619141,-117.34005737304688,RIVERSIDE,UNINCORPORATED,-117.33994293212891,34.014472961425781