CASE_ID,ACCIDENT_YEAR,PROC_DATE,JURIS,COLLISION_DATE,COLLISION_TIME,OFFICER_ID,REPORTING_DISTRICT,DAY_OF_WEEK,CHP_SHIFT,POPULATION,CNTY_CITY_LOC,SPECIAL_COND,BEAT_TYPE,CHP_BEAT_TYPE,CITY_DIVISION_LAPD,CHP_BEAT_CLASS,BEAT_NUMBER,PRIMARY_RD,SECONDARY_RD,DISTANCE,DIRECTION,INTERSECTION,WEATHER_1,WEATHER_2,STATE_HWY_IND,CALTRANS_COUNTY,CALTRANS_DISTRICT,STATE_ROUTE,ROUTE_SUFFIX,POSTMILE_PREFIX,POSTMILE,LOCATION_TYPE,RAMP_INTERSECTION,SIDE_OF_HWY,TOW_AWAY,COLLISION_SEVERITY,NUMBER_KILLED,NUMBER_INJURED,PARTY_COUNT,PRIMARY_COLL_FACTOR,PCF_CODE_OF_VIOL,PCF_VIOL_CATEGORY,PCF_VIOLATION,PCF_VIOL_SUBSECTION,HIT_AND_RUN,TYPE_OF_COLLISION,MVIW,PED_ACTION,ROAD_SURFACE,ROAD_COND_1,ROAD_COND_2,LIGHTING,CONTROL_DEVICE,CHP_ROAD_TYPE,PEDESTRIAN_ACCIDENT,BICYCLE_ACCIDENT,MOTORCYCLE_ACCIDENT,TRUCK_ACCIDENT,NOT_PRIVATE_PROPERTY,ALCOHOL_INVOLVED,STWD_VEHTYPE_AT_FAULT,CHP_VEHTYPE_AT_FAULT,COUNT_SEVERE_INJ,COUNT_VISIBLE_INJ,COUNT_COMPLAINT_PAIN,COUNT_PED_KILLED,COUNT_PED_INJURED,COUNT_BICYCLIST_KILLED,COUNT_BICYCLIST_INJURED,COUNT_MC_KILLED,COUNT_MC_INJURED,PRIMARY_RAMP,SECONDARY_RAMP,LATITUDE,LONGITUDE,COUNTY,CITY,POINT_X,POINT_Y
92407857,2024,2024-06-06,9685,2024-06-01,2354,020704,,6,3,5,3335,0,1,3,,1,039,SR-79,"ANZA ROAD",730.00,E,N,A,-,Y,RIV,,79," "," ",14.403,H,,R,Y,2,0,2,2,A,-,01,23152,A,N,A,C,A,A,H,-,D,D,0,,,,,Y,Y,A,01,1,0,1,0,0,0,0,0,0,"- ","- ",33.488121032714844,-117.05328369140625,RIVERSIDE,TEMECULA,-117.05326843261719,33.488128662109375
92411606,2024,2024-06-11,9840,2024-05-18,1535,023574,,6,2,6,3394,0,1,1,,2,040,"I-215 N/B","ALESSANDRO BOULEVARD",2500.00,N,N,A,-,Y,RIV,,215," ",R,36.923,H,,R,Y,2,0,1,2,A,-,03,22350,,N,C,C,A,A,H,-,A,D,0,,,,,Y,,D,22,1,0,0,0,0,0,0,0,0,"- ","- ",33.9239501953125,-117.28855895996094,RIVERSIDE,"MORENO VALLEY",-117.28849029541016,33.9239501953125
92412790,2024,2024-06-12,9685,2024-06-01,2150,020637,,6,2,9,3300,0,3,5,,2,003,"MONTE DE ORO ROAD","DE PORTOLA ROAD",315.00,W,N,A,-,N,,,,,,,,,,Y,2,0,2,1,A,-,01,23152,A,N,F,A,A,A,H,-,D,D,0,,,Y,,Y,Y,C,06,1,1,0,0,0,0,0,0,2,"- ","- ",33.537109375,-117.01331329345703,RIVERSIDE,UNINCORPORATED,-117.01325988769531,33.537090301513672
92414261,2024,2024-06-13,9685,2024-06-06,1455,018041,,4,2,5,3335,0,1,3,,1,031,"I-15 NORTHBOUND","RAINBOW CANYON BLVD.",13200.00,N,N,A,-,Y,RIV,,15," ",R,2.365,H,,R,N,2,0,2,3,C,-,18,,,N,B,C,A,A,H,-,A,D,0,,,,,Y,,-,"- ",1,0,1,0,0,0,0,0,0,"- ","- ",33.465568542480469,-117.13616943359375,RIVERSIDE,TEMECULA,-117.13612365722656,33.465568542480469
92422281,2024,2024-07-12,9840,2024-06-10,2045,023501,,1,2,9,3300,0,3,5,,2,004,"ALESSANDRO BLVD","CAM DEL ORO",20.00,W,N,A,-,N,,,,,,,,,,N,1,1,1,2,A,-,11,21954,A,N,G,B,D,A,H,-,D,D,0,Y,,,,Y,,-,"- ",0,0,1,1,0,0,0,0,0,"- ","- ",33.916721343994141,-117.30084991455078,RIVERSIDE,UNINCORPORATED,,
92423072,2024,2024-06-25,9840,2024-04-09,"140 ",023114,,2,3,7,3313,0,1,1,,2,040,"I-215 S/B FROM VAN BUREN BOULEVARD","VAN BUREN BOULEVARD",300.00,S,N,A,-,Y,,,,,,,,,,Y,2,0,2,1,A,-,01,23152,A,F,F,A,A,A,H,-,D,A,0,,,,,Y,Y,D,22,1,0,1,0,0,0,0,0,0,"- ","- ",33.887290954589844,-117.27055358886719,RIVERSIDE,RIVERSIDE,-117.27007293701172,33.887630462646484
92426116,2024,2024-06-28,9685,2024-06-18,1320,015757,,2,1,9,3300,0,1,3,,1,039,SR-79,"ANZA RD",1742.00,N,N,A,-,Y,RIV,,79," "," ",14.883,H,,R,N,2,0,1,2,A,-,08,22107,,N,B,G,A,A,H,-,A,A,0,,Y,,,Y,,L,04,1,0,0,0,0,0,1,0,0,"- ","- ",33.490928649902344,-117.06050872802734,RIVERSIDE,UNINCORPORATED,-117.06051635742188,33.490943908691406
92427278,2024,2024-07-01,9630,2024-06-21,1542,023183,,5,2,9,3300,0,3,5,,2,502,"HARRISON ST","MIDDELTON ST",1584.00,N,N,A,-,N,,,,,,,,,,Y,2,0,1,1,A,-,01,23152,A,N,E,I,A,A,H,-,A,D,0,,,,,Y,Y,D,22,1,0,0,0,0,0,0,0,0,"- ","- ",33.565219879150391,-116.17669677734375,RIVERSIDE,UNINCORPORATED,-116.17803192138672,33.566318511962891
92432671,2023,2024-07-08,9840,2023-11-18,2313,021194,,6,3,9,3300,0,1,3,,2,025,"STATE ROUTE 60 WESTBOUND","GILMAN SPRINGS ROAD",1584.00,W,N,B,-,Y,RIV,,60," "," ",21.785,H,,L,Y,1,1,0,1,A,-,01,23152,A,N,F,A,A,A,H,-,D,D,0,,,,,Y,Y,A,07,0,0,0,0,0,0,0,0,0,"- ","- ",33.938140869140625,-117.13227844238281,RIVERSIDE,UNINCORPORATED,-117.13227081298828,33.93829345703125
92440886,2024,2024-07-16,9655,2024-07-02,2030,018905,,2,2,9,3300,0,3,5,,2,002,"NANCY AVE","ORCHARD ST",475.00,S,N,A,-,N,,,,,,,,,,N,2,0,1,1,A,-,03,22350,,N,E,J,A,A,H,-,D,D,0,,Y,,,Y,,M,91,1,0,0,0,0,0,1,0,0,"- ","- ",33.974639892578125,-116.98993682861328,RIVERSIDE,UNINCORPORATED,-116.98988342285156,33.97467041015625
9246236,2021,2021-04-09,3300,2021-01-26,2120,3343,002T2,2,5,6,3345,0,0,0,,0,024,"LIMONITE AV","SPECTRUM CENTER",0.00,,Y,A,-,N,,,,,,,,,,N,2,0,2,2,D,-,00,,,N,A,C,A,A,H,-,C,A,0,,,,,Y,,-,"- ",2,0,0,0,0,0,0,0,0,"- ","- ",,,RIVERSIDE,"JURUPA VALLEY",-117.46054077148438,33.977970123291016
9248047,2021,2021-04-12,3308,2021-02-16,1149,10470,507,2,5,5,3308,0,0,0,,0,NORTH,"MENLO AV","PALM AV",0.00,,Y,A,-,N,,,,,,,,,,Y,2,0,4,5,A,-,12,22450,A,N,D,C,A,A,H,-,A,A,0,,,,,Y,,A,08,1,0,3,0,0,0,0,0,0,"- ","- ",33.758399963378906,-116.98046112060547,RIVERSIDE,HEMET,-116.98046112060547,33.758388519287109
9248729,2021,2021-04-19,3308,2021-02-12,0130,10752,516,5,5,5,3308,0,0,0,,0,NORTH,"DEVONSHIRE AV","ALESSANDRO ST",25.00,W,N,A,-,N,,,,,,,,,,Y,2,0,1,1,A,-,03,22350,,N,E,I,A,A,H,-,D,D,0,,,,,Y,Y,A,07,1,0,0,0,0,0,0,0,0,"- ","- ",33.751129150390625,-116.97389984130859,RIVERSIDE,HEMET,-116.97395324707031,33.751140594482422
9248883,2021,2021-04-26,3313,2021-03-19,1925,1830,4,5,5,7,3313,0,0,0,,0,T41,"LINCOLN AV","WASHINGTON ST",0.00,,Y,A,-,N,,,,,,,,,,N,2,0,2,3,A,-,11,21954,A,N,G,B,B,A,H,-,B,A,0,Y,,,,Y,,N,60,1,0,1,0,2,0,0,0,0,"- ","- ",33.933311462402344,-117.39199066162109,RIVERSIDE,RIVERSIDE,-117.39186859130859,33.933204650878906
9256190,2021,2021-06-08,3309,2021-03-28,1143,443,3309,7,5,4,3309,0,0,0,,0,004,"AVENUE 48","IID POLE #1089011",5.00,W,N,A,-,N,,,,,,,,,,Y,1,1,0,3,A,-,01,23153,G,N,A,G,A,A,H,-,A,A,0,,Y,,,Y,Y,A,01,0,0,0,0,0,1,0,0,0,"- ","- ",,,RIVERSIDE,INDIO,,
9256266,2021,2023-06-17,3313,2021-04-17,1953,1489,1,6,5,7,3313,0,0,0,,0,T44,"MISSION INN AV","RIVERSIDE CO LINE",166.00,E,N,A,-,N,,,,,,,,,,Y,1,1,0,2,A,-,11,21954,A,F,G,B,E,A,H,-,C,D,0,Y,,,,Y,Y,N,60,0,0,0,1,0,0,0,0,0,"- ","- ",,,RIVERSIDE,RIVERSIDE,,
9256342,2020,2022-06-13,3315,2020-01-11,1045,1226,3F,6,5,6,3315,0,0,0,,0,001,"MAIN ST","5TH ST",0.00,,Y,A,-,N,,,,,,,,,,Y,1,1,0,2,A,-,09,21801,A,N,D,C,A,A,H,-,A,D,0,,,Y,,Y,,A,01,0,0,0,0,0,0,0,1,0,"- ","- ",33.876670837402344,-117.56732177734375,RIVERSIDE,CORONA,-117.56745910644531,33.876560211181641
9256344,2021,2023-06-17,3313,2021-03-05,0421,1815,2,5,5,7,3313,0,0,0,,0,1R25,"KANSAS AV","RANCHO DR",245.00,N,N,A,-,N,,,,,,,,,,Y,1,1,0,2,A,-,08,22107,,N,C,G,A,A,H,-,E,D,0,,Y,,,Y,,-,"- ",0,0,0,0,0,1,0,0,0,"- ","- ",,,RIVERSIDE,RIVERSIDE,-117.35722351074219,33.966690063476562
9256345,2021,2023-06-17,3313,2021-03-14,1940,0282,1,7,5,7,3313,0,0,0,,0,T48,"JURUPA AV","MAGNOLIA AV",184.00,E,N,B,-,N,,,,,,,,,,Y,1,1,0,1,A,-,08,22107,,N,E,I,A,A,H,-,C,D,0,,,,,Y,Y,D,22,0,0,0,0,0,0,0,0,0,"- ","- ",33.960910797119141,-117.39189147949219,RIVERSIDE,RIVERSIDE,-117.39117431640625,33.960941314697266
9256422,2021,2023-06-17,3313,2021-05-16,0208,1809,5,7,5,7,3313,0,0,0,,0,1R57,"INDIANA AV","RT 91",23.00,E,N,B,-,Y,RIV,8,91,-,-,17.756,R,4,E,Y,1,1,0,2,A,-,01,23152,B,N,C,D,A,A,H,-,C,A,0,,,Y,,Y,Y,D,22,0,0,0,0,0,0,0,1,0,"- ",EO,33.946361541748047,-117.38726806640625,RIVERSIDE,RIVERSIDE,-117.38966369628906,33.945571899414062
92601786,2024,2024-07-25,9630,2024-05-26,1530,022508,,7,2,9,3300,0,1,1,,2,302,"INTERSTATE 10 WESTBOUND","HAYFIELD ROAD",2640.00,E,N,A,-,Y,RIV,,10," ",R,90.918,H,,L,Y,1,1,1,1,A,-,08,22107,,N,E,I,A,A,H,-,A,D,0,,,,,Y,,D,22,0,1,0,0,0,0,0,0,0,"- ","- ",33.669479370117188,-115.64044189453125,RIVERSIDE,UNINCORPORATED,-115.64043426513672,33.669445037841797
9262898,2021,2021-05-14,3302,2021-04-06,1838,1088,,2,5,3,3302,0,0,0,,0,004,"OAK VALLEY PKWY","ELM AV",626.00,W,N,A,-,N,,,,,,,,,,Y,2,0,3,2,A,-,07,21658,A,N,A,C,A,A,H,-,A,D,0,,,,,Y,,A,01,2,1,0,0,0,0,0,0,0,"- ","- ",33.946510314941406,-116.98455810546875,RIVERSIDE,BEAUMONT,-116.98648071289062,33.946975708007812
9263436,2021,2021-06-08,3301,2021-02-02,0000,U291,28,2,5,4,3301,0,0,0,,0,002,"N SUNSET","MIDNIGHT CT",2509.00,S,N,A,-,N,,,,,,,,,,Y,2,0,1,1,B,-,22,,,N,F,I,A,A,H,-,A,D,0,,,,,Y,,D,22,1,0,0,0,0,0,0,0,0,"- ","- ",33.932491302490234,-116.91181182861328,RIVERSIDE,BANNING,-116.90929412841797,33.953594207763672
9266417,2021,2021-06-30,3309,2021-05-05,2306,2016,3309,3,5,4,3309,0,0,0,,0,001,"MONROE ST","MILES AV",0.00,,Y,A,-,N,,,,,,,,,,Y,2,0,1,2,A,-,12,21453,A,N,D,C,A,A,H,-,C,A,0,,,,,Y,,A,01,1,0,0,0,0,0,0,0,0,"- ","- ",,,RIVERSIDE,INDIO,-116.23377990722656,33.721954345703125
9273692,2021,2021-06-23,3309,2021-05-25,2304,2011,3309,2,5,4,3309,0,0,0,,0,004,"AVE 40","RUTGERS ST",48.00,E,N,A,-,N,,,,,,,,,,Y,2,0,1,1,A,-,08,22107,,N,E,I,A,A,H,-,C,A,0,,,,,Y,,A,01,1,0,0,0,0,0,0,0,0,"- ","- ",,,RIVERSIDE,INDIO,,
9276627,2021,2021-09-23,3313,2021-04-19,1006,581,1,1,5,7,3313,0,0,0,,0,M25,"UNIVERSITY AV","REDWOOD DR",62.00,E,N,A,-,N,,,,,,,,,,Y,2,0,1,2,A,-,03,22350,,N,C,C,A,A,H,-,A,D,0,,,,,Y,,J,49,1,0,0,0,0,0,0,0,0,"- ","- ",33.986530303955078,-117.38432312011719,RIVERSIDE,RIVERSIDE,-117.38409423828125,33.986351013183594
9284804,2021,2021-06-22,3313,2021-02-24,1956,0623,3,3,5,7,3313,0,0,0,,0,M10,"LURIN AV","COLE AV",280.00,E,N,A,-,N,,,,,,,,,,Y,2,0,1,2,A,-,08,22107,,F,C,C,A,A,H,-,D,D,0,,,,,Y,,-,99,1,0,0,0,0,0,0,0,0,"- ","- ",33.876361846923828,-117.32264709472656,RIVERSIDE,RIVERSIDE,-117.32170867919922,33.876483917236328
9291116,2021,2021-07-19,3300,2021-06-21,2025,5717,001D,1,5,6,3345,0,0,0,,0,016,"LIMONITE AV","CAMINO REAL",194.00,W,N,A,-,N,,,,,,,,,,N,2,0,1,2,A,-,10,21954,B,N,G,B,D,A,H,-,B,D,0,Y,,,,Y,,A,01,1,0,0,0,1,0,0,0,0,"- ","- ",33.976970672607422,-117.45110321044922,RIVERSIDE,"JURUPA VALLEY",-117.45237731933594,33.9786376953125
9294933,2021,2021-08-11,3313,2021-03-11,1601,1830,5,4,5,7,3313,0,0,0,,0,T41,"ROSE AV","GRAMERCY PL",600.00,N,N,A,-,N,,,,,,,,,,,2,0,1,1,A,-,03,22350,,N,E,I,A,A,H,-,A,D,0,,,Y,,Y,,C,02,1,0,0,0,0,0,0,0,1,"- ","- ",33.926689147949219,-117.49490356445312,RIVERSIDE,RIVERSIDE,-117.49573516845703,33.928295135498047
9295200,2021,2021-09-03,3309,2021-07-12,2330,282,3309,1,5,4,3309,0,0,0,,0,005,"AVE 40","BURR ST",0.00,E,N,A,-,N,,,,,,,,,,Y,2,0,3,2,A,-,22,23123,5,N,A,C,A,A,H,-,D,A,0,,,,,Y,,A,01,1,0,2,0,0,0,0,0,0,"- ","- ",,,RIVERSIDE,INDIO,-116.26033782958984,33.758350372314453
9298878,2021,2021-08-23,3309,2021-07-16,2348,332,3309,5,5,4,3309,0,0,0,,0,004,"MONROE ST","LIGHT POLE",84.00,N,N,A,-,N,,,,,,,,,,Y,2,0,2,5,A,-,11,21954,A,F,B,C,E,A,H,-,C,A,0,Y,,,,Y,,A,01,2,0,0,0,2,0,0,0,0,"- ","- ",,,RIVERSIDE,INDIO,,
9301825,2020,2021-09-30,3300,2020-07-28,0220,4097,002,2,5,6,3345,0,0,0,,0,022,"MISSION BL","RT 60",606.00,W,N,A,-,N,,,,,,,,,,N,1,1,0,1,A,-,03,22350,,N,E,I,A,A,H,-,D,D,0,,,,,Y,Y,A,01,0,0,0,0,0,0,0,0,0,"- ",WO,,,RIVERSIDE,"JURUPA VALLEY",-117.52989196777344,34.018886566162109
9303296,2021,2021-09-10,3301,2021-07-07,1756,U504,18,3,5,4,3301,0,0,0,,0,002,"WESTWARD AV","LOVELL ST",39.00,W,N,A,-,N,,,,,,,,,,Y,2,0,1,2,A,-,03,22350,,N,D,C,A,A,H,-,A,D,0,,,Y,,Y,,C,02,1,0,0,0,0,0,0,0,1,"- ","- ",33.917991638183594,-116.89650726318359,RIVERSIDE,BANNING,-116.89669799804688,33.917991638183594
9312213,2021,2021-09-08,3308,2021-07-10,0227,10514,524,6,5,5,3308,0,0,0,,0,NORTH,"CAWSTON AV","FLORIDA AV",127.00,N,N,A,-,Y,RIV,8,74,-,-,37.955,I,6,W,Y,2,0,1,1,A,-,08,22107,,N,E,I,A,A,H,-,C,A,0,,,,,Y,,A,01,1,0,0,0,0,0,0,0,0,"- ","- ",33.743400573730469,-117.01183319091797,RIVERSIDE,HEMET,-117.0152587890625,33.745265960693359
9319466,2021,2021-09-15,3302,2021-07-25,0917,1190,BEAUM,7,5,3,3302,0,0,0,,0,004,"CHAMPIONS DR","BAY HILL DR",0.00,,Y,A,-,N,,,,,,,,,,N,2,0,1,2,A,-,08,22107,,N,D,C,A,A,H,-,A,D,0,,,Y,,Y,,C,02,1,0,0,0,0,0,0,0,1,"- ","- ",33.953781127929688,-117.01805114746094,RIVERSIDE,BEAUMONT,-117.01805877685547,33.953750610351562
9320253,2021,2023-06-17,3300,2021-07-10,2239,5447,,6,5,4,3310,0,0,0,,0,,"HAMNER AV","5TH ST",0.00,,Y,A,-,N,,,,,,,,,,Y,1,1,0,2,A,-,11,21955,,N,G,B,D,A,H,-,D,D,0,Y,,,,Y,Y,N,60,0,0,0,1,0,0,0,0,0,"- ","- ",33.931179046630859,-117.55769348144531,RIVERSIDE,NORCO,-117.55778503417969,33.931144714355469
9320254,2021,2023-06-17,3313,2021-10-14,2235,1715,2,4,5,7,3313,0,0,0,,0,1R27,"UNIVERSITY AV","EUCALYPTUS AV",325.00,W,N,-,-,N,,,,,,,,,,Y,1,1,0,1,A,-,03,22350,,N,E,I,A,A,H,-,B,D,0,,,Y,,Y,Y,C,02,0,0,0,0,0,0,0,1,0,"- ","- ",33.974128723144531,-117.35932922363281,RIVERSIDE,RIVERSIDE,-117.36070251464844,33.975540161132812
9320729,2022,2022-05-24,3313,2022-02-15,1047,2030,4,2,5,7,3313,0,0,0,,0,2R45,"VAN BUREN BL","ARLINGTON AV",168.00,N,N,A,-,N,,,,,,,,,,Y,1,1,0,2,A,-,11,21956,A,N,G,B,D,A,H,-,A,D,0,Y,,,,Y,,N,60,0,0,0,1,0,0,0,0,0,"- ","- ",33.945228576660156,-117.4541015625,RIVERSIDE,RIVERSIDE,-117.45401763916016,33.946201324462891
9320731,2022,2022-05-24,3313,2022-03-01,2129,1460,1,2,5,7,3313,0,0,0,,0,3R18,"MAIN ST","POPLAR ST",450.00,N,N,-,-,N,,,,,,,,,,N,1,1,0,2,A,-,05,21650,,F,H,G,A,A,H,-,C,D,0,,Y,,,Y,,L,04,0,0,0,0,0,1,0,0,0,"- ","- ",33.991878509521484,-117.36776733398438,RIVERSIDE,RIVERSIDE,-117.36703491210938,33.993015289306641
9320817,2022,2022-07-06,3313,2022-02-06,0458,1818,4,7,5,7,3313,0,0,0,,0,1R49,"VAN BUREN BL","CHALLEN AV",440.00,N,N,A,-,N,,,,,,,,,,Y,1,1,0,1,A,-,08,22107,,N,E,J,A,A,H,-,C,D,0,,,,,Y,,A,01,0,0,0,0,0,0,0,0,0,"- ","- ",33.929031372070312,-117.45359039306641,RIVERSIDE,RIVERSIDE,-117.45410919189453,33.930015563964844
9320832,2021,2023-06-17,3309,2021-08-21,2057,443,3309,6,5,4,3309,0,0,0,,0,002,"DILLON RD","BRACK RD",239.00,S,N,A,-,N,,,,,,,,,,Y,1,1,3,2,A,-,03,22348,B,N,D,C,A,A,H,-,C,A,0,,,,,Y,Y,A,01,3,0,0,0,0,0,0,0,0,"- ","- ",,,RIVERSIDE,INDIO,-116.16414642333984,33.746952056884766
9320843,2021,2022-07-12,3309,2021-10-17,1409,332,3309,7,5,4,3309,0,0,0,,0,004,"MONROE ST","AVE 51",91.00,N,N,A,-,N,,,,,,,,,,Y,1,1,0,2,A,-,08,22107,,N,G,B,E,A,H,-,A,A,0,Y,,Y,,Y,,C,06,0,0,0,1,0,0,0,0,0,"- ","- ",,,RIVERSIDE,INDIO,-116.23390960693359,33.678440093994141
9321076,2022,2022-08-05,3313,2022-04-18,2015,1384,5,1,5,7,3313,0,0,0,,0,M17,"TYLER ST","WELLS AV",0.00,,Y,A,-,N,,,,,,,,,,Y,1,1,0,2,A,-,12,21453,A,N,D,C,A,A,H,-,C,A,0,,,Y,,Y,,C,03,0,0,0,0,0,0,0,1,0,"- ","- ",33.927688598632812,-117.47457885742188,RIVERSIDE,RIVERSIDE,-117.47422027587891,33.928081512451172
9324613,2021,2021-09-21,3313,2021-06-20,2125,1939,1,7,5,7,3313,0,0,0,,0,3R16,"MARKET ST","FAIRMOUNT BL",282.00,N,N,A,-,N,,,,,,,,,,,2,0,1,1,A,-,08,22107,,N,E,I,A,A,H,-,C,A,0,,,,,Y,,A,01,1,0,0,0,0,0,0,0,0,"- ","- ",33.996818542480469,-117.37042236328125,RIVERSIDE,RIVERSIDE,-117.37099456787109,33.997524261474609
9339048,2021,2021-10-19,3313,2021-09-20,1919,1875,4,1,5,7,3313,0,0,0,,0,3R46,"INDIANA AV","MOTOR CIRCLE DR",156.00,N,N,A,-,N,,,,,,,,,,,2,0,1,2,A,-,08,22102,,N,D,C,A,A,H,-,C,D,0,,,Y,,Y,,A,01,1,0,0,0,0,0,0,0,1,"- ","- ",33.928791046142578,-117.41515350341797,RIVERSIDE,RIVERSIDE,-117.41690063476562,33.928092956542969
9340283,2021,2022-02-02,3313,2021-09-16,1054,1537,5,4,5,7,3313,0,0,0,,0,M16,"LA SIERRA AV","CLARKSDALE DR",0.00,,Y,A,-,N,,,,,,,,,,N,2,0,5,4,A,-,09,21804,A,N,D,C,A,A,H,-,A,D,0,,,,,Y,,I,11,1,2,2,0,0,0,0,0,0,"- ","- ",33.913581848144531,-117.48465728759766,RIVERSIDE,RIVERSIDE,-117.48465728759766,33.913684844970703
9348554,2020,2021-11-05,3302,2020-11-19,1825,778,3302,4,5,3,3302,0,0,0,,0,002,"6TH ST","CHESTNUT AV",0.00,,Y,A,-,N,,,,,,,,,,N,2,0,1,2,A,-,11,21954,A,F,G,B,D,A,H,-,D,D,0,Y,,,,Y,,N,60,1,0,0,0,1,0,0,0,0,"- ","- ",33.929740905761719,-116.97026824951172,RIVERSIDE,BEAUMONT,-116.97023010253906,33.929401397705078
9350888,2021,2021-11-29,3313,2021-10-09,0239,1809,4,6,5,7,3313,0,0,0,,0,1R47,"VAN BUREN BL","CALIFORNIA AV",280.00,N,N,B,-,N,,,,,,,,,,N,2,0,1,2,A,-,11,21954,A,N,G,B,D,A,H,-,C,A,0,Y,,,,Y,,N,60,1,0,0,0,1,0,0,0,0,"- ","- ",33.926658630371094,-117.45171356201172,RIVERSIDE,RIVERSIDE,-117.4522705078125,33.927200317382812
9364797,2021,2021-12-10,3313,2021-10-03,0142,1889,5,7,5,7,3313,0,0,0,,0,,"MAGNOLIA AV","TYLER ST",484.00,E,N,A,-,N,,,,,,,,,,Y,2,0,1,2,D,-,00,,,N,A,C,A,A,H,-,A,A,0,,,,,Y,,-,"- ",1,0,0,0,0,0,0,0,0,"- ","- ",33.911430358886719,-117.46199798583984,RIVERSIDE,RIVERSIDE,-117.46022033691406,33.912689208984375
9365015,2021,2021-12-29,3313,2021-11-26,1141,1222,4,5,5,7,3313,0,0,0,,0,M36,"CALIFORNIA AV","KINGSBURY PL",0.00,,Y,A,-,N,,,,,,,,,,Y,2,0,2,3,A,-,09,21802,A,N,D,C,A,A,H,-,A,A,0,,,Y,,Y,,A,01,1,1,0,0,0,0,0,0,1,"- ","- ",33.928989410400391,-117.447509765625,RIVERSIDE,RIVERSIDE,-117.44753265380859,33.928947448730469
9372290,2021,2021-11-29,3313,2021-09-27,1901,1523,5,1,5,7,3313,0,0,0,,0,M22,"MAGNOLIA AV","TYLER ST",2.00,W,N,A,-,N,,,,,,,,,,N,2,0,1,2,A,-,11,21950,B,N,G,B,D,A,H,-,C,A,0,Y,,,,Y,,N,60,1,0,0,0,1,0,0,0,0,"- ","- ",,,RIVERSIDE,RIVERSIDE,-117.4615478515625,33.911945343017578
9372433,2021,2021-12-14,3313,2021-10-31,0419,1951,2,7,5,7,3313,0,0,0,,0,1R27,"SPRUCE ST","KANSAS AV",325.00,W,N,A,-,N,,,,,,,,,,Y,2,0,3,2,D,-,00,,,N,D,C,A,A,H,-,C,A,0,,,,,Y,,-,"- ",1,0,2,0,0,0,0,0,0,"- ","- ",33.990070343017578,-117.35720062255859,RIVERSIDE,RIVERSIDE,-117.35818481445312,33.990596771240234
93768351,2024,2024-08-07,9685,2024-07-29,2250,019897,,1,3,9,3300,0,1,3,,1,040,"SR-79 WESTBOUND","SAGE ROAD",3696.00,E,N,A,-,Y,RIV,,79," "," ",5.118,H,,L,Y,2,0,3,1,A,-,01,23152,A,N,E,8,A,A,H,-,D,D,0,,,,,Y,Y,A,01,1,0,2,0,0,0,0,0,0,"- ","- ",33.459609985351562,-116.90383148193359,RIVERSIDE,UNINCORPORATED,-116.90388488769531,33.459484100341797
9393378,2021,2022-01-24,3313,2021-12-18,1357,1830,5,6,5,7,3313,0,0,0,,0,T41,"LA SIERRA AV","WHITFORD AV",60.00,S,N,A,-,N,,,,,,,,,,Y,2,0,1,2,A,-,09,21802,A,N,D,C,A,A,H,-,A,D,0,,,,,Y,,A,01,1,0,0,0,0,0,0,0,0,"- ","- ",33.917831420898438,-117.4884033203125,RIVERSIDE,RIVERSIDE,-117.48775482177734,33.917778015136719
9399288,2021,2022-02-17,3309,2021-12-22,0628,443,3309,3,5,4,3309,0,0,0,,0,002,"JACKSON ST","SHOWCASE PKWY",1158.00,S,N,A,-,N,,,,,,,,,,Y,2,0,1,2,A,-,09,21801,A,N,D,C,A,A,H,-,C,A,0,,,,Y,Y,,F,55,1,0,0,0,0,0,0,0,0,"- ","- ",,,RIVERSIDE,INDIO,-116.21657562255859,33.738948822021484
9413065,2021,2022-03-04,3313,2021-11-20,1906,1489,4,6,5,7,3313,0,0,0,,0,T44,"ARLINGTON AV","ADAMS ST",0.00,E,N,A,-,N,,,,,,,,,,N,2,0,2,1,A,-,03,22350,,N,E,I,A,A,H,-,C,A,0,,,,,Y,,A,01,1,0,1,0,0,0,0,0,0,"- ","- ",33.945178985595703,-117.43498992919922,RIVERSIDE,RIVERSIDE,-117.43463134765625,33.945949554443359
9415539,2022,2022-03-07,3313,2022-01-07,1737,2047,5,5,5,7,3313,0,0,0,,0,T70,"MAGNOLIA AV","HARRISON ST",162.00,E,N,A,-,N,,,,,,,,,,N,2,0,1,2,A,-,11,21954,A,N,G,B,D,A,H,-,C,D,0,Y,,,,Y,,N,60,1,0,0,0,1,0,0,0,0,"- ","- ",33.916229248046875,-117.45416259765625,RIVERSIDE,RIVERSIDE,-117.45359039306641,33.91644287109375
9421551,2022,2022-03-25,3313,2022-01-22,0301,1809,4,6,5,7,3313,0,0,0,,0,1R47,"CALIFORNIA AV","ARLINGTON AV",30.00,S,N,A,-,N,,,,,,,,,,Y,2,0,1,1,A,-,08,22107,,N,E,J,A,A,H,-,C,D,0,,,,,Y,,A,01,1,0,0,0,0,0,0,0,0,"- ","- ",33.946388244628906,-117.41737365722656,RIVERSIDE,RIVERSIDE,-117.41847991943359,33.945980072021484